hashtag,number_of_users_who_used_it,is_already_in_any_persona
#graz,42,
#austria,31,
#,29,
#summer,27,
#igersgraz,22,
#love,20,
#summervibes,19,
#steiermark,17,
#photography,16,X
#travel,15,
#nature,15,X
#igersaustria,15,
#styria,15,
#vegan,15,
#vienna,14,
#startup,14,
#fun,13,
#vacation,12,
#friends,12,X
#weekend,12,
#yummy,12,
#sun,11,
#holiday,11,
#happy,11,
#flowers,11,
#art,11,X
#wien,11,
#foodporn,11,
#fashion,11,
#gewinnspiel,11,
#photooftheday,10,
#instagood,10,
#family,10,X
#natur,10,
#inspiration,10,
#coffee,10,
#throwback,10,
#food,10,X
#drinks,10,
#icetea,10,
#foodlover,10,
#österreich,10,
#beautiful,9,
#hiking,9,
#vacationmode,9,
#happiness,9,
#holidays,9,
#party,9,X
#breakfast,9,
#healthyfood,9,
#supportyourlocal,9,
#lecker,9,
#croatia,8,
#tb,8,
#sunset,8,
#italy,8,
#sunday,8,
#weekendvibes,8,
#music,8,X
#goodvibes,8,
#relax,8,
#sommer,8,
#visitaustria,8,
#wandern,8,
#organic,8,
#win,8,
#nachhaltig,8,
#summertime,8,
#lockdown,8,
#veganfood,8,
#tasty,8,
#style,8,
#spring,8,
#qualitytime,8,
#sea,7,
#mountains,7,
#motivation,7,
#healthy,7,X
#cocktail,7,
#regional,7,
#nachhaltigkeit,7,
#austrianblogger,7,
#shooting,7,
#muttertag,7,
#wanderlust,7,
#covid19,7,
#genuss,7,
#frühling,7,
#home,6,
#happyme,6,X
#tea,6,
#travelphotography,6,
#greece,6,
#sunshine,6,
#happyweekend,6,
#friday,6,
#tbt,6,
#schlossberg,6,
#stayhealthy,6,
#naturelovers,6,
#marryicetea,6,
#winter,6,
#winterwonderland,6,
#adventure,6,
#friendship,6,
#burger,6,
#goodmorning,6,
#naturephotography,6,
#drink,6,
#cheers,6,
#coffeelover,6,
#frühstück,6,
#berries,6,
#sunrise,6,
#ostern,6,
#local,6,X
#friendshipgoals,6,
#happyday,6,
#igersvienna,6,
#vegetarisch,6,
#eistee,6,
#cute,6,
#cooking,6,X
#wochenende,6,
#visitgraz,6,
#fresh,6,
#verrücktnachmarry,6,
#relaxing,6,
#mood,6,
#sunglasses,5,
#nice,5,
#view,5,
#happynewyear,5,
#memories,5,
#valentinesday,5,
#explore,5,
#travelgram,5,
#roadtrip,5,
#weekendmood,5,
#mindset,5,
#weihnachten,5,
#business,5,
#healthylifestyle,5,
#werbung,5,
#citylife,5,
#sunnyday,5,
#adventuretime,5,
#foodlovers,5,
#genießen,5,
#coffeetime,5,
#merrychristmas,5,
#enjoy,5,
#christmas,5,
#cocktails,5,
#drinkstagram,5,
#foodblogger,5,X
#cake,5,
#supportsmallbusiness,5,
#madeinaustria,5,
#pizza,5,
#giveaway,5,
#salzburg,5,
#flowerpower,5,
#outdoor,5,
#liebe,5,
#freude,5,
#summer2021,5,
#stadtgraz,5,
#interview,5,
#foodphotography,5,
#bio,5,
#artwork,5,
#picoftheday,5,
#awesome,5,
#photoshoot,5,
#newyear,5,
#goals,5,
#streetstyle,5,
#ootd,5,
#2min2mio,5,
#2021,5,
#instafood,5,
#kochen,5,
#foodie,5,
#restaurant,5,
#lifestyle,5,
#erfrischung,5,
#shopping,5,
#Gewinnspiel,5,
#familytime,5,X
#sightseeing,5,
#kaffee,5,
#venice,4,
#cat,4,
#stayhome,4,
#animals,4,
#life,4,
#beach,4,
#smile,4,
#happysunday,4,
#homeoffice,4,
#goodtimes,4,
#networking,4,
#musicvideo,4,
#cheersrost,4,
#hikingadventures,4,
#sweet,4,
#beer,4,
#gin,4,
#xmas,4,
#geschenke,4,
#sonnenuntergang,4,
#catsofinstagram,4,
#banana,4,
#snack,4,
#break,4,
#pumpkin,4,
#landscape,4,
#bbq,4,
#handmade,4,X
#fruits,4,
#klagenfurt,4,
#falstaff,4,
#birthday,4,
#outdooradventures,4,
#sundowner,4,
#mut,4,
#podcast,4,
#strongwomen,4,
#gastronomie,4,
#zerowaste,4,
#blogger,4,
#bloggerat,4,
#winelover,4,
#fotografie,4,
#dessert,4,
#ferien,4,
#grazaustria,4,
#bowl,4,
#konditorei,4,
#brot,4,
#ingwer,4,
#new,4,
#herbst,4,
#plantbased,4,
#wein,4,
#staytuned,4,
#energy,4,
#wedding,4,
#portrait,4,
#portraitphotography,4,
#beauty,4,
#bhfyp,4,
#quoteoftheday,4,
#goldenhour,4,
#summeroutfit,4,
#businesswoman,4,
#hochdiehändewochenende,4,
#womensday,4,
#running,4,
#repost,4,
#hotel,4,
#nofilter,4,
#homemade,4,
#essen,4,
#selfie,4,
#rezepte,4,
#delicious,4,
#corona,4,
#veggie,4,
#share,4,
#team,4,
#erfrischend,4,
#trinken,4,
#urlaub,4,
#selfmade,4,
#refresh,4,
#durstlöscher,4,
#enjoylife,4,
#reopening,4,
#ginger,4,
#localbusiness,4,
#quotes,4,
#photoshooting,4,
#valentinstag,4,
#urban,4,
#startuplife,4,
#paradise,4,
#brunch,4,
#cafefotter,4,
#linz,4,
#halloween2020,4,
#snow,3,
#pool,3,
#spielberg,3,
#best,3,
#nye,3,
#blacklivesmatter,3,
#blackouttuesday,3,
#vitaminsea,3,
#inlove,3,
#nurheute,3,
#instadaily,3,
#igers,3,
#happygirl,3,
#springvibes,3,
#autumn,3,
#mondaymotivation,3,
#diy,3,
#office,3,
#christmastime,3,
#2k19,3,
#cold,3,
#sofree,3,
#traveling,3,X
#presents,3,
#tomaten,3,
#exploretheworld,3,
#loveyourself,3,
#italien,3,
#sommerzeit,3,
#chocolate,3,
#breakfasttime,3,
#breakfastclub,3,
#teatime,3,
#essenmachtglücklich,3,
#bar,3,
#alcohol,3,
#halloween,3,
#nosugar,3,
#tradition,3,
#wood,3,
#matcha,3,
#like,3,
#health,3,
#tee,3,
#chili,3,
#kärnten,3,
#grillen,3,
#magazin,3,
#magazine,3,
#news,3,
#icecream,3,
#wednesday,3,
#girls,3,
#vacay,3,
#monday,3,
#pasta,3,
#split,3,
#birthdaygirl,3,
#achtsamkeit,3,
#meditation,3,
#selbstliebe,3,
#internationalwomensday,3,
#girlpower,3,
#frühstückingraz,3,
#igergraz,3,
#gesund,3,
#nutrition,3,
#backen,3,X
#schokolade,3,
#kuchen,3,
#grazerblogger,3,
#mahlzeit,3,
#torte,3,
#backenmitliebe,3,
#nachspeise,3,
#reels,3,
#erdbeeren,3,
#curry,3,
#asianfood,3,
#pictureoftheday,3,
#kochenmitliebe,3,
#esseningraz,3,
#brotbacken,3,
#innovation,3,
#entspannung,3,
#sport,3,
#plastikfrei,3,
#nachhaltigleben,3,
#stayhydrated,3,
#gemüse,3,
#glutenfrei,3,
#newdrink,3,
#lernen,3,
#sundayvibes,3,
#picture,3,
#loveit,3,
#couple,3,
#blackandwhite,3,
#happyhalloween,3,
#sushi,3,
#sushitime,3,
#celebration,3,X
#outfit,3,
#fashionblogger,3,
#grateful,3,
#fashionlover,3,
#traveltheworld,3,
#fashionista,3,
#fashionphotography,3,
#viennablogger,3,
#keepsmiling,3,
#yoga,3,
#veganbreakfast,3,
#teamwork,3,
#workhard,3,
#Repost,3,
#review,3,
#cool,3,
#marry,3,
#startups,3,
#mountain,3,
#instagram,3,
#nofilterneeded,3,
#lunch,3,
#insta,3,
#memes,3,X
#raspberry,3,
#takeaway,3,
#interiordesign,3,
#design,3,X
#kids,3,
#herz,3,
#fleisch,3,
#streetfood,3,
#challenge,3,
#gastro,3,
#challengeaccepted,3,
#wine,3,
#icedtea,3,
#freitag,3,
#teeliebe,3,
#getränke,3,
#montag,3,
#mate,3,
#lemon,3,
#international,3,
#berlin,3,
#frisch,3,
#outfitoftheday,3,
#carinthia,3,
#italia,3,
#prost,3,
#afterwork,3,
#dog,3,X
#startupscenegraz,3,
#vollfein,3,
#localbrand,3,
#refreshing,3,
#startupspritzer,3,
#highheels,3,
#auszeit,3,
#vote,3,
#proud,3,
#snapshot,3,
#wienliebe,3,
#holidaymood,3,
#igersstyria,3,
#water,3,
#whatveganseat,3,
#mothersday,3,
#sonne,3,
#sonntag,3,
#entspannen,3,
#fotoshooting,3,
#naturelover,3,
#ocean,3,
#naturelove,3,
#gastgarten,3,
#oberösterreich,3,
#feiern,3,
#summerfeeling,3,
#abkühlung,3,
#swimming,3,
#beverage,3,
#summerinthecity,3,
#donau,3,
#Graz,3,
#adventuretravel,3,
#yellowheels,3,
#weather,2,
#kroatien,2,
#great,2,
#wow,2,
#bay,2,
#green,2,
#skiing,2,
#tennis,2,
#history,2,
#amazing,2,
#happyplace,2,
#dream,2,
#india,2,
#philippines,2,
#australia,2,
#girlstrip,2,
#krk,2,
#sunflower,2,
#sundayfunday,2,
#sunnydays,2,
#verrucktnachmarry,2,
#rooftopparty,2,
#oldtown,2,
#kumberg,2,
#schöckl,2,
#musik,2,
#nacht,2,
#concert,2,
#gmunden,2,
#rain,2,
#bestteam,2,
#ameizing,2,
#events,2,
#pride,2,
#loveislove,2,
#artist,2,
#sports,2,X
#winzer,2,
#productdesign,2,
#iphone,2,
#studio,2,
#greenscreen,2,
#onset,2,
#creative,2,
#shoot,2,
#sofresh,2,
#catlover,2,
#awareness,2,
#carlover,2,
#vibe,2,
#vibes,2,
#lend,2,
#babyitscoldoutside,2,
#cargirl,2,
#summerbody,2,
#breathtakingviews,2,
#newfamilymember,2,
#bmw,2,
#luxury,2,
#austin,2,
#dowhatyoulove,2,
#supporteachother,2,
#brand,2,
#growth,2,
#christmastree,2,
#glitter,2,
#newchapter,2,
#colours,2,
#nextlevel,2,
#achieverofunrealisticshit,2,
#beerporn,2,
#chef,2,
#gönnung,2,
#naturpur,2,
#beachday,2,
#mare,2,
#dresden,2,
#dreamcametrue,2,
#visitstyria,2,
#sonntagsausflug,2,
#speechless,2,
#bucketlist,2,
#surprise,2,
#breakfastgoals,2,
#frühstücksliebe,2,
#flowergram,2,
#chailatte,2,
#clouds,2,
#beautifulnature,2,
#cocktailbar,2,
#bartenderlife,2,
#liquor,2,
#köstlichkeiten,2,
#mixology,2,
#protein,2,
#cookies,2,
#hotchocolate,2,
#salami,2,
#deliciousfood,2,
#forest,2,
#snacks,2,
#chai,2,
#instadrink,2,
#japan,2,
#detox,2,
#milktea,2,
#cider,2,
#applecider,2,
#apple,2,
#cidergram,2,
#yummi,2,
#hotsauce,2,
#allnatural,2,
#newproduct,2,
#tomshotstuff,2,
#handcrafted,2,
#klagenfurtamwörthersee,2,
#doityourself,2,
#spicy,2,
#merch,2,
#merchandise,2,
#easter,2,
#collab,2,
#limitededition,2,
#handmadewithlove,2,
#onlineshopping,2,
#pizzateig,2,
#regionaleprodukte,2,
#supportlocal,2,
#winwinwin,2,
#geburtstag,2,
#plants,2,
#gewinnen,2,
#verlosung,2,
#regionaleinkaufen,2,
#genussmomente,2,
#anniversary,2,
#seafood,2,
#hrvatska,2,
#hvar,2,
#sunny,2,
#vacationtime,2,
#fridaymood,2,
#mondaymood,2,
#vacationvibes,2,
#ship,2,
#bosnia,2,
#bookstagram,2,
#horse,2,
#sourdough,2,
#easyrecipes,2,
#cheesecake,2,
#grazfoodguide,2,
#burrata,2,
#barefoot,2,
#collaboration,2,
#meow,2,
#2017,2,
#sertanejo,2,
#valentine,2,
#london,2,
#bibione,2,
#bewusstsein,2,
#lebensfreude,2,
#wahrheitleben,2,
#vision,2,
#berufung,2,
#ehrlichkeit,2,
#klarheit,2,
#zitamartus,2,
#herzensweg,2,
#wahrheit,2,
#coaching,2,
#bewusstheit,2,
#glaubandich,2,
#selbstbewusstsein,2,
#dubistwertvoll,2,
#soundhorn,2,
#folgedeinemherzen,2,
#freiheit,2,
#autorin,2,
#herzensfreude,2,
#selbstständig,2,
#empowerment,2,
#gründer,2,
#igerswien,2,
#bosslady,2,
#femaleempowerment,2,
#karriere,2,
#strongertogether,2,
#frauentag,2,
#internationalerfrauentag,2,
#women,2,
#womenempowerment,2,
#equality,2,
#womeninbusiness,2,
#feminism,2,
#feminismus,2,
#femalefounders,2,
#podcasting,2,
#lebensmittelretten,2,
#gründerin,2,
#fairtrade,2,
#diesteirerin,2,
#igerslinz,2,
#reiseblogger,2,
#melanzani,2,
#aubergine,2,
#einfachkochen,2,
#garten,2,
#foodblog,2,
#chocolatecake,2,
#backenmachtglücklich,2,X
#patisserie,2,
#grazfood,2,
#gesunderezepte,2,
#soulfood,2,
#vegetarian,2,
#grazblogger,2,X
#backenistliebe,2,
#droetker,2,
#urlaubsfeeling,2,
#hunger,2,
#zuckerfrei,2,
#sugarfree,2,
#visitcarinthia,2,
#mexico,2,
#rezeptideen,2,
#zerowastekitchen,2,
#bewusstessen,2,
#veganlife,2,
#lavendel,2,
#tarte,2,
#gebäck,2,
#kuchenliebe,2,
#veggiefood,2,
#italianfood,2,
#polenta,2,
#kürbis,2,
#ahornsirup,2,
#veganlifestyle,2,
#einbisschenspaßmusssein,2,
#sustainable,2,
#sommerdrink,2,
#erfrischungsgetränk,2,
#koffein,2,
#guarana,2,
#gesundheit,2,
#regeneration,2,
#recover,2,
#fitness,2,
#eis,2,
#germany,2,
#hanf,2,
#apfel,2,
#hamburg,2,
#mango,2,
#erdbeere,2,
#zuckerreduziert,2,
#apfelwein,2,
#neuimregal,2,
#ananas,2,
#cassis,2,
#summerdrink,2,
#antipasti,2,
#kombucha,2,
#pflanzlich,2,
#wachmacher,2,
#abnehmen,2,
#frucht,2,
#thinkpink,2,
#couplegoals,2,
#perfectmatch,2,
#frenchbulldog,2,
#magicmoment,2,
#perfectday,2,
#greatpeople,2,
#lendplatz,2,
#interior,2,
#oldbutgold,2,
#familygoals,2,
#zeitunglesen,2,
#foodquotes,2,
#sushiforlife,2,
#asiatisch,2,
#mongolianbbq,2,
#silvester,2,
#newyearseve,2,
#eatclean,2,
#buffet,2,
#newyears,2,
#newyearsparty,2,
#newyearsday,2,
#celebrate,2,
#jan,2,
#dec,2,
#newyearsresolution,2,
#hello,2,
#bye,2,
#newyearscelebration,2,
#fireworks,2,
#teppanyaki,2,
#essenszitat,2,
#asianfoodforlife,2,
#geschenk,2,
#mirrorselfie,2,
#discoverunder5k,2,
#bloggerde,2,
#summerdress,2,
#dressup,2,
#france,2,
#travelling,2,
#fashiongram,2,
#selflove,2,
#fashionstyle,2,
#ootdfashion,2,
#fashioninspo,2,
#styleinspo,2,
#nakdfashion,2,
#socialmediamarketing,2,
#outfitinspiration,2,
#womenpower,2,
#travelblogger,2,
#exploremore,2,
#lookoftheday,2,
#activewear,2,
#florence,2,
#discoverunder10k,2,
#creativemind,2,
#kooperation,2,
#eatinghealthy,2,
#workout,2,
#gelato,2,
#carlovers,2,
#nike,2,
#outdoorphotography,2,
#mountainview,2,
#feedback,2,
#abenteuer,2,
#steigauf,2,
#bergwelten,2,
#schweiz,2,
#blumenwiese,2,
#future,2,
#bridge,2,
#service,2,
#tellers,2,
#beats,2,
#schnappschuss,2,
#foto,2,
#genial,2,
#foodies,2,
#brotliebe,2,
#selbstgemacht,2,
#foodstagram,2,
#photo,2,
#shots,2,
#followme,2,
#likeforlikes,2,
#lgbt,2,
#lgbtq,2,
#video,2,
#foodiesofinstagram,2,
#ringana,2,
#vanille,2,
#desserts,2,
#deko,2,
#asiahouse,2,
#Lockdown,2,
#update,2,
#vöcklabruck,2,
#finally,2,
#froheweihnachten,2,
#fotoderwochegraz,2,
#buylocal,2,
#diestadtmeineslebens,2,
#mode,2,
#murinsel,2,
#feierabend,2,
#rezept,2,
#dose,2,
#kunst,2,
#competition,2,
#küche,2,
#job,2,
#milch,2,
#holunder,2,
#bestfood,2,
#hotellerie,2,
#vino,2,
#blog,2,
#notjustapearlchallenge,2,
#teamspirit,2,
#placetobe,2,
#reading,2,
#taste,2,
#foodmarket,2,
#mutigdiewelterobern,2,
#selbstwert,2,
#singen,2,
#cherry,2,
#blackberries,2,
#strudel,2,
#tealover,2,
#fruchtig,2,
#fruity,2,
#beeren,2,
#rooibos,2,
#rotbusch,2,
#schwarztee,2,
#blacktea,2,
#probieren,2,
#zitrone,2,
#wasser,2,
#pure,2,
#niederlande,2,
#tester,2,
#minze,2,
#netherlands,2,
#wochenstart,2,
#hitze,2,
#milk,2,
#tasting,2,
#bingoqueen,2,
#kingofthebingo,2,
#quarantäne,2,
#musikbingo,2,
#bingo,2,
#band,2,
#game,2,
#sommeringraz,2,
#bingosounds,2,
#livekonzert,2,
#girl,2,
#classy,2,
#accessories,2,
#flowerbouquet,2,
#tulips,2,
#fromwhereistand,2,
#mayermayer,2,
#strategy,2,
#herrengasse,2,
#videodreh,2,
#newwork,2,
#lendhafen,2,
#digitalisierung,2,
#corgi,2,
#whataview,2,
#skate,2,
#jeans,2,
#25grams,2,
#coldbrew,2,
#bloomspecialtycoffee,2,
#specialtycoffee,2,
#coldbrewcoffee,2,
#BagCoffeeMaker,2,
#icecoffee,2,
#kunsthauscafe,2,
#opening,2,
#wahrelieberostetnicht,2,
#rost,2,
#rose,2,
#wermut,2,
#wermouth,2,
#editions,2,
#winelife,2,
#roséallday,2,
#wineoclock,2,
#superfood,2,
#pokebowl,2,
#kunsthaus,2,
#soon,2,
#ideentriebwerk,2,
#gründerszene,2,
#ideentriebwerkgraz,2,
#success,2,
#startupaustria,2,
#salzburgerland,2,
#salzburgaustria,2,
#visitsalzburg,2,
#igerssalzburg,2,
#brunchbox,2,
#longhair,2,
#pumps,2,
#sensualshots,2,
#blondhair,2,
#bellaitalia,2,
#throwbackthursday,2,
#sundown,2,
#tuscany,2,
#drinklocal,2,
#goodmood,2,
#moda,2,
#feliznavidad,2,
#beautifulday,2,
#ınstagood,2,
#happylife,2,
#blueeyes,2,
#frühlingsgefühle,2,
#venezia,2,
#traveladdict,2,
#hausberg,2,
#baustelle,2,
#vorfreude,2,
#funny,2,
#partnerincrime,2,
#crazy,2,
#lieblingsmensch,2,
#cooldrinks,2,
#vegandrink,2,
#verrücktnachbarry,2,
#youngandurban,2,
#perfectmoment,2,
#newmusic,2,
#popmusic,2,
#musiclife,2,
#singer,2,
#vocalist,2,
#liveperformance,2,
#pop,2,
#hannakristall,2,
#femaleartist,2,
#influencer,2,
#vocals,2,
#rollsroyce,2,
#urbanjungle,2,
#livemusic,2,
#musicians,2,
#cover,2,
#quarantine,2,
#seaside,2,
#hund,2,
#spaziergang,2,
#grazliebe,2,
#blumen,2,
#tealove,2,
#flowerstagram,2,
#flowersofinstagram,2,
#blooming,2,
#schönensonntag,2,
#geldsparen,2,
#pflanzlicheernährung,2,
#grazvegan,2,
#kunsthauscafegraz,2,
#makeup,2,
#zeit,2,
#kino,2,
#crueltyfree,2,
#fairfashion,2,
#fair,2,
#newchallenge,2,
#neuewege,2,
#tattoo,2,
#cats,2,
#catlovers,2,
#colorfullife,2,
#exciting,2,
#nevergiveup,2,
#mountainlove,2,
#Österreich,2,
#regionalität,2,
#zellamsee,2,
#earlybird,2,
#goodtime,2,
#digital,2,
#weiterbildung,2,
#lifelonglearning,2,
#cafefottergraz,2,
#fotterbreakfastclub,2,
#fottern,2,
#frühstückeningraz,2,
#breakfastingraz,2,
#bestbreakfast,2,
#shoplocal,2,
#cityofgraz,2,
#lavabräu,2,
#steirisch,2,
#danke,2,
#mountainbike,2,
#schweinsbraten,2,
#trees,2,
#falstaffmagazine,2,
#zeitung,2,
#kaffeepause,2,
#coffeelovers,2,
#hundeliebe,2,
#veganaustria,2,
#microgreens,2,
#newin,2,
#mixing,2,
#bier,2,
#matetea,2,
#cinema,2,
#familie,2,
#urbandrinks,2,
#see,2,
#dusk,2,
#park,2,
#coworkingspace,2,
#student,2,
#fruit,2,
#unique,2,
#wonderful,2,
#discover,2,
#beautifulplaces,2,
#meat,2,
#black,2,
#bestfriends,2,
#süßes,2,
#fotography,2,
#mittagessen,2,
#vegetables,2,
#moments,2,
#duft,2,
#äpfel,2,
#walkingaround,2,
#red,2,
#chill,2,
#moon,2,
#welovewhatwedo,2,
#kommunikation,2,
#mitarbeitermotivation,2,
#enjoythemoment,2,
#lake,2,
#schladming,2,
#newshoes,2,
#support,2,
#artoftheday,2,
#artofinstagram,2,
#europe,2,
#shoesonfire,2,
#yellowshoes,2,
#vatertag,2,
#redheels,2,
#redhighheels,2,
#lifeisbeautiful,2,
#spreadtheword,2,
#firstprize,2,
#together,2,
#architecture,2,
#kräuter,2,
#mitliebegemacht,2,
#steirer,2,
#Corona,2,
#purkarthofereis,2,
#laguna,2,
#wonderfulplaces,2,
#travelingram,2,
#summerstyle,2,
#summerlove,2,
#goodlife,2,
#goodvibesonly,2,
#cessna152,2,
#freedom,2,
#natureshot,2,
#uk,2,
#chillin,2,
#afghanistan,2,
#perfect,1,
#losinj,1,
#blue,1,
#town,1,
#grünersee,1,
#veli,1,
#favouritebeachboy,1,
#gymlife,1,
#bulking,1,
#nextrichpiana,1,
#chipsy,1,
#brrrt,1,
#redbull,1,
#danielabt,1,
#formulae,1,
#jp,1,
#sleepy,1,
#little,1,
#is,1,
#the,1,
#aufschlag,1,
#sandplatz,1,
#bestes,1,
#wetter,1,
#nye2021,1,
#uae,1,
#uaelife,1,
#dubai,1,
#burjkhalifa,1,
#mydubai,1,
#downtowndubai,1,
#lifeinmiddleeast,1,
#bf,1,
#soulmate,1,
#gizapyramids,1,
#7wondersoftheworld,1,
#cairo,1,
#cairoegypt,1,
#egypt,1,
#giza,1,
#pyramids,1,
#sevenworldwonders,1,
#horseriding,1,
#adventureofmylife,1,
#simplyhappy,1,
#bcodospan,1,
#desert,1,
#happydunes,1,
#africa,1,
#kenya,1,
#teafarm,1,
#beautifulafrica,1,
#educate,1,
#grow,1,
#ancientegypt,1,
#egyptian,1,
#pyramid,1,
#pyramidsofgiza,1,
#thisisegypt,1,
#egyptology,1,
#ancient,1,
#sharmelsheikh,1,
#1yearanniversary,1,
#mylove,1,
#bestfriend,1,
#favoriteplace,1,
#beautifulmoments,1,
#wonderfullife,1,
#favoriteplaceonearth,1,
#egipto,1,
#egitto,1,
#sphinx,1,
#visitegypt,1,
#egiptologia,1,
#clubbing,1,
#sunsetsaturday,1,
#athens,1,
#favoriteperson,1,
#dubailife,1,
#dxb,1,
#emirates,1,
#sandytoes,1,
#zerogravitydubai,1,
#sailing,1,
#sailinglife,1,
#sailingboat,1,
#safari,1,
#kempinski,1,
#masaimara,1,
#wildlife,1,
#palmtrees,1,
#enjoyinglife,1,
#happyhappyhappy,1,
#nairobi,1,
#nairobikenya,1,
#giraffe,1,
#giraffesanctuary,1,
#lebanon,1,
#usa,1,
#roadtrippin,1,
#firststop,1,
#richtigetouristenpics,1,
#35gradforthewin,1,
#onehappyiris,1,
#sunkissed,1,
#beachwaves,1,
#happysaturday,1,
#beachdays,1,
#beachlife,1,
#canwegobackplease,1,
#krkisland,1,
#oprnabay,1,
#liebstefotoblume,1,
#ohduwunderschöneszist,1,
#happyiris,1,
#grübchenonfleek,1,
#homesweethome,1,
#shorthairdontcare,1,
#stillablondie,1,
#meinvorhanghängtimbild,1,
#longtimenoselfie,1,
#happyfriday,1,
#tflers,1,
#happytimes,1,
#rooftopviews,1,
#greattime,1,
#slowdown,1,
#happypeppi,1,
#türkisetürforthewin,1,
#gesuchtundgefunden,1,
#happyfall,1,
#sunshineonmymind,1,
#almostsummeroderso,1,
#finallysnow,1,
#mindsetiseverything,1,
#sorrymama,1,
#letztewochezist,1,
#whatmademehappytoday,1,
#unilife,1,
#workoutclothesalldayeveryday,1,
#smiling,1,
#igdaily,1,
#workingfromhome,1,
#loveyourselffirst,1,
#burgstallerhöhe,1,
#schöcklland,1,
#everythingforthatmoment,1,
#schnee,1,
#sumpf,1,
#nebel,1,
#amberg,1,
#sonnenaufgang,1,
#schneschuhwandern,1,
#feuertonne,1,
#liqidmoly,1,
#nissan,1,
#aufdenberg,1,
#zumsonnenuntergang,1,
#spesautomobile,1,
#flir,1,
#wärmebildkamera,1,
#kerzen,1,
#feuer,1,
#christbaum,1,
#cats62pro,1,
#feuerwehr,1,
#ffkumberg,1,
#atemschutzgeräteträger,1,
#stadt,1,
#gipfelfoto,1,
#zuhauseistesamschönsten,1,
#feuersalamander,1,
#wald,1,
#bahnhof,1,
#nachdembiken,1,
#zugfahren,1,
#öbb,1,
#feuerwehrmann,1,
#tlfa3000,1,
#gottzuehrdemnächstenzurwehr,1,
#schöckltrailarea,1,
#schneeschuhwandern,1,
#pizzeraundjaus,1,
#loveourjob,1,
#lovewhatwedo,1,
#eventants,1,
#culture,1,
#gala,1,
#welschlauf,1,
#promotion,1,
#maintenance,1,
#sommernachgespräche,1,
#motorsport,1,
#formel1,1,
#formulaone,1,
#manpower,1,
#orfdrei,1,
#politicaldiscussion,1,
#radiokulturhaus,1,
#vernissage,1,
#artandfriends,1,
#badaussee,1,
#exhibition,1,
#silviawolfsgruber,1,
#spitalkirche,1,
#administration,1,
#generaliopen,1,
#kitzbühel,1,
#atp,1,
#atptenniskitzbühel,1,
#soccer,1,
#takecareofyourself,1,
#atpworldtour,1,
#constructionwork,1,
#abbau,1,
#aufbau,1,
#oberameise,1,
#boss,1,
#antsboss,1,
#catsday,1,
#sekretöse,1,
#dervierender,1,
#bruckandermur,1,
#weinerei,1,
#baderhaus,1,
#weinereiimbaderhaus,1,
#meinausseerland,1,
#beachvolleyball,1,
#viennamajor,1,
#em,1,
#constructiondays,1,
#alpenverein,1,
#tagung,1,
#meeting,1,
#TOP,1,
#YUMMY,1,
#noctua,1,
#chromaxblack,1,
#pccooling,1,
#nhd15,1,
#cpucooler,1,
#cpu,1,
#pccomponents,1,
#produktvideo,1,
#productcommercial,1,
#commercial,1,
#productshots,1,
#advertising,1,
#cgi,1,
#vfx,1,
#motiondesign,1,
#3dmotiondesign,1,
#3danimation,1,
#3drendering,1,
#cgistudio,1,
#cgstudio,1,
#productioncompany,1,
#creativestudio,1,
#c4d,1,
#xparticles,1,
#redshift3d,1,
#werbeagentur,1,
#colorgrading,1,
#croword,1,
#avbaby,1,
#filmstudio,1,
#kessler,1,
#kesslercrane,1,
#dji,1,
#ronin,1,
#followfocus,1,
#filmcrew,1,
#ligt,1,
#parlight,1,
#filmmaking,1,
#videography,1,
#metal,1,
#melodicmetal,1,
#metalvideo,1,
#bts,1,
#shotoniphone,1,
#lightroom,1,
#lightroomcc,1,
#lightroomccmobile,1,
#greatstuff,1,
#setup,1,
#workspace,1,
#desksetup,1,
#visualeffects,1,
#vfxartist,1,
#postproduction,1,
#productionoffice,1,
#vfxstudio,1,
#minimalsetups,1,
#designyourworkspace,1,
#workstation,1,
#palettegear,1,
#logitech,1,
#logitechmxmaster,1,
#dell,1,
#gtx1080ti,1,
#cinema4d,1,
#redshift,1,
#trvp,1,
#execproducer,1,
#commercialproducer,1,
#vfxsupervisor,1,
#preproduction,1,
#officedesign,1,
#studiodesign,1,
#meetingarea,1,
#modernoffice,1,
#onlinemeetings,1,
#ipadpro,1,
#appleipadpro,1,
#magickeyboard,1,
#bose700,1,
#therenderers,1,
#productive,1,
#computersetup,1,
#postproductionstudio,1,
#cgartist,1,
#3monitors,1,
#monitorsetup,1,
#rendering,1,
#AVbaby,1,
#cleansetup,1,
#threemonitorsetup,1,
#motiondesigner,1,
#maxon,1,
#cinedesigner,1,
#razer,1,
#audiotechnica,1,
#ikea,1,
#incredible,1,
#pcsetup,1,
#monogramcc,1,
#monogramcreativeconsole,1,
#timeular,1,
#benq,1,
#benqsw270c,1,
#cinematograpgy,1,
#videoproduction,1,
#dp,1,
#alps,1,
#a7s,1,
#xeen,1,
#cine,1,
#cineprimes,1,
#filmrig,1,
#manfrotto,1,
#atomos,1,
#atomosshogun,1,
#inspire,1,
#spotsnapr,1,
#visualeffectsstudio,1,
#macchiato,1,
#rocketespresso,1,
#espressomachine,1,
#portafilter,1,
