id_of_post,url_of_post,likes_of_post,hashtags_of_post,description_of_post,post_was_liked_by,date_of_post
CR5yOJUII6f,https://www.instagram.com/p/CR5yOJUII6f/,70,#weloveourclients #reload24 #socialmedia #socialmediastrategie #socialmediaauftritt #restartgastro #gastro #gastronomie #socialmediafÃ¼runternehmen #socialmediafÃ¼rgastronomie #gastroreopening #gastroreopening2021 #weloveourjob #restaurant #kommunikationsarbeit #kommunikationsexperten #socialmediaexperts #doitforthegram,"Do it for the gram! ğŸ¤³ PÃ¼nktlich zum Gastro-Reopening im Mai haben wir auch fÃ¼r unseren Client Reload24 in Wr. Neustadt, mit einer geschmackvollen Social Media Strategie losgelegt. ğŸ‘¨â€ğŸ³ğŸš€ Zweieinhalb Monate spÃ¤ter kÃ¶nnen wir festhalten: 67%-ige organische Steigerung der Follower! ğŸ’ªğŸ¤©  Ãœberzeugt euch gerne selbst ğŸ§¡ğŸ‘‰    . . .                                   Klasse ğŸ‘",,2021-07-29T07:34:43.000Z
CSOiaEHIDAN,https://www.instagram.com/p/CSOiaEHIDAN/,66,#dasalzburger #weloveourclients #eistee #icetea #abkÃ¼hlung #summer #summertime #summer2021 #rotefrÃ¼chte #teeimsommer #kÃ¼hlenkopfbewahren #iceicebaby #biotee #teetrinken #gutelaunetee #erfrischung #teatime #Teezubereitung #teeliebe #TeamTee #teeziehtimmer #agenturalltag #agenturleben #bÃ¼rotee #pragentur #salzburg #salzburgerland,"ice, ice baby ğŸ¥µğŸ§Š Damit wir bei unserer PR-Arbeit auch im Hochsommer einen kÃ¼hlen Kopf bewahren, erfrischen wir uns gerne mit dem Bio-Eistee von unserem Client   â€“ Schon probiert? ğŸ˜‹ğŸ¹  . . .                                                    ",,2021-08-06T09:00:35.000Z
CPAV_34KukU,https://www.instagram.com/p/CPAV_34KukU/,79,#newclient #washparkmandl #sauberearbeit #kommunikationsarbeit #socialmediaagentur #socialmediastrategie #unternehmenskommunikation #corporatecommunication #digitalisierung #wienerneustadt #tribuswinkel #wien #salzburg #carlovers,"Echt saubere Arbeit! ğŸ˜ Digitalisierung sei Dank, gibt durchdachte Unternehmenskommunikation zunehmend auch auf Social Media Gas. ğŸ Bestes Beispiel dafÃ¼r ist der Account unseres Neukunden  , fÃ¼r den wir mit einem gelungenen Mix aus frechen SprÃ¼chen und wissenswerten Infos die treue Followerschaft nicht nur unterhalten, sondern ebenso informieren dÃ¼rfen. ğŸ” Wer's nicht glaubt, schaut selber rein! Und zwar hier â©   ğŸ . . .                           ğŸ”¥ğŸ”¥ğŸ”¥ğŸ”¥ Hammer ğŸ˜ğŸ‘ğŸ™Œ So und nicht anders! ğŸ˜ğŸ‘ğŸ» ğŸ”¥ğŸ¤¤ Tolle Arbeit und genau so sieht es aus. ğŸ˜ğŸ™Œ Immer die Ami Karrenâ€¦.buuuhhhh",,2021-05-18T07:08:36.000Z
CP-PXrDqnjs,https://www.instagram.com/p/CP-PXrDqnjs/,72,#artofcart #formulagastronomie #ottakringer #gastronomieszene #weekend #kommunikationsarbeit #pressearbeit #socialmedia #socialmediastrategy #pragentur #lifelikepr #salzburg #wien #wienliebe #Ã¶sterreich #textkraft #unternehmenskommunikation #teamworkmakesthedreamwork #carting #racing #ottakringerbrauerei,"TeamworD makes the DreamworD ğŸ˜ FÃ¼r das Incentiveformat   Formula Gastronomie Exhibition 2.0 bÃ¼ndeln wir unsere (Text)krÃ¤fte und vereinen unterschiedlichste Unternehmensphilosophien zu einer einheitlichen Sprache fÃ¼r Veranstalter, Premiumpartner, Suppliers, Promis und Journalisten. ğŸ’ª Das Ergebnis kÃ¶nnt ihr an diesem Wochenende auf Social Media sowie in Ã–sterreichs Medienlandschaft mitverfolgen! ğŸ” Wen von euch treffen wir morgen bei der   ? ğŸ . . .                                         ğŸ”ğŸ”ğŸ” ğŸ™ŒğŸ”¥ Wir sehen uns! ğŸğŸ’¨ ğŸ‘ğŸ¼",,2021-06-11T08:03:36.000Z
CS3oRR3IhjR,https://www.instagram.com/p/CS3oRR3IhjR/,55,#GoodNews #corporatePR #weloveourclients #familieschÃ¤rf #familieschÃ¤rfkaffee #familieschaerfkaffee #familieschaerfcoffee #coffeelovers #welovegoodcoffee #GoodCoffee #Goodcoffeegoodday #corporatecommunications #unternehmenskommunikation #kommunikationsstrategie #prstrategie #kommunikationsberatung #kommunikationsberater #internekommunikation #externekommunikation #socialmedia #socialmediamanagement #socialmediabetreuung #socialmediastrategie #kommunikationsagentur #pragentur #socialmediaagentur #welovewhatwedo, ğŸ¤© FÃ¼r unseren Client   kÃ¼mmern wir uns bereits seit Anfang letzten Jahres um alle wichtigen Aspekte des Themas   ğŸ’ª Angepasst an die Kommunikationsstrategie starten wir mit unserem Client nun auch auf Social Media durch! ğŸ¤©ğŸš€ Schaut doch gerne mal vorbei und lasst ein ğŸ‘ da:   ğŸ§¡ . . .                                                 Top!! ğŸ”¥ğŸ”¥ ğŸ‘ğŸ‘ğŸ‘ğŸ‘ ğŸ™ŒğŸ™ŒğŸ™ŒğŸ™Œ super! Jo stimmt! ğŸ‘ â˜•ï¸â˜•ï¸â˜•ï¸â˜•ï¸â˜•ï¸ğŸ”¥ Sehr cool!!!ğŸ‘ Vielen Dank! ğŸ¤“ğŸ”ğŸ‘ğŸ¼,,2021-08-22T08:00:41.000Z
CQxpf8AIZJn,https://www.instagram.com/p/CQxpf8AIZJn/,,#challengeaccepted #lifelikepr #pragentur #kommunikationsagentur #salzburg #salzburgerland #salzburgstadt #Ã¶sterreich #wien #vienna #starkekommunikation #kommunikationsarbeit #pressearbeit #socialmediaagentur #agenturleben #unternehmenskommunikation #communicationiskey #corporatecommunications #consumercommunication #hotellerie #beverage #foodlover #eventplanner #society #tourismusmarketing," ğŸ’ª Viele Unternehmen stehen irgendwann vor dieser kommunikativen Herausforderung: unterschiedliche Botschaften an unterschiedliche Zielgruppen zu kommunizieren, ohne dass dabei das einheitliche und authentische Unternehmensbild verloren geht. ğŸ¤¯ Die LÃ¶sung dafÃ¼r gibt's bei uns: Mit durchdachter Corporate Communication bringen wir fÃ¼r unsere Kunden zum Ausdruck, wofÃ¼r sie stehen, was sie machen - und warum sie gut darin sind. ğŸ§¡ Was wir sonst noch so machen? Als Kommunikationsagentur verbinden wir lebensechte Begeisterung mit Ehrlichkeit und qualitativer Leistung und setzen dabei folgendes fÃ¼r unsere Kunden um: âœ”ï¸Analyse âœ”ï¸Strategie âœ”ï¸Text und SEO Text âœ”ï¸Kommunikationskonzepte âœ”ï¸Bildproduktion âœ”ï¸OÌˆffentlichkeitsarbeit/ Public Relations âœ”ï¸(Digital) Brand Management âœ”ï¸Social Media âœ”ï¸Online PR âœ”ï¸SEO PR âœ”ï¸Online- und Suchmaschinenmarketing Und weil wir absolut keine Programmierer oder Techniker sind, werden diese MaÃŸnahmen mit den groÃŸartigsten aller Partneragenturen umgesetzt: ğŸ’¡Contentproduktion ğŸ’¡Design Ganz gleich ob KMU oder AG: Besonders jetzt ist Kommunikation ein entscheidender Faktor, wenn es um die Positionierung eines Unternehmens (in und nach Krisenzeiten) geht. Welche Unternehmen und Marken derzeit auf unsere Expertise vertrauen, laÌˆsst sich auf unserer Website einsehen ğŸ§¡â© LINK IN BIO!                                                ğŸ‘ğŸ»ğŸ‘ğŸ»",,2021-07-01T07:13:17.000Z
CPpmNSCKnyu,https://www.instagram.com/p/CPpmNSCKnyu/,57,#krimihelden #krimiheldensalzburg #neuerÃ¶ffnung #veranstaltung #eventhighlight #pressetext #pragentur #kommunikationsarbeit #weloveourclients #krimibÃ¼cher #buchhandlung #salzburg #salzburgÃ¶sterreich #eventkommunikation #veranstaltungskommunikation #wirliebenkommunikation #communicationiskey #brainisleseempfhelungen #meinebuchempfehlung,"Endlich wieder Veranstaltungen! ğŸ¤©ğŸ¥³  Als unser erstes Event-Highlight 2021 dÃ¼rfen wir die ErÃ¶ffnung der   nach auÃŸen tragen. ğŸ”ğŸ§¡ Wusstet ihr, dass die Salzburger Krimihelden 200 Krimi-Autoren fÃ¼r euch bereithalten? ğŸ¤“ğŸ“–ğŸ“š . . .                                 Da schauen wir auf jeden Fall vorbei! ğŸ¤“ğŸ“š Ich bin schon SEHR gespannt und werde 100% vorbeischauen!!! SchlieÃŸlich durfte ich a paar Jahre mit der ""Hauptermittlerin"" zusammenarbeiten... Ihr habt nach meinen Buch- Empfehlungen gefrag,wenn's Ernst gemeint war,unter   ist eventuell ja was dabei....ğŸ˜…ğŸ˜Š Krimis sind absolut nicht meins ğŸ™ˆ Drum fÃ¼r die Romantiker unter euch: die Redwood Reihe von Kelly Moran - auch recht humorvollğŸ¤—  HÃ¶rt sich super an! ğŸ™Œ Wooow Stephen King Ist ein klasse Autor ğŸ˜ GÃ¤nsehaut pur!! Tolles Bild ğŸ˜ŠğŸ‘ğŸ» Krimis sind immer gut! ğŸ‘",,2021-06-03T07:39:06.000Z
CRGwxpEov0R,https://www.instagram.com/p/CRGwxpEov0R/,93,#happyweekend #bosslady #bossbabe #bosslife #bosshomes #weekendmood #pragentur #agenturleben #agenturalltag #officelady #officelife #socialmedia #socialmediamanagement #communitymanagement #feierabendgenieÃŸen #womansupportingwomen #womansupportingwoman #womansupportwoman #bossbabesociete #officialteambossbabe #bossbabeiga #thebossbabesociete,"ğŸ¤© HAPPY FRIDAY! ğŸ¤© Auch in unserem PR-BÃ¼ro machen wir uns ready fÃ¼rs Wochenende: â© Bevor es fÃ¼r unsere Ema   vom Garten-Homeoffice in den Feierabend geht, checkt sie nochmal unsere Work-Whatsapp-Gruppe, in der sie uns auch regelmÃ¤ÃŸig mit sÃ¼ÃŸen Dalmatiner-Welpen-Fotos versorgt. ğŸ“²ğŸŒ» â© Unsere Laura   kÃ¼mmert sich am Freitagnachmittag noch fleiÃŸig um das Community Management unserer Clients auf Social Media. ğŸ’ªğŸ§¡ â© Damit alle Journalisten die Infos haben, die sie fÃ¼r ihre Berichterstattung Ã¼ber unsere Clients am Wochenende benÃ¶tigen, checkt Tina   vor Feierabend noch die letzten Mails. ğŸ“§ğŸ“° â© BÃ¼rohund Hermes ğŸ¶ schnappt sich seinen Lieblingsbegleiter und macht sich auf den Weg nach drauÃŸen. ğŸŒ¸ â© Und zu guter Letzt darf ein â€Happy Weekendâ€œ Post auf Instagram natÃ¼rlich auch nicht fehlen â€“ das hat meistens noch unsere Sabrina   am Schirm. ğŸ¤³ In diesem Sinne wÃ¼nschen wir euch einen guten Start in ein sonniges Wochenende! â˜€ . . .                                             SchÃ¶nes Wochenende â¤ï¸ HÃ¶rt sich nach einem tollen Team an ğŸ¤™ğŸ»ğŸ¤© GenieÃŸt es ğŸ˜",,2021-07-09T12:00:49.000Z
CSEBfvZIkxu,https://www.instagram.com/p/CSEBfvZIkxu/,109,#spaÃŸandersache #lifelikepr #pragentur #kommunikationsagentur #socialmediaagentur #digitalnatives #kommunikationsexperten #weloveourjob #welovepr #womeninpr #prgirl #prgirlsdoitbetter #publicrelations #agencylife #agenturleben #businesswoman #success #coffee #kaffeetrinken #welovewhatwedo #bosslady #officelife #womenpower #womensupport #womensupportwomen #leidenschaft #salzburg #salzburgerland #salzburgaustria #Ã¶sterreich,"Leidenschaft trifft QualitÃ¤t ğŸ§¡ Egal ob unsere PR-Arbeit, Social Media Agenden oder Online-Strategien: Was unsere Lifelike PR-Agentur ausmacht, ist die Kombination aus langjÃ¤hriger Branchenerfahrung, zuverlÃ¤ssigem Know-how und besonders viel   ğŸ¤©ğŸ§¡ . . .                                                         ğŸ‘ğŸ˜Š SchÃ¶ne neue Woche ğŸ˜ ğŸ‘ğŸ’š ğŸ‘ğŸ‘ğŸ‘ğŸ‘ SpaÃŸ ist das wichtigste in jedem Job â˜ºï¸â˜ºï¸ Ohne SpaÃŸ im Job funktioniertâ€˜s einfach nicht! ğŸ™Œ",,2021-08-02T07:00:36.000Z
CQnVIvcoQXI,https://www.instagram.com/p/CQnVIvcoQXI/,71,#happybirthday #andreasberger #weloveourclients #100metersprinter #gmunden #gmundenamtraunsee #traunsee #wien #wienliebe #pragentur #kommunikationsagentur #loverun #sportveranstaltung #socialmedia #news #veranstaltung #laufevent #prwork #runningmotivation #corporatewording #laufenmachtglÃ¼cklich #pragentursalzburg #salzburg #running,"â€œHappy Birthdayâ€ ist zu wenig ğŸ‚ğŸ‰ FÃ¼r unseren langjÃ¤hrigen Client Andreas Berger hatten wir weitaus mehr zu sagen. Zum Beispiel, dass er vor Medien und Presse an seinem Geburtstag, den 9. Juni ein Resumee aus seiner ehemaligen Sportkarriere zieht und eine Vorausschau seiner TÃ¤tigkeit als Sportveranstalter preisgibt. ğŸ” Mit Erfolg: nahezu alle Ã¶sterreichischen Medien griffen das PR-Thema auf und portraitierten den Rekordhalter im 100Meter Sprint in ihren Publikationen. ğŸ’ªğŸ¥³ . . .                                                Happy Birthday nachtrÃ¤glich!!! ğŸ‘ğŸ‘",,2021-06-27T07:02:51.000Z
CRlMsakIJ8W,https://www.instagram.com/p/CRlMsakIJ8W/,54,#ubit #ubitsalzburg #wirtschaftskammer #weloveourclients #kommunikationsarbeit #webinar #fortbildung #weiterbildung #onlineevent #knowledgeispower #knowledge #wissenistmacht #wissenistfÃ¼rimmer #kommunizieren #kommunizierenaufaufaugenhÃ¶he,"Als PR-Agentur wissen wir: Gerade jetzt ist Weiterbildung besonders wichtig. ğŸ’¡ Deswegen veranstaltet unser Client, die Fachgruppe UBIT der  , auch nach Corona regelmÃ¤ÃŸig Webinare zu relevanten Fortbildungsthemen - und wir Ã¼bernehmen die Kommunikationsarbeit dahinter. ğŸ’ª . . .                             So ist es! ğŸ‘",,2021-07-21T07:41:59.000Z
CQdDIJCo82w,https://www.instagram.com/p/CQdDIJCo82w/,83,#bÃ¼ro #schreibtisch #blumenstrauÃŸ #ordentlicherschreibtisch #lifelikepr #pragentur #kommunikationsagentur #corporatewording #unternehmenssprache #unternehmensstrategie #markenstrategie #markenkommunikation #Businesskommunikation #kommunikationsexperten #communicationskills #salzburg #salzburgerland,"Blumen, Stifte und DurstlÃ¶scher zÃ¤hlen zur Basisausstattung auf unseren PR-BÃ¼rotischen. ğŸ’âœï¸ğŸ¥¤ Dann sprudeln auch die Corporate Wording Konzepte fÃ¼r unsere Kunden mit bunter Strahlkraft, frischer Dynamik und durchdachter Strategie.  Was darf auf Deinem Schreibtisch niemals fehlen? ğŸ¤“ . . .                                 Wasser ğŸ’¦ und Nagellack ğŸ’…ğŸ» Ein Kalender und etwas zu Trinken darf bei mir auf dem Schreibtisch nicht fehlen ğŸ“š Definitiv Kaffee!â˜•ï¸ğŸŒ± Ein Kalender! ğŸ—“ Unser WoodBook Notizbuch fÃ¼r die morgendliche To-Do Liste ğŸ™Œ Mein Kalender und meine To-Do-Liste fÃ¼r den Tag! Sonst verliere ich den Ãœberblick ğŸ˜‚ Ich bin auch fÃ¼r Blumen im Homeoffice ğŸ‘ğŸ»",,2021-06-23T07:13:05.000Z
CQS0--fq3mX,https://www.instagram.com/p/CQS0--fq3mX/,71,#coffeerence #logoutbrewon #kaffeeistchefsache #kaffeepause #kaffeepauseimbÃ¼ro #coffeetime #coffeelover #unternehmensspirit #coffeeculture #officecoffee #bÃ¼rokaffee #bÃ¼rokaffeemaschine #weloveourclients #kommunikationsagentur #pragentur #lifelikepr #salzburg #salzburgerland #salzburgaustria,"Kaffee ist Chefsache. ğŸ’ªâ˜• Das weiÃŸ auch unser Client   â˜• und kÃ¼mmert sich darum um beste KaffeequalitÃ¤t fÃ¼r seine Kunden, wÃ¤hrend unser Kommunikationsteam am passenden Corporate Wording fÃ¼r die neuartige BÃ¼rokaffeelÃ¶sung arbeitet. Dass wir unsere KÃ¶pfe dafÃ¼r mit dem natÃ¼rlichen Wachmacher auf Trab halten, versteht sich von selbst! ğŸ¤“ . . .                                    ",,2021-06-19T07:57:05.000Z
CRvgx1-I6nD,https://www.instagram.com/p/CRvgx1-I6nD/,81,#socialmedia #socialmediamarketing #socialmediastrategy #socialmediamanager #socialmediaagentur #sozialemedien #sozialemedienfÃ¼runternehmen #socialmediatipps #socialmediaberatung #erfolgistkeinzufall #erfolgistkeinglÃ¼ck #salzburg #salzburgerland #salzburgcity #salzburgaustria #austria,"Wer schon mal im Online-Business tÃ¤tig war, weiÃŸ: erfolgreiches Social Media Management kostet Zeit und MuÃŸe. Damit sich unsere Clients auf ihr KerngeschÃ¤ft konzentrieren kÃ¶nnen, geben unsere Social Media Expertinnen tÃ¤glich Vollgas! ğŸš€ Wie viele Stunden am Tag verbringt ihr auf Insta & Co.? ğŸ“± . . .                               Wow! 9 Stunden ist schon eine Menge! Bei mir sind es 4-5 Stunden Im Durchschnitt bin ich 2St am Tag in den Sozialen Netzwerken",,2021-07-25T07:49:54.000Z
CPU-C0uNAfZ,https://www.instagram.com/p/CPU-C0uNAfZ/,88,#juhuu #dakommtwas #unternehmenskommunikation #unternehmensphilosophie #corporatecommunications #corporatepr #kommunikationsagentur #pragentur #dasalzburger #dasalzburgerkaffee #biokaffee #biokaffeerÃ¶sterei #regionalitÃ¤t #nachhaltigkeit #welovecoffee #weloveourclients #lifelikepr #salzburg #Ã¶sterreich," ğŸ¥³ Unser Client   hat einen neuen Partner! ğŸ¤ Als PR-Agentur sind wir mit groÃŸer Freude daran gefordert, Werte, Ziele und Philosophien optimal in eine gemeinsame Corporate PR einflieÃŸen zu lassen, sodass sich beide Unternehmen wohlfÃ¼hlen. ğŸ”   . . .                                 ğŸ‘ğŸ»ğŸ‘ğŸ»ğŸ‘ğŸ»ğŸ‘ğŸ» ğŸ” ğŸ™ŒğŸ”¥ Da sind wir gespannt! ğŸ‘€ ğŸ˜â˜•ï¸ğŸŒ± ğŸ‘ğŸ‘ğŸ‘ğŸ‘",,2021-05-26T07:23:21.000Z
CPzxOx1q06B,https://www.instagram.com/p/CPzxOx1q06B/,78,#communication #kommunikationsagentur #pragentur #teamwork #kommunikationsarbeit #kommunikation #wording #internekommunikation #corporatewording #agenturleben #pressearbeit #communicationskills #communicationsiskey #wirliebenunserekunden #welovepr #salzburg #salzburgerland #salzburgstadt #salzburgaustria #Ã¶sterreich,"â€œHier ist das Briefing. Noch irgendwelche Fragen?â€ ğŸ§ Agenturinhaber, Mitarbeiter und Accountmanager kennen es nur allzu gut: Was fÃ¼r den einen vÃ¶llig logisch erscheint, ist fÃ¼r den anderen oftmals nicht mehr als ein groÃŸes Fragezeichen. ğŸ¤” Eine einheitliche Kommunikation kann intern wie extern helfen, Arbeitsschritte zu vereinfachen und effizienter zu gestalten. Als PR-Agentur arbeiten wir darum tÃ¤glich an einem mÃ¶glichst verstÃ¤ndlichen Corporate Wording. FÃ¼r unser eigenes Team und natÃ¼rlich auch fÃ¼r die Teams unserer Clients. ğŸ’ª Wenn Dir also mal die richtigen Worte fehlen, nimm einfach unsere. ğŸ¤— . . .                                       ğŸ”¥ğŸ”¥ğŸ”¥ ğŸ‘ğŸ˜ Wie wahr... ğŸ‘Œ",,2021-06-07T06:27:50.000Z
CQ79AJwK1T3,https://www.instagram.com/p/CQ79AJwK1T3/,61,#erfolgreichekommunikation #glowup #startnow #kommunikationskonzept #kommunikationsstrategie #unternehmenskommunikation #pressearbeit #pragentur #medienhÃ¤user #media #nachrichten #goodnews #newproject #business #motivationmonday #starttoday #getstarted #beautysalon #glowupyourlife #perfectglow #aftercoronatime #aftercorona,"HÃ¶chste Zeit fÃ¼r ein Glow up! ğŸ’â€â™€ï¸ Diese Message haben wir anlÃ¤sslich der NeuerÃ¶ffnung des Kosmetikstudios   an Salzburger MedienhÃ¤user kommuniziert. ğŸ™Œ  Denn wir sind der Meinung: FÃ¼r gelungene Kommunikation spielt auch der richtige Zeitpunkt eine bedeutsame Rolle. â³ Und wir sagen dazu: Wenn nicht jetzt, wann dann? ğŸ˜ Hast du schon mit deinem erfolgreichen Kommunikationskonzept gestartet? ğŸš€ . . .                                           Dank euch haben wir das! ğŸ’ªğŸ¼â˜•ï¸ğŸ˜ ğŸ‘ğŸ‘",,2021-07-05T07:16:01.000Z
CRa0wt3oaV6,https://www.instagram.com/p/CRa0wt3oaV6/,97,#LifelikePRimGesprÃ¤ch #digitalisierung #onlinevsprint #chefredaktion #Ã¶sterreichischemedien #pragentur #berichterstattung #falstaff #falstaffmagazine #lifelikepr #interview #medien #zeitung #magazin #alexandragorsche #medienundcorona #krisenkommunikation #kommunikationinderkrise #kommunikationsagentur #kommunikationistalles #kommunikationsbedarf #salzburg #salzburgerland #wien #vienna #Ã¶sterreich,"â€Stillstand ist keine LÃ¶sung.â€œ ğŸ’ª  Wir haben erfolgreiche Ã¶sterreichische Medienunternehmen befragt, wie sie die VerÃ¤nderungen der Medienwelt durch Corona in Hinblick auf das Thema Digitalisierung wahrgenommen haben. ğŸ¤“ğŸ’¡ Unsere Interviewreihe geht weiter mit Alexandra Gorsche, GeschÃ¤ftsfÃ¼hrerin und Chefredakteurin vom   ğŸ“°  Das ganze Interview kÃ¶nnt ihr auf unserem Blog lesen â© Link in Bio ğŸ§¡ Vielen Dank fÃ¼r das GesprÃ¤ch, liebe Alexandra! . . . ğŸ“¸ Fotocredit: Â© Karin Bergmann                                                 Cool ğŸ˜ Danke, fÃ¼r unser GesprÃ¤ch ğŸ™ğŸ™ğŸ™ğŸ‘ŒğŸ‘ŒğŸ‘Œ ğŸ”¥ğŸ”¥ğŸ”¥ğŸ”¥ Sehr cool! ğŸ™ŒğŸ‘ğŸ¥‚ ğŸ‘ Sehr interessantes InterviewğŸ‘",,2021-07-17T07:00:27.000Z
CStP5rAIpKN,https://www.instagram.com/p/CStP5rAIpKN/,,#lifelikepr #weloveourclients #pragentur #womeninpr #prgirlsdoitbetter #pressearbeit #corporatewording #agenturleben #agencylife #pragenturoÌˆsterreich #pragentursalzburg #salzburg #salzburgerland #publicrealtionsagency #socialmediaagentur #prgirlsrock #publicrelationslife #corporatecommunications #Ã¶sterreich #vienna #wien #agentur #marketingagentur #socialmediaagentur #socialmediamanagement #kommunikationsagentur #kommunikationsexperten,"Kein Unternehmenserfolg ohne interne Kommunikation! ğŸ—£ï¸ Firmenzeitung, Mitarbeiter-App, Workshops und WeiterbildungsmaÃŸnahmen: Auch bei diesen Themen ist es wichtig, auf eine gut durchdachte Kommunikationsstrategie zu setzen. Und zwar angepasst an das wichtigste Kapital eines Unternehmens: seine Mitarbeiter! ğŸ§¡ Als PR-Agentur unterstÃ¼tzen wir unsere Clients bei allen internen KommunikationsmaÃŸnahmen. ğŸ’ª Was wir sonst noch so machen? ğŸ¤“ Wir verbinden lebensechte Begeisterung mit Ehrlichkeit und qualitativer Leistung und setzen dabei folgendes fÃ¼r unsere Kunden um: âœ”ï¸Analyse âœ”ï¸Strategie âœ”ï¸Text und SEO Text âœ”ï¸Kommunikationskonzepte âœ”ï¸Bildproduktion âœ”ï¸OÌˆffentlichkeitsarbeit / Public Relations âœ”ï¸(Digital) Brand Management âœ”ï¸Social Media âœ”ï¸Online PR âœ”ï¸Online- und Suchmaschinenmarketing Und diese MaÃŸnahmen werden mit den groÃŸartigsten aller Partneragenturen umgesetzt: ğŸ’¡Contentproduktion ğŸ’¡Design ğŸ’¡Website-Programmierung Ganz gleich ob KMU oder AG: Besonders jetzt ist Kommunikation ein entscheidender Faktor, wenn es um die Positionierung eines Unternehmens (in und nach Krisenzeiten) geht. Welche Unternehmen und Marken derzeit auf unsere Expertise vertrauen, laÌˆsst sich auf unserer Website einsehen. ğŸ§¡â© LINK IN BIO! . . .                                                     ğŸ‘ğŸ»ğŸ‘ğŸ»ğŸ‘ğŸ» Des stimmt ğŸ™Œ Coole Grafik!! ğŸ”¥ ğŸš— ğŸš—ğŸš— So isses! Kommunikation ist alles! ğŸ‘ Und dazu den richtigen Kaffee im BÃ¼ro â˜•ï¸ğŸ‘ğŸ»",,2021-08-18T07:15:25.000Z
CSjB3ohowKz,https://www.instagram.com/p/CSjB3ohowKz/,42,#itkarrieretag #itkarriere #fachgruppeubit #ubitsalzburg #wirtschaftskammersalzburg #wifisalzburg #weloveourclients #zielgruppevonmorgen #fachkrÃ¤ftevonmorgen #informatik #informatiker #informationstechnologie #informationstechnik #eventpr #eventorganisation #eventorganisers #veranstaltungsorganisation #pressearbeit #kommunikationsarbeit #digitalnatives #digitalminds #digitalisierung #salzburg #Ã¶sterreich,"Die Zielgruppe von morgen schon heute erreichen! ğŸ‘©â€ğŸ’»ğŸ‘¨â€ğŸ’» FÃ¼r unseren Kunden, die Fachgruppe UBIT der  , haben wir uns um die Organisation und Umsetzung des IT-Karrieretags 2021 gekÃ¼mmert. ğŸ’ª Mittels umfangreicher Kommunikationsarbeit vor, wÃ¤hrend und nach dem IT-Karrieretag wurde die Veranstaltung zum Erfolg: Ãœber 200 SchÃ¼lerinnen und SchÃ¼ler folgten der Einladung, um bei ausstellenden Unternehmen und potenziellen Arbeitgebern erste EindrÃ¼cke der IT-Branche sammeln zu kÃ¶nnen. ğŸ” . . .                                              ",,2021-08-14T08:00:19.000Z
CSYrOYdosBa,https://www.instagram.com/p/CSYrOYdosBa/,111,#inderruheliegtdiekraft #probiersmalmitgemÃ¼tlichkeit #ruheundgemÃ¼tlichkeit #bÃ¼rohund #agenturhund #officedog #goldenretriever #hermes #officedogsofinstagram #goldenretrieversofinstagram #vierbeinigermitarbeiter #agenturleben #agenturalltag #alwayslazy #alwaysbusy #hundeliebe #goldenretrieverlove #wirliebenpr #lifelikepr #salzburgerland #visitsalzburg #igerssalzburg #salzburgaustria #visitaustria #sleepydog #couchpotatoe #tuesdaymotivation,"""Probier's mal mit GemÃ¼tlichkeit"" ğŸ˜´ Das ist anscheinend das Motto unseres BÃ¼rohundes Hermes. ğŸ¶ğŸ’¤ Aber manchmal hat unser vierbeiniger Mitarbeiter wohl gar nicht so unrecht: Ab und zu muss man Dinge auch mal langsam angehen, um dann mit gut durchdachten Ideen und neu geschÃ¶pfter Energie so richtig loslegen zu kÃ¶nnen! ğŸ’ª    . . .                                                   Der lÃ¤sst es sich so richtig gut gehen bei euch ğŸ˜ğŸ’š Wir sind schockverliebt â¤ï¸ Sieht geschafft aus der HÃ¼bsche. Was muss er bei euch denn alles so tun ğŸ˜®ğŸ¤ª Ich wÃ¼rde den den ganzen Tag lang nur knuddeln ğŸ¤© ğŸ˜ ğŸ‘ â¤ï¸ğŸ˜â¤ï¸ğŸ˜ Der Beste ğŸ˜ ğŸ˜ Aww! ğŸ˜",,2021-08-10T07:30:02.000Z
CPfVMnIIcIc,https://www.instagram.com/p/CPfVMnIIcIc/,116,#sonntag #sonntagsbeschÃ¤ftigung #sonntagsmodus #sonntagsgefÃ¼hl #sonntagsspaziergang #sonntagsausflug #sonntagnachmittag #schÃ¶nensonntag #sonntagsglÃ¼ck #agenturleben #pragentur #ausgleich #lernen #unispaÃŸ #natur #sonntags #lesen #wandern #berg #enziangranatsteig #salzburg #salzburgerland #Ã¶sterreich #dirndl #freundetreffen,"Was macht unser PR-Team eigentlich an einem Sonntag? ğŸ¤” Als Ausgleich fÃ¼r den BÃ¼roalltag trifft sich   sonntags mit Freunden und Bekannten, um den Geist zu erfrischen. ğŸŒ¸ Unsere   verbringt ihren Sonntag in der Hoch-Uniphase vor allem mit Lernen und Vorbereitungen ihrer PrÃ¤sentationen und Hausarbeiten. Lesen ist somit auch auÃŸerhalb des BÃ¼ros eine ihrer wichtigsten Aufgaben! ğŸ¤“  SpaziergÃ¤nge im Wald oder auf langen Feldwegen: Unsere   liebt Sonntage in der Natur, um frische Energie fÃ¼r die neue Woche zu sammeln und wieder voll durchstarten zu kÃ¶nnen. ğŸ’ª  sonntÃ¤gliche Lesezeit findet als festes Ritual im Sinne ihrer Me-Time statt - Entspannung, News und Kulinarisches inklusive. ğŸ“–ğŸ“° Bei halbwegs schÃ¶nem Wetter trifft man   am Sonntag meistens am Berg. â›° Am Foto: Enzian-Granat-Steig in KÃ¤rnten - sehr empfehlenswert! ğŸ‘Œ Und wie verbringt ihr euren Sonntag? Schreibt es uns in die Kommentare! ğŸ¤—ğŸ§¡ . . .                                                 ğŸ¤“ğŸ’»ğŸ“š Auf Weinreise ğŸ™Œ Die erste Fahrradtour des Jahres mit Picknick am See. Und die Kids mussten gleich in Klamotten reinspringen. ğŸ™ˆ Aber es trocknet ja zum GlÃ¼ck wieder. â¤ï¸ğŸ‘",,2021-05-30T07:58:04.000Z
CRQmnycqtEA,https://www.instagram.com/p/CRQmnycqtEA/,53,#news #news #hseq #arbeitssicherheit #crane #craneoperator #arbeitssicherheit #arbeitssicherheitgoesdigital #arbeitsschutzmanagement #gesundheitsschutz #baustelle #b2bmarketing #b2bcommunication #mobilecranes #mobilecrane #wirtschaftskammer #wko #Ã¶sterreich #austria #startup #grÃ¼nder #grÃ¼nderin #grÃ¼nderszene #mitarbeiterfÃ¼hrung #leadersclub #mitarbeitermotivation,"   ğŸ” Wir freuen uns, dass unser neuer Client   mit effizienten LÃ¶sungen fÃ¼r Arbeits- und Gesundheitsschutz endlich auch in Ã–sterreich durchstartet! ğŸš€ Das Beste daran: die Kommunikationsarbeit fÃ¼r das Unternehmen rund um   und sein Team, hat man unserer PR-Agentur anvertrautğŸ’ª . . .                                               ğŸ‘ğŸ‘ğŸ‘ğŸ‘ğŸ‘ğŸ‘ ğŸ”¥",,2021-07-13T07:44:30.000Z
CPKthBqNyX8,https://www.instagram.com/p/CPKthBqNyX8/,67,#lesen #lesenmachtglÃ¼cklich #lesenswert #inspiration #magazine #zeitung #zeitunglesen #lesenmachtschlau #texte #texteschreiben #texteschreiber #schreiberling #texter #kommunikationsagentur #textagentur #pressetext #pragentur #salzburg #wien #Ã¶sterreich #lifelikepr #womeninpr,"Heute schon gelesen? ğŸ¤“ Bei uns steht das Lesen von Magazinen, Zeitschriften und anderen LektÃ¼ren fast tÃ¤glich am Programm. ğŸ“°ğŸ— Daraus schÃ¶pfen wir auch Inspiration fÃ¼r unsere eigenen Texte! ğŸ’¡ Wenn Du heute also noch etwas lesen mÃ¶chtest, dann schau doch gerne auf unserem Blog vorbei! ğŸ§¡â© Link in Bio! . . .                                           ğŸ‘ Das machen wir natÃ¼rlich ğŸ¤“â˜•ï¸ğŸ’ªğŸ¼ Lesen und Laufen gehen ist immer eine gute Idee ğŸ’¡ğŸ—ğŸƒğŸ¼â€â™€ï¸ğŸ‘ğŸ¼",,2021-05-22T07:46:31.000Z
CQIct2SKmX_,https://www.instagram.com/p/CQIct2SKmX_/,150,#Hermes #bÃ¼rohund #agenturhund #officedog #officedoglife #officedogsofinstagram #goldenretriever #goldenretrieversofinstagram #vierbeinigermitarbeiter #teamwork #agenturleben #pragentur #pressearbeit #zeitung #schreiben #unternehmenskommunikation #prtexte #lifelikepr #salzburg #salzburgerland,"Wenn Hunde sprechen kÃ¶nntenâ€¦ ğŸ¶ğŸ—¯ Unser PR-Agenturhund hÃ¤lt sich in Sachen Unternehmenskommunikation vÃ¶llig raus. Recht hat er. Denn immerhin schmelzen unsere Herzen sofort, wenn   ğŸ• uns die tÃ¤gliche Zeitung bringt. ğŸ— Mehr muss man da auch gar nicht mehr sagen. ğŸ§¡ . . .                                     ğŸ€ğŸ€ğŸ€ schreiben ğŸ¤ğŸ¤ ğŸ’šğŸ’šğŸ’š Wie sÃ¼ÃŸ euer Hermes doch ist â¤ï¸ Unser geliebter Hermes! ğŸ¶â¤ï¸ ğŸ˜ğŸ˜ Soooo sÃ¼ÃŸğŸ˜ğŸ˜ğŸ˜ ğŸ˜ğŸ˜ Awwww wie sÃ¼sss ğŸ˜ğŸ˜ğŸ˜ğŸ˜ hermes ist auch richtig niedlich ğŸ˜ Einen tollen Agenturbegleiter habt ihr da ğŸ˜ ğŸ˜",,2021-06-15T07:12:38.000Z
