cluster,centroid,used_hashtags
cluster 1,austria,"['#nextrichpiana', '#aufschlag', '#africa', '#history', '#sunsetsaturday', '#girlstrip', '#roadtrip', '#igersaustria']"
cluster 2,chipsy,"['#holiday', '#bcodospan', '#happy']"
cluster 3,blackouttuesday,"['#valentinesday', '#blacklivesmatter']"
cluster 4,snow,"['#sun', '#summer', '#wow', '#sevenworldwonders', '#sunset', '#sunflower', '#sunday', '#smile']"
cluster 5,dream,"['#redbull', '#formulae', '#dubai', '#mydubai', '#desert', '#educate', '#pyramid', '#travelgram', '#oprnabay']"
cluster 6,lebanon,['#grübchenonfleek']
cluster 7,animals,"['#little', '#soulmate', '#emirates', '#italy', '#beachdays', '#meinvorhanghängtimbild']"
cluster 8,35gradforthewin,[]
cluster 9,pyramidsofgiza,[]
cluster 10,sunshine,"['#mountains', '#sharmelsheikh', '#sphinx', '#summervibes', '#sundayfunday']"
cluster 11,uaelife,"['#venice', '#gymlife', '#wildlife', '#life', '#beachlife']"
cluster 12,shorthairdontcare,[]
cluster 13,horseriding,[]
cluster 14,vitaminsea,"['#lifeinmiddleeast', '#vacationmode']"
cluster 15,happygirl,"['#happyme', '#happyplace', '#happysaturday']"
cluster 16,cairo,"['#cat', '#cairoegypt', '#nature', '#safari', '#nairobi']"
cluster 17,amazing,[]
cluster 18,masaimara,['#1yearanniversary']
cluster 19,sleepy,[]
cluster 20,athens,"['#ancient', '#palmtrees']"
cluster 21,pool,['#home']
cluster 22,visitegypt,"['#ancientegypt', '#thisisegypt']"
cluster 23,giraffesanctuary,[]
cluster 24,sunkissed,['#sunglasses']
cluster 25,athens,[]
cluster 26,stayhome,"['#liebstefotoblume', '#homesweethome', '#stillablondie']"
cluster 27,dubailife,['#enjoyinglife']
cluster 28,bf,"['#blue', '#jp', '#bay', '#best', '#tb', '#krk']"
cluster 29,kempinski,[]
cluster 30,instagood,['#firststop']
cluster 31,sailing,"['#spielberg', '#skiing', '#sailinglife', '#sailingboat', '#philippines']"
cluster 32,favoriteplace,"['#favouritebeachboy', '#favoriteplaceonearth', '#favoriteperson', '#canwegobackplease']"
cluster 33,stayhome,[]
cluster 34,sunkissed,[]
cluster 35,amazing,[]
cluster 36,danielabt,[]
cluster 37,masaimara,[]
cluster 38,simplyhappy,['#happyhappyhappy']
cluster 39,india,[]
cluster 40,instadaily,[]
cluster 41,photography,['#travelphotography']
cluster 42,instagood,[]
cluster 43,beautiful,"['#beautifulafrica', '#beautifulmoments']"
cluster 44,tea,"['#sea', '#veli', '#travel', '#bestes', '#teafarm', '#usa', '#beach']"
cluster 45,australia,['#burjkhalifa']
cluster 46,happydunes,['#happiness']
cluster 47,sandplatz,['#sandytoes']
cluster 48,egipto,"['#egypt', '#egitto']"
cluster 49,giraffesanctuary,[]
cluster 50,sailing,[]
cluster 51,hiking,"['#losinj', '#bulking']"
cluster 52,blackouttuesday,[]
cluster 53,explore,[]
cluster 54,igers,[]
cluster 55,instagood,[]
cluster 56,egyptology,[]
cluster 57,happyiris,"['#gizapyramids', '#onehappyiris']"
cluster 58,mylove,"['#memories', '#inlove', '#love']"
cluster 59,india,[]
cluster 60,richtigetouristenpics,[]
cluster 61,dxb,[]
cluster 62,grow,['#graz']
cluster 63,tennis,[]
cluster 64,horseriding,[]
cluster 65,clubbing,[]
cluster 66,instadaily,[]
cluster 67,happygirl,[]
cluster 68,blackouttuesday,[]
cluster 69,happydunes,[]
cluster 70,egyptian,[]
cluster 71,krkisland,[]
cluster 72,giza,['#giraffe']
cluster 73,sunkissed,[]
cluster 74,great,"['#perfect', '#brrrt', '#green', '#nurheute']"
cluster 75,snow,[]
cluster 76,egyptian,[]
cluster 77,friends,"['#pyramids', '#bestfriend']"
cluster 78,amazing,[]
cluster 79,wonderfullife,[]
cluster 80,great,[]
cluster 81,zerogravitydubai,[]
cluster 82,photooftheday,[]
cluster 83,lebanon,[]
cluster 84,egiptologia,[]
cluster 85,7wondersoftheworld,['#ohduwunderschöneszist']
cluster 86,greece,['#grünersee']
cluster 87,simplyhappy,[]
cluster 88,happynewyear,[]
cluster 89,nye,"['#nice', '#nye2021', '#uae']"
cluster 90,adventureofmylife,[]
cluster 91,happygirl,[]
cluster 92,india,[]
cluster 93,krkisland,[]
cluster 94,weather,"['#wetter', '#beachwaves']"
cluster 95,great,[]
cluster 96,town,['#downtowndubai']
cluster 97,happyweekend,[]
cluster 98,kroatien,"['#croatia', '#vacation', '#roadtrippin']"
cluster 99,view,[]
cluster 100,kenya,['#nairobikenya']
