username,like_linda,like_karl_peter,like_sandy,like_kevin,like_martin,like_claudia,used_hashtags
cluster 1,50.0%,33.33%,42.86%,55.56%,16.67%,42.86%,"['#graz', '#love', '#travel', '#nature', '#vegan', '#vienna', '#startup', '#fun', '#yummy', '#sun', '#happy', '#art', '#wien', '#family', '#natur', '#food', '#drinks', '#icetea', '#hiking', '#party', '#lecker', '#tb', '#sunset', '#italy', '#sunday', '#music', '#goodvibes', '#relax', '#sommer', '#wandern', '#win', '#veganfood', '#tasty', '#style', '#spring', '#sea', '#healthy', '#shooting', '#genuss', '#home', '#happyme', '#tea', '#greece', '#sunshine', '#friday', '#tbt', '#winter', '#burger', '#drink', '#cheers', '#berries', '#sunrise', '#ostern', '#local', '#eistee', '#cute', '#cooking', '#fresh', '#relaxing', '#mood', '#nice', '#view', '#memories', '#mindset', '#sunnyday', '#enjoy', '#cake', '#pizza', '#liebe', '#freude', '#bio', '#goals', '#ootd', '#instafood', '#kochen', '#foodie', '#shopping', '#kaffee', '#venice', '#cat', '#life', '#beach', '#smile', '#goodtimes', '#sweet', '#beer', '#gin', '#xmas', '#banana', '#snack', '#break', '#pumpkin', '#bbq', '#fruits', '#birthday', '#mut', '#blogger', '#dessert', '#ferien', '#bowl', '#brot', '#ingwer', '#new', '#herbst', '#wein', '#wedding', '#beauty', '#bhfyp', '#running', '#repost', '#hotel', '#essen', '#selfie', '#corona', '#veggie', '#share', '#team', '#trinken', '#urlaub', '#selfmade', '#ginger', '#quotes', '#urban', '#brunch', '#linz', '#snow', '#pool', '#best', '#nye', '#inlove', '#igers', '#happygirl', '#autumn', '#diy', '#office', '#2k19', '#cold', '#sofree', '#tomaten', '#italien', '#teatime', '#bar', '#alcohol', '#wood', '#matcha', '#like', '#health', '#tee', '#chili', '#kärnten', '#grillen', '#news', '#icecream', '#girls', '#vacay', '#monday', '#pasta', '#split', '#gesund', '#backen', '#kuchen', '#torte', '#reels', '#erdbeeren', '#curry', '#asianfood', '#sport', '#gemüse', '#newdrink', '#lernen', '#picture', '#loveit', '#couple', '#sushi', '#outfit', '#yoga', '#Repost', '#review', '#cool', '#marry', '#lunch', '#insta', '#memes', '#design', '#kids', '#herz', '#fleisch', '#gastro', '#wine', '#icedtea', '#freitag', '#teeliebe', '#montag', '#mate', '#lemon', '#berlin', '#frisch', '#italia', '#prost', '#dog', '#vollfein', '#auszeit', '#vote', '#proud', '#wienliebe', '#water', '#sonne', '#sonntag', '#ocean', '#feiern', '#swimming', '#donau', '#Graz', '#weather', '#great', '#wow', '#bay', '#green', '#skiing', '#tennis', '#amazing', '#happyplace', '#dream', '#india', '#krk', '#sunnydays', '#oldtown', '#musik', '#nacht', '#concert', '#gmunden', '#rain', '#bestteam', '#ameizing', '#events', '#pride', '#artist', '#sports', '#winzer', '#iphone', '#studio', '#onset', '#creative', '#shoot', '#sofresh', '#catlover', '#carlover', '#vibe', '#vibes', '#lend', '#cargirl', '#bmw', '#luxury', '#austin', '#brand', '#growth', '#glitter', '#colours', '#beerporn', '#chef', '#naturpur', '#beachday', '#mare', '#dresden', '#clouds', '#protein', '#cookies', '#salami', '#forest', '#snacks', '#chai', '#japan', '#detox', '#milktea', '#cider', '#apple', '#yummi', '#spicy', '#merch', '#easter', '#collab', '#plants', '#seafood', '#hvar', '#sunny', '#ship', '#bosnia', '#horse', '#burrata', '#meow', '#london', '#bibione', '#vision', '#soundhorn', '#autorin', '#gründer', '#frauentag', '#women', '#garten', '#grazfood', '#soulfood', '#hunger', '#mexico', '#tarte', '#veggiefood', '#italianfood', '#polenta', '#koffein', '#guarana', '#recover', '#eis', '#hanf', '#apfel', '#mango', '#ananas', '#cassis', '#frucht', '#buffet', '#jan', '#dec', '#hello', '#bye', '#dressup', '#france', '#selflove', '#florence', '#workout', '#gelato', '#nike', '#schweiz', '#future', '#bridge', '#service', '#tellers', '#beats', '#foto', '#genial', '#foodies', '#photo', '#shots', '#lgbt', '#lgbtq', '#video', '#ringana', '#vanille', '#deko', '#update', '#finally', '#buylocal', '#mode', '#rezept', '#dose', '#kunst', '#küche', '#job', '#milch', '#holunder', '#bestfood', '#vino', '#blog', '#reading', '#taste', '#singen', '#cherry', '#tealover', '#fruity', '#beeren', '#blacktea', '#probieren', '#zitrone', '#wasser', '#pure', '#tester', '#minze', '#hitze', '#milk', '#tasting', '#bingo', '#band', '#game', '#girl', '#classy', '#tulips', '#corgi', '#skate', '#jeans', '#opening', '#rost', '#rose', '#wermut', '#wermouth', '#winelife', '#superfood', '#soon', '#success', '#brunchbox', '#pumps', '#sundown', '#moda', '#happylife', '#vorfreude', '#funny', '#crazy', '#newmusic', '#popmusic', '#musiclife', '#singer', '#pop', '#vocals', '#cover', '#seaside', '#hund', '#blumen', '#tealove', '#blooming', '#makeup', '#zeit', '#kino', '#fair', '#tattoo', '#cats', '#goodtime', '#fottern', '#danke', '#trees', '#zeitung', '#newin', '#mixing', '#bier', '#matetea', '#cinema', '#familie', '#see', '#dusk', '#park', '#student', '#fruit', '#unique', '#discover', '#meat', '#black', '#süßes', '#moments', '#duft', '#äpfel', '#red', '#chill', '#moon', '#lake', '#support', '#europe', '#redheels', '#steirer', '#Corona', '#laguna', '#goodlife', '#freedom', '#uk', '#chillin', '#losinj', '#blue', '#town', '#veli', '#gymlife', '#bulking', '#chipsy', '#brrrt', '#formulae', '#jp', '#sleepy', '#little', '#bestes', '#wetter', '#uae', '#uaelife', '#dubai', '#bf', '#cairo', '#egypt', '#giza', '#desert', '#happydunes', '#africa', '#kenya', '#teafarm', '#grow', '#egyptian', '#mylove', '#egitto', '#sphinx', '#athens', '#dubailife', '#dxb', '#sailing', '#safari', '#wildlife', '#nairobi', '#lebanon', '#usa', '#onehappyiris', '#sunkissed', '#happyiris', '#tflers', '#happytimes', '#greattime', '#slowdown', '#happyfall', '#unilife', '#smiling', '#igdaily', '#schnee', '#sumpf', '#nebel', '#nissan', '#flir', '#kerzen', '#feuer', '#stadt', '#wald', '#öbb', '#eventants', '#culture', '#gala', '#formel1', '#atp', '#soccer', '#abbau', '#aufbau', '#boss', '#catsday', '#em', '#tagung', '#meeting', '#TOP', '#noctua', '#pccooling', '#cpu', '#cgi', '#vfx', '#cgistudio', '#cgstudio', '#c4d', '#avbaby', '#kessler', '#dji', '#ronin', '#ligt', '#metal', '#bts', '#setup', '#vfxartist', '#vfxstudio', '#dell', '#trvp', '#cgartist', '#rendering', '#AVbaby', '#maxon', '#razer', '#ikea', '#benq', '#dp', '#alps', '#a7s', '#xeen', '#cine', '#atomos', '#]']"
cluster 2,0.0%,0.0%,0.0%,0.0%,0.0%,0.0%,"['#summer', '#soccer', '#singer', '#sumpf', '#amberg', '#burger', '#yummi', '#curry', '#yummy', '#sunset', '#hausberg', '#kumberg', '#sommer', '#hunger', '#hamburg', '#]']"
cluster 3,0.0%,0.0%,0.0%,0.0%,0.0%,0.0%,"['#igergraz', '#igersgraz', '#igerslinz', '#cidergram', '#igerswien', '#]']"
cluster 4,0.0%,0.0%,0.0%,0.0%,0.0%,14.29%,"['#tester', '#jp', '#picture', '#winzer', '#wetter', '#nature', '#cats', '#game', '#natur', '#skate', '#culture', '#mare', '#rost', '#rose', '#mate', '#dusk', '#park', '#future', '#razer', '#beats', '#hunger', '#vote', '#duft', '#tarte', '#water', '#usa', '#mode', '#easter', '#dose', '#weather', '#winter', '#singer', '#taste', '#uk', '#ingwer', '#horse', '#wasser', '#pure', '#]']"
cluster 5,0.0%,0.0%,0.0%,0.0%,0.0%,0.0%,"['#startups', '#startup', '#]']"
cluster 6,16.67%,16.67%,14.29%,33.33%,0.0%,14.29%,"['#zeit', '#kino', '#love', '#fair', '#winzer', '#cats', '#shoot', '#vienna', '#fun', '#vibe', '#vibes', '#lend', '#sun', '#weekend', '#holiday', '#happy', '#art', '#wien', '#bmw', '#danke', '#coffee', '#food', '#trees', '#chef', '#mare', '#newin', '#bier', '#party', '#see', '#tb', '#park', '#sunday', '#meat', '#win', '#tasty', '#chai', '#duft', '#red', '#sea', '#moon', '#japan', '#cider', '#chill', '#lake', '#home', '#happyme', '#tea', '#tbt', '#winter', '#hvar', '#sunny', '#uk', '#chillin', '#local', '#horse', '#town', '#blue', '#happyday', '#cute', '#meow', '#brrrt', '#mood', '#jp', '#nice', '#view', '#uae', '#bf', '#cairo', '#giza', '#cake', '#women', '#liebe', '#bio', '#ootd', '#dxb', '#cat', '#life', '#happysunday', '#tarte', '#sweet', '#beer', '#gin', '#usa', '#bbq', '#recover', '#eis', '#happysaturday', '#hanf', '#mango', '#mut', '#happyfriday', '#bowl', '#brot', '#new', '#happyfall', '#herbst', '#wein', '#repost', '#hotel', '#jan', '#dec', '#bye', '#share', '#team', '#feuer', '#wald', '#öbb', '#linz', '#snow', '#pool', '#best', '#nye', '#nike', '#diy', '#cold', '#beats', '#foto', '#atp', '#photo', '#shots', '#bar', '#lgbt', '#video', '#boss', '#wood', '#like', '#tee', '#chili', '#deko', '#news', '#em', '#mode', '#monday', '#dose', '#job', '#cpu', '#vino', '#blog', '#cgi', '#torte', '#taste', '#reels', '#c4d', '#beeren', '#dji', '#ronin', '#pure', '#ligt', '#minze', '#hitze', '#bts', '#bingo', '#band', '#game', '#girl', '#yoga', '#review', '#cool', '#marry', '#corgi', '#skate', '#jeans', '#kids', '#wine', '#rose', '#rost', '#mate', '#soon', '#prost', '#dog', '#ikea', '#benq', '#vote', '#proud', '#dp', '#a7s', '#xeen', '#cine', '#moda', '#sonne', '#feiern', '#funny', '#wow', '#bay', '#pop', '#krk', '#cover', '#hund', '#blumen', '#rain', '#]']"
cluster 7,0.0%,0.0%,0.0%,0.0%,0.0%,0.0%,"['#yummy', '#yummi', '#]']"
cluster 8,0.0%,0.0%,0.0%,0.0%,0.0%,0.0%,"['#holidays', '#holiday', '#friday', '#]']"
cluster 9,0.0%,0.0%,0.0%,0.0%,0.0%,0.0%,"['#win', '#view', '#cine', '#wine', '#gin', '#wein', '#wien', '#]']"
cluster 10,0.0%,0.0%,0.0%,0.0%,0.0%,0.0%,"['#Gewinnspiel', '#gewinnspiel', '#]']"
cluster 11,0.0%,0.0%,0.0%,0.0%,0.0%,0.0%,"['#ınstagood', '#instafood', '#drinkstagram', '#instagram', '#instagood', '#]']"
cluster 12,0.0%,16.67%,0.0%,11.11%,0.0%,0.0%,"['#food', '#pool', '#wood', '#moon', '#foto', '#bowl', '#ootd', '#wald', '#foodie', '#soon', '#cool', '#meow', '#cold', '#mood', '#]']"
cluster 13,0.0%,0.0%,0.0%,0.0%,16.67%,0.0%,"['#freude', '#drinks', '#friendship', '#drink', '#ferien', '#trinken', '#friends', '#greece', '#fresh', '#]']"
cluster 14,0.0%,0.0%,0.0%,0.0%,0.0%,0.0%,"['#icedtea', '#icetea', '#]']"
cluster 15,8.33%,0.0%,0.0%,0.0%,0.0%,0.0%,"['#foodblog', '#foodlovers', '#foodblogger', '#foodlover', '#]']"
cluster 16,0.0%,0.0%,0.0%,0.0%,0.0%,0.0%,"['#österreich', '#Österreich', '#]']"
cluster 17,0.0%,0.0%,0.0%,11.11%,0.0%,0.0%,"['#cat', '#job', '#liebe', '#bbq', '#like', '#tee', '#tb', '#art', '#tea', '#cake', '#cute', '#tbt', '#]']"
cluster 18,0.0%,0.0%,14.29%,11.11%,0.0%,0.0%,"['#music', '#dusk', '#musik', '#]']"
cluster 19,0.0%,0.0%,0.0%,0.0%,0.0%,0.0%,"['#Lockdown', '#lockdown', '#london', '#slowdown', '#]']"
cluster 20,0.0%,0.0%,14.29%,0.0%,0.0%,0.0%,"['#tasty', '#tarte', '#taste', '#india', '#party', '#curry', '#cherry', '#energy', '#marry', '#pasta', '#insta', '#]']"
cluster 21,0.0%,0.0%,0.0%,0.0%,0.0%,0.0%,"['#sea', '#team', '#tee', '#see', '#tea', '#]']"
cluster 22,0.0%,0.0%,0.0%,0.0%,0.0%,0.0%,"['#montag', '#mountains', '#mountain', '#]']"
cluster 23,8.33%,0.0%,0.0%,0.0%,0.0%,0.0%,"['#healthy', '#health', '#]']"
cluster 24,0.0%,0.0%,0.0%,0.0%,0.0%,0.0%,"['#cocktails', '#cocktailbar', '#cocktail', '#]']"
cluster 25,0.0%,0.0%,0.0%,0.0%,0.0%,0.0%,"['#naturelover', '#naturelovers', '#naturelove', '#]']"
cluster 26,0.0%,0.0%,0.0%,0.0%,0.0%,0.0%,"['#winter', '#winzer', '#singen', '#ingwer', '#ginger', '#hunger', '#]']"
cluster 27,0.0%,0.0%,0.0%,0.0%,0.0%,0.0%,"['#coffeelovers', '#coffeelover', '#]']"
cluster 28,0.0%,0.0%,0.0%,0.0%,0.0%,0.0%,"['#verrucktnachmarry', '#verrücktnachmarry', '#verrücktnachbarry', '#]']"
cluster 29,0.0%,0.0%,0.0%,0.0%,0.0%,0.0%,"['#nice', '#loveit', '#love', '#liebe', '#nye', '#inlove', '#rose', '#nike', '#mylove', '#winelife', '#venice', '#life', '#vote', '#like', '#lake', '#home', '#mode', '#dose', '#winelover', '#cover', '#horse', '#]']"
cluster 30,0.0%,0.0%,0.0%,0.0%,0.0%,0.0%,"['#sonntag', '#sunnyday', '#montag', '#sunnydays', '#sunday', '#monday', '#]']"
cluster 31,0.0%,0.0%,0.0%,0.0%,0.0%,0.0%,"['#cute', '#cake', '#lake', '#]']"
cluster 32,0.0%,0.0%,0.0%,0.0%,0.0%,0.0%,"['#newyears', '#newyearsparty', '#newyearsday', '#newyear', '#newyearseve', '#]']"
cluster 33,0.0%,0.0%,0.0%,0.0%,0.0%,0.0%,"['#kuchen', '#kochen', '#küche', '#]']"
cluster 34,0.0%,0.0%,0.0%,0.0%,0.0%,0.0%,"['#cookies', '#foodie', '#foodies', '#]']"
cluster 35,0.0%,0.0%,0.0%,0.0%,0.0%,0.0%,"['#cat', '#cats', '#]']"
cluster 36,0.0%,0.0%,0.0%,0.0%,0.0%,0.0%,"['#inlove', '#life', '#like', '#love', '#]']"
cluster 37,0.0%,0.0%,0.0%,0.0%,0.0%,0.0%,"['#goodtimes', '#goodvibes', '#goodtime', '#goodlife', '#]']"
cluster 38,0.0%,0.0%,0.0%,0.0%,0.0%,0.0%,"['#bier', '#best', '#beer', '#]']"
cluster 39,0.0%,0.0%,0.0%,0.0%,0.0%,0.0%,"['#geschenk', '#geschenke', '#]']"
cluster 40,0.0%,0.0%,0.0%,0.0%,0.0%,0.0%,"['#snacks', '#snack', '#black', '#]']"
cluster 41,0.0%,0.0%,0.0%,0.0%,16.67%,14.29%,"['#frucht', '#fruity', '#fruit', '#fruits', '#family', '#]']"
cluster 42,0.0%,0.0%,0.0%,0.0%,0.0%,0.0%,"['#dessert', '#desserts', '#desert', '#]']"
cluster 43,0.0%,0.0%,0.0%,0.0%,0.0%,0.0%,"['#new', '#news', '#]']"
cluster 44,0.0%,0.0%,0.0%,0.0%,0.0%,0.0%,"['#repost', '#Repost', '#]']"
cluster 45,0.0%,0.0%,0.0%,0.0%,0.0%,0.0%,"['#rezepte', '#rezept', '#]']"
cluster 46,0.0%,0.0%,0.0%,0.0%,0.0%,0.0%,"['#Corona', '#corona', '#]']"
cluster 47,0.0%,0.0%,0.0%,0.0%,0.0%,0.0%,"['#singer', '#singen', '#ginger', '#]']"
cluster 48,0.0%,0.0%,0.0%,0.0%,0.0%,0.0%,"['#cool', '#pool', '#]']"
cluster 49,0.0%,0.0%,0.0%,0.0%,0.0%,0.0%,"['#bye', '#nye', '#]']"
cluster 50,8.33%,0.0%,0.0%,11.11%,0.0%,0.0%,"['#travelingram', '#travel', '#studio', '#strudel', '#student', '#travelling', '#traveling', '#]']"
cluster 51,0.0%,0.0%,0.0%,0.0%,0.0%,0.0%,"['#bay', '#bar', '#]']"
cluster 52,0.0%,0.0%,0.0%,0.0%,0.0%,0.0%,"['#chill', '#chili', '#]']"
cluster 53,0.0%,0.0%,0.0%,0.0%,0.0%,0.0%,"['#amazing', '#magazin', '#magazine', '#reading', '#]']"
cluster 54,0.0%,0.0%,0.0%,0.0%,0.0%,0.0%,"['#vocalist', '#vocals', '#gala', '#goals', '#girl', '#girls', '#]']"
cluster 55,0.0%,0.0%,0.0%,0.0%,0.0%,0.0%,"['#tarte', '#torte', '#]']"
cluster 56,0.0%,0.0%,0.0%,0.0%,0.0%,0.0%,"['#erdbeere', '#erdbeeren', '#]']"
cluster 57,8.33%,0.0%,0.0%,0.0%,0.0%,0.0%,"['#sports', '#shots', '#shoot', '#support', '#sport', '#split', '#]']"
cluster 58,0.0%,0.0%,0.0%,0.0%,0.0%,0.0%,"['#mate', '#mare', '#]']"
cluster 59,0.0%,0.0%,0.0%,0.0%,0.0%,0.0%,"['#prost', '#rost', '#rose', '#]']"
cluster 60,0.0%,0.0%,0.0%,0.0%,0.0%,0.0%,"['#catlovers', '#carlovers', '#catlover', '#carlover', '#tealover', '#]']"
cluster 61,0.0%,0.0%,0.0%,0.0%,0.0%,0.0%,"['#vibe', '#vibes', '#]']"
cluster 62,0.0%,0.0%,0.0%,0.0%,0.0%,0.0%,"['#band', '#brand', '#]']"
cluster 63,0.0%,0.0%,0.0%,0.0%,0.0%,0.0%,"['#beachwaves', '#beachday', '#beachdays', '#]']"
cluster 64,0.0%,0.0%,0.0%,0.0%,0.0%,0.0%,"['#funny', '#sunny', '#]']"
cluster 65,0.0%,0.0%,0.0%,0.0%,0.0%,0.0%,"['#sommerdrink', '#summerdress', '#summerdrink', '#]']"
cluster 66,0.0%,0.0%,0.0%,0.0%,0.0%,0.0%,"['#äpfel', '#apfel', '#]']"
cluster 67,0.0%,0.0%,0.0%,0.0%,0.0%,0.0%,"['#lgbtq', '#lgbt', '#]']"
cluster 68,0.0%,0.0%,0.0%,0.0%,0.0%,0.0%,"['#mode', '#moda', '#]']"
cluster 69,0.0%,0.0%,0.0%,0.0%,0.0%,0.0%,"['#dose', '#rose', '#]']"
cluster 70,0.0%,0.0%,0.0%,0.0%,0.0%,0.0%,"['#kino', '#vino', '#]']"
cluster 71,0.0%,0.0%,0.0%,0.0%,0.0%,0.0%,"['#tealover', '#tealove', '#]']"
cluster 72,0.0%,0.0%,0.0%,0.0%,0.0%,0.0%,"['#quarantäne', '#quarantine', '#]']"
cluster 73,0.0%,0.0%,0.0%,0.0%,0.0%,0.0%,"['#fair', '#flir', '#]']"
cluster 74,0.0%,0.0%,0.0%,0.0%,0.0%,0.0%,"['#bestfriend', '#bestfriends', '#]']"
cluster 75,0.0%,0.0%,0.0%,0.0%,0.0%,0.0%,"['#jp', '#dp', '#]']"
cluster 76,0.0%,0.0%,0.0%,0.0%,0.0%,0.0%,"['#pyramids', '#pyramid', '#]']"
cluster 77,0.0%,0.0%,0.0%,0.0%,0.0%,0.0%,"['#egypt', '#egipto', '#egitto', '#]']"
cluster 78,0.0%,0.0%,0.0%,0.0%,0.0%,0.0%,"['#sailing', '#skiing', '#hiking', '#mixing', '#swimming', '#smiling', '#]']"
cluster 79,0.0%,0.0%,0.0%,0.0%,0.0%,0.0%,"['#schneschuhwandern', '#schneeschuhwandern', '#]']"
cluster 80,0.0%,0.0%,0.0%,0.0%,0.0%,0.0%,"['#studio', '#styria', '#cgistudio', '#cgstudio', '#]']"
cluster 81,0.0%,0.0%,0.0%,0.0%,0.0%,0.0%,"['#austria', '#auszeit', '#style', '#klarheit', '#mahlzeit', '#styria', '#wahrheit', '#australia', '#autorin', '#italia', '#austin', '#]']"
cluster 82,0.0%,0.0%,0.0%,0.0%,0.0%,0.0%,"['#love', '#hotel', '#home', '#]']"
cluster 83,0.0%,0.0%,0.0%,11.11%,0.0%,0.0%,"['#fotography', '#fotografie', '#photography', '#]']"
cluster 84,8.33%,0.0%,0.0%,0.0%,0.0%,0.0%,"['#happyme', '#happy', '#]']"
cluster 85,0.0%,0.0%,14.29%,11.11%,0.0%,0.0%,"['#art', '#party', '#]']"
cluster 86,0.0%,0.0%,0.0%,0.0%,33.33%,14.29%,"['#familie', '#familytime', '#smile', '#family', '#]']"
cluster 87,0.0%,0.0%,0.0%,0.0%,0.0%,0.0%,"['#buffet', '#coffee', '#couple', '#icecoffee', '#sofresh', '#office', '#koffein', '#sofree', '#kaffee', '#]']"
cluster 88,8.33%,0.0%,0.0%,11.11%,0.0%,0.0%,"['#spring', '#hiking', '#coaching', '#mixing', '#shooting', '#cooking', '#]']"
cluster 89,0.0%,0.0%,0.0%,0.0%,0.0%,0.0%,"['#onset', '#kunst', '#sunset', '#]']"
cluster 90,0.0%,0.0%,0.0%,0.0%,0.0%,0.0%,"['#italien', '#italia', '#italy', '#]']"
cluster 91,0.0%,0.0%,0.0%,0.0%,0.0%,0.0%,"['#milch', '#smile', '#style', '#milk', '#]']"
cluster 92,0.0%,0.0%,0.0%,0.0%,0.0%,0.0%,"['#sphinx', '#skiing', '#spring', '#]']"
cluster 93,0.0%,0.0%,0.0%,0.0%,0.0%,0.0%,"['#shooting', '#shopping', '#]']"
cluster 94,0.0%,0.0%,0.0%,0.0%,0.0%,0.0%,"['#greece', '#green', '#]']"
cluster 95,0.0%,0.0%,0.0%,0.0%,0.0%,0.0%,"['#burger', '#hunger', '#]']"
cluster 96,0.0%,0.0%,0.0%,0.0%,0.0%,0.0%,"['#cherry', '#cheers', '#]']"
cluster 97,0.0%,0.0%,0.0%,0.0%,0.0%,0.0%,"['#sunrise', '#surprise', '#]']"
cluster 98,0.0%,0.0%,0.0%,0.0%,0.0%,0.0%,"['#ostern', '#fottern', '#]']"
cluster 99,8.33%,0.0%,0.0%,0.0%,0.0%,14.29%,"['#local', '#vocals', '#]']"
cluster 100,0.0%,0.0%,0.0%,0.0%,0.0%,0.0%,"['#easter', '#eistee', '#]']"
cluster 101,8.33%,0.0%,0.0%,11.11%,0.0%,0.0%,"['#cooking', '#cookies', '#]']"
cluster 102,0.0%,0.0%,0.0%,0.0%,0.0%,0.0%,"['#refreshing', '#forest', '#fleisch', '#sofresh', '#refresh', '#frisch', '#fresh', '#]']"
cluster 103,0.0%,0.0%,0.0%,0.0%,0.0%,0.0%,"['#running', '#berufung', '#zeitung', '#reading', '#werbung', '#wermut', '#wedding', '#relaxing', '#]']"
cluster 104,0.0%,0.0%,0.0%,0.0%,0.0%,0.0%,"['#travelingram', '#travelgram', '#]']"
cluster 105,0.0%,0.0%,0.0%,0.0%,0.0%,0.0%,"['#pizza', '#giza', '#]']"
cluster 106,0.0%,0.0%,0.0%,0.0%,0.0%,0.0%,"['#nye2021', '#2021', '#2017', '#2k19', '#]']"
cluster 107,0.0%,0.0%,0.0%,0.0%,0.0%,0.0%,"['#erfrischung', '#erfrischend', '#]']"
cluster 108,0.0%,0.0%,0.0%,0.0%,0.0%,0.0%,"['#milch', '#beach', '#merch', '#beauty', '#beats', '#black', '#]']"
cluster 109,0.0%,0.0%,0.0%,0.0%,0.0%,0.0%,"['#animals', '#banana', '#ananas', '#]']"
cluster 110,0.0%,0.0%,0.0%,0.0%,0.0%,0.0%,"['#sundowner', '#sunflower', '#sundown', '#]']"
cluster 111,0.0%,0.0%,0.0%,0.0%,0.0%,0.0%,"['#bloggerde', '#blogger', '#bloggerat', '#]']"
cluster 112,0.0%,0.0%,0.0%,0.0%,0.0%,0.0%,"['#kerzen', '#ferien', '#feiern', '#lernen', '#]']"
cluster 113,0.0%,0.0%,0.0%,0.0%,0.0%,0.0%,"['#gründerin', '#opening', '#rendering', '#reopening', '#]']"
cluster 114,0.0%,0.0%,0.0%,0.0%,0.0%,0.0%,"['#fotoshooting', '#photoshooting', '#photoshoot', '#]']"
cluster 115,0.0%,0.0%,0.0%,0.0%,0.0%,0.0%,"['#lunch', '#brunch', '#]']"
cluster 116,0.0%,0.0%,0.0%,0.0%,0.0%,0.0%,"['#christmastree', '#christmastime', '#]']"
cluster 117,0.0%,0.0%,0.0%,0.0%,0.0%,0.0%,"['#frühstückingraz', '#frühstückeningraz', '#]']"
cluster 118,8.33%,0.0%,0.0%,0.0%,0.0%,0.0%,"['#grazerblogger', '#grazblogger', '#travelblogger', '#]']"
cluster 119,0.0%,0.0%,0.0%,0.0%,0.0%,0.0%,"['#kochenmitliebe', '#backenistliebe', '#backenmitliebe', '#]']"
cluster 120,0.0%,0.0%,0.0%,0.0%,0.0%,0.0%,"['#entspannen', '#entspannung', '#]']"
cluster 121,0.0%,0.0%,0.0%,0.0%,0.0%,0.0%,"['#amazing', '#ameizing', '#]']"
cluster 122,0.0%,0.0%,0.0%,0.0%,0.0%,0.0%,"['#salzburg', '#amberg', '#ffkumberg', '#kumberg', '#hamburg', '#]']"
cluster 123,0.0%,0.0%,0.0%,0.0%,0.0%,0.0%,"['#bridge', '#pride', '#]']"
cluster 124,0.0%,0.0%,0.0%,0.0%,0.0%,0.0%,"['#cgartist', '#artist', '#]']"
cluster 125,0.0%,0.0%,0.0%,0.0%,0.0%,0.0%,"['#colours', '#clouds', '#]']"
cluster 126,0.0%,0.0%,0.0%,0.0%,0.0%,0.0%,"['#salami', '#safari', '#]']"
cluster 127,0.0%,0.0%,0.0%,0.0%,0.0%,0.0%,"['#detox', '#deko', '#]']"
cluster 128,0.0%,0.0%,0.0%,0.0%,0.0%,0.0%,"['#foodstagram', '#bookstagram', '#]']"
cluster 129,0.0%,0.0%,0.0%,0.0%,0.0%,0.0%,"['#bewusstessen', '#bewusstsein', '#bewusstheit', '#]']"
cluster 130,0.0%,0.0%,0.0%,0.0%,0.0%,0.0%,"['#gründer', '#gründerin', '#]']"
cluster 131,0.0%,0.0%,0.0%,0.0%,0.0%,0.0%,"['#feminism', '#feminismus', '#]']"
cluster 132,0.0%,0.0%,0.0%,0.0%,0.0%,0.0%,"['#fruchtig', '#frucht', '#]']"
cluster 133,0.0%,0.0%,0.0%,0.0%,0.0%,0.0%,"['#lendplatz', '#sandplatz', '#]']"
cluster 134,0.0%,0.0%,0.0%,0.0%,0.0%,0.0%,"['#discoverunder5k', '#discoverunder10k', '#]']"
cluster 135,0.0%,0.0%,0.0%,0.0%,0.0%,0.0%,"['#tellers', '#tflers', '#flowers', '#]']"
cluster 136,0.0%,0.0%,0.0%,0.0%,0.0%,0.0%,"['#wermut', '#wermouth', '#]']"
cluster 137,0.0%,0.0%,0.0%,0.0%,0.0%,0.0%,"['#winelife', '#wildlife', '#citylife', '#]']"
cluster 138,0.0%,0.0%,0.0%,0.0%,0.0%,0.0%,"['#longhair', '#blondhair', '#]']"
cluster 139,0.0%,0.0%,0.0%,0.0%,0.0%,0.0%,"['#pumps', '#sumpf', '#]']"
cluster 140,0.0%,0.0%,0.0%,0.0%,0.0%,0.0%,"['#cinema', '#cinema4d', '#]']"
cluster 141,0.0%,0.0%,0.0%,0.0%,0.0%,0.0%,"['#lovewhatwedo', '#welovewhatwedo', '#]']"
cluster 142,0.0%,0.0%,0.0%,0.0%,0.0%,0.0%,"['#tagung', '#laguna', '#]']"
cluster 143,0.0%,0.0%,0.0%,0.0%,0.0%,0.0%,"['#formulae', '#formulaone', '#]']"
cluster 144,0.0%,0.0%,0.0%,0.0%,0.0%,0.0%,"['#uaelife', '#unilife', '#]']"
cluster 145,0.0%,0.0%,0.0%,0.0%,0.0%,0.0%,"['#dubai', '#mydubai', '#]']"
cluster 146,0.0%,0.0%,0.0%,0.0%,0.0%,0.0%,"['#abbau', '#aufbau', '#]']"
cluster 147,0.0%,0.0%,0.0%,0.0%,0.0%,0.0%,"['#motiondesigner', '#motiondesign', '#3dmotiondesign', '#]']"
cluster 148,0.0%,0.0%,0.0%,0.0%,0.0%,0.0%,"['#rendering', '#3drendering', '#]']"
cluster 149,0.0%,0.0%,0.0%,0.0%,0.0%,0.0%,"['#redshift3d', '#redshift', '#]']"
cluster 150,0.0%,0.0%,0.0%,0.0%,0.0%,0.0%,"['#avbaby', '#AVbaby', '#]']"
cluster 151,0.0%,0.0%,0.0%,0.0%,0.0%,0.0%,"['#lightroom', '#lightroomcc', '#]']"
cluster 152,0.0%,0.0%,0.0%,0.0%,0.0%,0.0%,"['#setup', '#pcsetup', '#]']"
cluster 153,0.0%,0.0%,0.0%,0.0%,0.0%,0.0%,"['#summertime', '#summervibes', '#summerstyle', '#summerlove', '#summerbody', '#]']"
cluster 154,0.0%,0.0%,0.0%,0.0%,0.0%,0.0%,"['#igersstyria', '#igersaustria', '#]']"
cluster 155,0.0%,0.0%,0.0%,0.0%,0.0%,0.0%,"['#relax', '#vegan', '#]']"
cluster 156,0.0%,0.0%,0.0%,0.0%,0.0%,0.0%,"['#fashion', '#vision', '#]']"
cluster 157,0.0%,0.0%,0.0%,0.0%,0.0%,0.0%,"['#quoteoftheday', '#photooftheday', '#]']"
cluster 158,0.0%,0.0%,0.0%,0.0%,0.0%,0.0%,"['#beautiful', '#beautifulday', '#]']"
cluster 159,0.0%,0.0%,0.0%,0.0%,0.0%,0.0%,"['#vacationvibes', '#vacationmode', '#vacationtime', '#]']"
cluster 160,0.0%,0.0%,0.0%,0.0%,0.0%,0.0%,"['#creative', '#kroatien', '#croatia', '#]']"
cluster 161,0.0%,0.0%,0.0%,0.0%,0.0%,0.0%,"['#visitaustria', '#visitstyria', '#]']"
cluster 162,0.0%,0.0%,0.0%,0.0%,0.0%,0.0%,"['#asianfood', '#veganfood', '#]']"
cluster 163,0.0%,0.0%,0.0%,0.0%,0.0%,0.0%,"['#motivation', '#meditation', '#]']"
cluster 164,0.0%,0.0%,0.0%,0.0%,0.0%,0.0%,"['#vatertag', '#muttertag', '#]']"
cluster 165,0.0%,0.0%,0.0%,0.0%,0.0%,0.0%,"['#memories', '#berries', '#]']"
cluster 166,0.0%,0.0%,0.0%,0.0%,0.0%,0.0%,"['#igerswien', '#igersvienna', '#]']"
cluster 167,0.0%,0.0%,0.0%,0.0%,0.0%,0.0%,"['#vegetarian', '#vegetarisch', '#]']"
cluster 168,0.0%,0.0%,0.0%,0.0%,0.0%,0.0%,"['#valentinstag', '#valentinesday', '#]']"
cluster 169,0.0%,0.0%,0.0%,0.0%,0.0%,0.0%,"['#roadtrip', '#roadtrippin', '#]']"
cluster 170,0.0%,0.0%,0.0%,0.0%,0.0%,0.0%,"['#genießen', '#gewinnen', '#]']"
cluster 171,0.0%,0.0%,0.0%,0.0%,0.0%,0.0%,"['#enjoy', '#energy', '#]']"
cluster 172,0.0%,0.0%,0.0%,0.0%,0.0%,0.0%,"['#christbaum', '#christmas', '#]']"
cluster 173,0.0%,0.0%,0.0%,0.0%,0.0%,0.0%,"['#takeaway', '#giveaway', '#]']"
cluster 174,0.0%,0.0%,0.0%,0.0%,0.0%,0.0%,"['#interior', '#interview', '#]']"
cluster 175,0.0%,0.0%,0.0%,0.0%,0.0%,0.0%,"['#newwork', '#artwork', '#teamwork', '#croword', '#afterwork', '#]']"
cluster 176,0.0%,0.0%,0.0%,0.0%,0.0%,0.0%,"['#artoftheday', '#picoftheday', '#]']"
cluster 177,0.0%,0.0%,0.0%,0.0%,0.0%,0.0%,"['#musicvideo', '#musiclife', '#]']"
cluster 178,0.0%,0.0%,0.0%,0.0%,0.0%,0.0%,"['#sonnenuntergang', '#zumsonnenuntergang', '#]']"
cluster 179,0.0%,0.0%,0.0%,0.0%,0.0%,0.0%,"['#catsofinstagram', '#artofinstagram', '#]']"
cluster 180,0.0%,0.0%,0.0%,0.0%,0.0%,14.29%,"['#handmade', '#homemade', '#]']"
cluster 181,0.0%,0.0%,0.0%,0.0%,0.0%,0.0%,"['#podcast', '#podcasting', '#]']"
cluster 182,0.0%,0.0%,0.0%,0.0%,0.0%,0.0%,"['#gönnung', '#running', '#]']"
cluster 183,0.0%,0.0%,0.0%,0.0%,0.0%,0.0%,"['#enjoyinglife', '#enjoylife', '#]']"
cluster 184,0.0%,0.0%,0.0%,0.0%,0.0%,0.0%,"['#instadaily', '#instadrink', '#]']"
cluster 185,0.0%,0.0%,0.0%,0.0%,0.0%,0.0%,"['#events', '#presents', '#]']"
cluster 186,0.0%,0.0%,0.0%,0.0%,0.0%,0.0%,"['#doityourself', '#loveyourself', '#]']"
cluster 187,0.0%,0.0%,0.0%,0.0%,0.0%,0.0%,"['#chocolate', '#hotchocolate', '#schokolade', '#]']"
cluster 188,0.0%,0.0%,14.29%,0.0%,0.0%,0.0%,"['#celebration', '#celebrate', '#]']"
cluster 189,0.0%,0.0%,0.0%,0.0%,0.0%,0.0%,"['#fashionblogger', '#fashionlover', '#]']"
cluster 190,0.0%,0.0%,0.0%,0.0%,0.0%,0.0%,"['#fashioninspo', '#fashionista', '#]']"
cluster 191,0.0%,0.0%,0.0%,0.0%,0.0%,0.0%,"['#challenge', '#newchallenge', '#]']"
cluster 192,0.0%,0.0%,0.0%,0.0%,0.0%,0.0%,"['#highheels', '#redhighheels', '#]']"
cluster 193,0.0%,0.0%,0.0%,0.0%,0.0%,0.0%,"['#holidaymood', '#fridaymood', '#mondaymood', '#]']"
cluster 194,0.0%,0.0%,0.0%,0.0%,0.0%,0.0%,"['#yellowshoes', '#yellowheels', '#]']"
cluster 195,0.0%,0.0%,0.0%,0.0%,0.0%,0.0%,"['#flowerstagram', '#flowergram', '#]']"
cluster 196,0.0%,0.0%,0.0%,0.0%,0.0%,0.0%,"['#lebensfreude', '#herzensfreude', '#]']"
cluster 197,0.0%,0.0%,0.0%,0.0%,0.0%,0.0%,"['#perfect', '#perfectday', '#]']"
cluster 198,0.0%,0.0%,0.0%,0.0%,0.0%,0.0%,"['#ootdfashion', '#fairfashion', '#nakdfashion', '#]']"
cluster 199,0.0%,0.0%,0.0%,0.0%,0.0%,0.0%,"['#womenpower', '#manpower', '#]']"
cluster 200,0.0%,0.0%,0.0%,0.0%,0.0%,0.0%,"['#mountainview', '#mountainbike', '#mountainlove', '#]']"
cluster 201,0.0%,0.0%,0.0%,0.0%,0.0%,0.0%,"['#brotliebe', '#grazliebe', '#]']"
cluster 202,0.0%,0.0%,0.0%,0.0%,0.0%,0.0%,"['#gründerszene', '#grünersee', '#]']"
cluster 203,0.0%,0.0%,0.0%,0.0%,0.0%,0.0%,"['#visitegypt', '#thisisegypt', '#]']"
cluster 204,0.0%,0.0%,0.0%,0.0%,0.0%,0.0%,"['#egiptologia', '#egyptology', '#]']"
cluster 205,0.0%,0.0%,0.0%,0.0%,0.0%,0.0%,"['#filmrig', '#filmcrew', '#]']"
cluster 206,0.0%,0.0%,0.0%,0.0%,0.0%,0.0%,"['#postproduction', '#preproduction', '#]']"
