cluster,used_hashtags
cluster 1,"['graz', 'love', 'travel', 'nature', 'vegan', 'vienna', 'startup', 'fun', 'yummy', 'sun', 'happy', 'art', 'wien', 'family', 'natur', 'food', 'drinks', 'icetea', 'hiking', 'party', 'lecker', 'tb', 'sunset', 'italy', 'sunday', 'music', 'goodvibes', 'relax', 'sommer', 'wandern', 'win', 'veganfood', 'tasty', 'style', 'spring', 'sea', 'healthy', 'shooting', 'genuss', 'home', 'happyme', 'tea', 'greece', 'sunshine', 'friday', 'tbt', 'winter', 'burger', 'drink', 'cheers', 'berries', 'sunrise', 'ostern', 'local', 'eistee', 'cute', 'cooking', 'fresh', 'relaxing', 'mood', 'nice', 'view', 'memories', 'mindset', 'sunnyday', 'enjoy', 'cake', 'pizza', 'liebe', 'freude', 'bio', 'goals', 'ootd', 'instafood', 'kochen', 'foodie', 'shopping', 'kaffee', 'venice', 'cat', 'life', 'beach', 'smile', 'goodtimes', 'sweet', 'beer', 'gin', 'xmas', 'banana', 'snack', 'break', 'pumpkin', 'bbq', 'fruits', 'birthday', 'mut', 'blogger', 'dessert', 'ferien', 'bowl', 'brot', 'ingwer', 'new', 'herbst', 'wein', 'wedding', 'beauty', 'bhfyp', 'running', 'repost', 'hotel', 'essen', 'selfie', 'corona', 'veggie', 'share', 'team', 'trinken', 'urlaub', 'selfmade', 'ginger', 'quotes', 'urban', 'brunch', 'linz', 'snow', 'pool', 'best', 'nye', 'inlove', 'igers', 'happygirl', 'autumn', 'diy', 'office', '2k19', 'cold', 'sofree', 'tomaten', 'italien', 'teatime', 'bar', 'alcohol', 'wood', 'matcha', 'like', 'health', 'tee', 'chili', 'kärnten', 'grillen', 'news', 'icecream', 'girls', 'vacay', 'monday', 'pasta', 'split', 'gesund', 'backen', 'kuchen', 'torte', 'reels', 'erdbeeren', 'curry', 'asianfood', 'sport', 'gemüse', 'newdrink', 'lernen', 'picture', 'loveit', 'couple', 'sushi', 'outfit', 'yoga', 'Repost', 'review', 'cool', 'marry', 'lunch', 'insta', 'memes', 'design', 'kids', 'herz', 'fleisch', 'gastro', 'wine', 'icedtea', 'freitag', 'teeliebe', 'montag', 'mate', 'lemon', 'berlin', 'frisch', 'italia', 'prost', 'dog', 'vollfein', 'auszeit', 'vote', 'proud', 'wienliebe', 'water', 'sonne', 'sonntag', 'ocean', 'feiern', 'swimming', 'donau', 'Graz', 'weather', 'great', 'wow', 'bay', 'green', 'skiing', 'tennis', 'amazing', 'happyplace', 'dream', 'india', 'krk', 'sunnydays', 'oldtown', 'musik', 'nacht', 'concert', 'gmunden', 'rain', 'bestteam', 'ameizing', 'events', 'pride', 'artist', 'sports', 'winzer', 'iphone', 'studio', 'onset', 'creative', 'shoot', 'sofresh', 'catlover', 'carlover', 'vibe', 'vibes', 'lend', 'cargirl', 'bmw', 'luxury', 'austin', 'brand', 'growth', 'glitter', 'colours', 'beerporn', 'chef', 'naturpur', 'beachday', 'mare', 'dresden', 'clouds', 'protein', 'cookies', 'salami', 'forest', 'snacks', 'chai', 'japan', 'detox', 'milktea', 'cider', 'apple', 'yummi', 'spicy', 'merch', 'easter', 'collab', 'plants', 'seafood', 'hvar', 'sunny', 'ship', 'bosnia', 'horse', 'burrata', 'meow', 'london', 'bibione', 'vision', 'soundhorn', 'autorin', 'gründer', 'frauentag', 'women', 'garten', 'grazfood', 'soulfood', 'hunger', 'mexico', 'tarte', 'veggiefood', 'italianfood', 'polenta', 'koffein', 'guarana', 'recover', 'eis', 'hanf', 'apfel', 'mango', 'ananas', 'cassis', 'frucht', 'buffet', 'jan', 'dec', 'hello', 'bye', 'dressup', 'france', 'selflove', 'florence', 'workout', 'gelato', 'nike', 'schweiz', 'future', 'bridge', 'service', 'tellers', 'beats', 'foto', 'genial', 'foodies', 'photo', 'shots', 'lgbt', 'lgbtq', 'video', 'ringana', 'vanille', 'deko', 'update', 'finally', 'buylocal', 'mode', 'rezept', 'dose', 'kunst', 'küche', 'job', 'milch', 'holunder', 'bestfood', 'vino', 'blog', 'reading', 'taste', 'singen', 'cherry', 'tealover', 'fruity', 'beeren', 'blacktea', 'probieren', 'zitrone', 'wasser', 'pure', 'tester', 'minze', 'hitze', 'milk', 'tasting', 'bingo', 'band', 'game', 'girl', 'classy', 'tulips', 'corgi', 'skate', 'jeans', 'opening', 'rost', 'rose', 'wermut', 'wermouth', 'winelife', 'superfood', 'soon', 'success', 'brunchbox', 'pumps', 'sundown', 'moda', 'happylife', 'vorfreude', 'funny', 'crazy', 'newmusic', 'popmusic', 'musiclife', 'singer', 'pop', 'vocals', 'cover', 'seaside', 'hund', 'blumen', 'tealove', 'blooming', 'makeup', 'zeit', 'kino', 'fair', 'tattoo', 'cats', 'goodtime', 'fottern', 'danke', 'trees', 'zeitung', 'newin', 'mixing', 'bier', 'matetea', 'cinema', 'familie', 'see', 'dusk', 'park', 'student', 'fruit', 'unique', 'discover', 'meat', 'black', 'süßes', 'moments', 'duft', 'äpfel', 'red', 'chill', 'moon', 'lake', 'support', 'europe', 'redheels', 'steirer', 'Corona', 'laguna', 'goodlife', 'freedom', 'uk', 'chillin', 'losinj', 'blue', 'town', 'veli', 'gymlife', 'bulking', 'chipsy', 'brrrt', 'formulae', 'jp', 'sleepy', 'little', 'bestes', 'wetter', 'uae', 'uaelife', 'dubai', 'bf', 'cairo', 'egypt', 'giza', 'desert', 'happydunes', 'africa', 'kenya', 'teafarm', 'grow', 'egyptian', 'mylove', 'egitto', 'sphinx', 'athens', 'dubailife', 'dxb', 'sailing', 'safari', 'wildlife', 'nairobi', 'lebanon', 'usa', 'onehappyiris', 'sunkissed', 'happyiris', 'tflers', 'happytimes', 'greattime', 'slowdown', 'happyfall', 'unilife', 'smiling', 'igdaily', 'schnee', 'sumpf', 'nebel', 'nissan', 'flir', 'kerzen', 'feuer', 'stadt', 'wald', 'öbb', 'eventants', 'culture', 'gala', 'formel1', 'atp', 'soccer', 'abbau', 'aufbau', 'boss', 'catsday', 'em', 'tagung', 'meeting', 'TOP', 'noctua', 'pccooling', 'cpu', 'cgi', 'vfx', 'cgistudio', 'cgstudio', 'c4d', 'avbaby', 'kessler', 'dji', 'ronin', 'ligt', 'metal', 'bts', 'setup', 'vfxartist', 'vfxstudio', 'dell', 'trvp', 'cgartist', 'rendering', 'AVbaby', 'maxon', 'razer', 'ikea', 'benq', 'dp', 'alps', 'a7s', 'xeen', 'cine', 'atomos']"
cluster 2,"['summer', 'soccer', 'singer', 'sumpf', 'amberg', 'burger', 'yummi', 'curry', 'yummy', 'sunset', 'hausberg', 'kumberg', 'sommer', 'hunger', 'hamburg']"
cluster 3,"['igergraz', 'igersgraz', 'igerslinz', 'cidergram', 'igerswien']"
cluster 4,"['tester', 'jp', 'picture', 'winzer', 'wetter', 'nature', 'cats', 'game', 'natur', 'skate', 'culture', 'mare', 'rost', 'rose', 'mate', 'dusk', 'park', 'future', 'razer', 'beats', 'hunger', 'vote', 'duft', 'tarte', 'water', 'usa', 'mode', 'easter', 'dose', 'weather', 'winter', 'singer', 'taste', 'uk', 'ingwer', 'horse', 'wasser', 'pure']"
cluster 5,"['startups', 'startup']"
cluster 6,"['zeit', 'kino', 'love', 'fair', 'winzer', 'cats', 'shoot', 'vienna', 'fun', 'vibe', 'vibes', 'lend', 'sun', 'weekend', 'holiday', 'happy', 'art', 'wien', 'bmw', 'danke', 'coffee', 'food', 'trees', 'chef', 'mare', 'newin', 'bier', 'party', 'see', 'tb', 'park', 'sunday', 'meat', 'win', 'tasty', 'chai', 'duft', 'red', 'sea', 'moon', 'japan', 'cider', 'chill', 'lake', 'home', 'happyme', 'tea', 'tbt', 'winter', 'hvar', 'sunny', 'uk', 'chillin', 'local', 'horse', 'town', 'blue', 'happyday', 'cute', 'meow', 'brrrt', 'mood', 'jp', 'nice', 'view', 'uae', 'bf', 'cairo', 'giza', 'cake', 'women', 'liebe', 'bio', 'ootd', 'dxb', 'cat', 'life', 'happysunday', 'tarte', 'sweet', 'beer', 'gin', 'usa', 'bbq', 'recover', 'eis', 'happysaturday', 'hanf', 'mango', 'mut', 'happyfriday', 'bowl', 'brot', 'new', 'happyfall', 'herbst', 'wein', 'repost', 'hotel', 'jan', 'dec', 'bye', 'share', 'team', 'feuer', 'wald', 'öbb', 'linz', 'snow', 'pool', 'best', 'nye', 'nike', 'diy', 'cold', 'beats', 'foto', 'atp', 'photo', 'shots', 'bar', 'lgbt', 'video', 'boss', 'wood', 'like', 'tee', 'chili', 'deko', 'news', 'em', 'mode', 'monday', 'dose', 'job', 'cpu', 'vino', 'blog', 'cgi', 'torte', 'taste', 'reels', 'c4d', 'beeren', 'dji', 'ronin', 'pure', 'ligt', 'minze', 'hitze', 'bts', 'bingo', 'band', 'game', 'girl', 'yoga', 'review', 'cool', 'marry', 'corgi', 'skate', 'jeans', 'kids', 'wine', 'rose', 'rost', 'mate', 'soon', 'prost', 'dog', 'ikea', 'benq', 'vote', 'proud', 'dp', 'a7s', 'xeen', 'cine', 'moda', 'sonne', 'feiern', 'funny', 'wow', 'bay', 'pop', 'krk', 'cover', 'hund', 'blumen', 'rain']"
cluster 7,"['yummy', 'yummi']"
cluster 8,"['holidays', 'holiday', 'friday']"
cluster 9,"['win', 'view', 'cine', 'wine', 'gin', 'wein', 'wien']"
cluster 10,"['Gewinnspiel', 'gewinnspiel']"
cluster 11,"['ınstagood', 'instafood', 'drinkstagram', 'instagram', 'instagood']"
cluster 12,"['food', 'pool', 'wood', 'moon', 'foto', 'bowl', 'ootd', 'wald', 'foodie', 'soon', 'cool', 'meow', 'cold', 'mood']"
cluster 13,"['freude', 'drinks', 'friendship', 'drink', 'ferien', 'trinken', 'friends', 'greece', 'fresh']"
cluster 14,"['icedtea', 'icetea']"
cluster 15,"['foodblog', 'foodlovers', 'foodblogger', 'foodlover']"
cluster 16,"['österreich', 'Österreich']"
cluster 17,"['cat', 'job', 'liebe', 'bbq', 'like', 'tee', 'tb', 'art', 'tea', 'cake', 'cute', 'tbt']"
cluster 18,"['music', 'dusk', 'musik']"
cluster 19,"['Lockdown', 'lockdown', 'london', 'slowdown']"
cluster 20,"['tasty', 'tarte', 'taste', 'india', 'party', 'curry', 'cherry', 'energy', 'marry', 'pasta', 'insta']"
cluster 21,"['sea', 'team', 'tee', 'see', 'tea']"
cluster 22,"['montag', 'mountains', 'mountain']"
cluster 23,"['healthy', 'health']"
cluster 24,"['cocktails', 'cocktailbar', 'cocktail']"
cluster 25,"['naturelover', 'naturelovers', 'naturelove']"
cluster 26,"['winter', 'winzer', 'singen', 'ingwer', 'ginger', 'hunger']"
cluster 27,"['coffeelovers', 'coffeelover']"
cluster 28,"['verrucktnachmarry', 'verrücktnachmarry', 'verrücktnachbarry']"
cluster 29,"['nice', 'loveit', 'love', 'liebe', 'nye', 'inlove', 'rose', 'nike', 'mylove', 'winelife', 'venice', 'life', 'vote', 'like', 'lake', 'home', 'mode', 'dose', 'winelover', 'cover', 'horse']"
cluster 30,"['sonntag', 'sunnyday', 'montag', 'sunnydays', 'sunday', 'monday']"
cluster 31,"['cute', 'cake', 'lake']"
cluster 32,"['newyears', 'newyearsparty', 'newyearsday', 'newyear', 'newyearseve']"
cluster 33,"['kuchen', 'kochen', 'küche']"
cluster 34,"['cookies', 'foodie', 'foodies']"
cluster 35,"['cat', 'cats']"
cluster 36,"['inlove', 'life', 'like', 'love']"
cluster 37,"['goodtimes', 'goodvibes', 'goodtime', 'goodlife']"
cluster 38,"['bier', 'best', 'beer']"
cluster 39,"['geschenk', 'geschenke']"
cluster 40,"['snacks', 'snack', 'black']"
cluster 41,"['frucht', 'fruity', 'fruit', 'fruits', 'family']"
cluster 42,"['dessert', 'desserts', 'desert']"
cluster 43,"['new', 'news']"
cluster 44,"['repost', 'Repost']"
cluster 45,"['rezepte', 'rezept']"
cluster 46,"['Corona', 'corona']"
cluster 47,"['singer', 'singen', 'ginger']"
cluster 48,"['cool', 'pool']"
cluster 49,"['bye', 'nye']"
cluster 50,"['travelingram', 'travel', 'studio', 'strudel', 'student', 'travelling', 'traveling']"
cluster 51,"['bay', 'bar']"
cluster 52,"['chill', 'chili']"
cluster 53,"['amazing', 'magazin', 'magazine', 'reading']"
cluster 54,"['vocalist', 'vocals', 'gala', 'goals', 'girl', 'girls']"
cluster 55,"['tarte', 'torte']"
cluster 56,"['erdbeere', 'erdbeeren']"
cluster 57,"['sports', 'shots', 'shoot', 'support', 'sport', 'split']"
cluster 58,"['mate', 'mare']"
cluster 59,"['prost', 'rost', 'rose']"
cluster 60,"['catlovers', 'carlovers', 'catlover', 'carlover', 'tealover']"
cluster 61,"['vibe', 'vibes']"
cluster 62,"['band', 'brand']"
cluster 63,"['beachwaves', 'beachday', 'beachdays']"
cluster 64,"['funny', 'sunny']"
cluster 65,"['sommerdrink', 'summerdress', 'summerdrink']"
cluster 66,"['äpfel', 'apfel']"
cluster 67,"['lgbtq', 'lgbt']"
cluster 68,"['mode', 'moda']"
cluster 69,"['dose', 'rose']"
cluster 70,"['kino', 'vino']"
cluster 71,"['tealover', 'tealove']"
cluster 72,"['quarantäne', 'quarantine']"
cluster 73,"['fair', 'flir']"
cluster 74,"['bestfriend', 'bestfriends']"
cluster 75,"['jp', 'dp']"
cluster 76,"['pyramids', 'pyramid']"
cluster 77,"['egypt', 'egipto', 'egitto']"
cluster 78,"['sailing', 'skiing', 'hiking', 'mixing', 'swimming', 'smiling']"
cluster 79,"['schneschuhwandern', 'schneeschuhwandern']"
cluster 80,"['studio', 'styria', 'cgistudio', 'cgstudio']"
cluster 81,"['austria', 'auszeit', 'style', 'klarheit', 'mahlzeit', 'styria', 'wahrheit', 'australia', 'autorin', 'italia', 'austin']"
cluster 82,"['love', 'hotel', 'home']"
cluster 83,"['fotography', 'fotografie', 'photography']"
cluster 84,"['happyme', 'happy']"
cluster 85,"['art', 'party']"
cluster 86,"['familie', 'familytime', 'smile', 'family']"
cluster 87,"['buffet', 'coffee', 'couple', 'icecoffee', 'sofresh', 'office', 'koffein', 'sofree', 'kaffee']"
cluster 88,"['spring', 'hiking', 'coaching', 'mixing', 'shooting', 'cooking']"
cluster 89,"['onset', 'kunst', 'sunset']"
cluster 90,"['italien', 'italia', 'italy']"
cluster 91,"['milch', 'smile', 'style', 'milk']"
cluster 92,"['sphinx', 'skiing', 'spring']"
cluster 93,"['shooting', 'shopping']"
cluster 94,"['greece', 'green']"
cluster 95,"['burger', 'hunger']"
cluster 96,"['cherry', 'cheers']"
cluster 97,"['sunrise', 'surprise']"
cluster 98,"['ostern', 'fottern']"
cluster 99,"['local', 'vocals']"
cluster 100,"['easter', 'eistee']"
cluster 101,"['cooking', 'cookies']"
cluster 102,"['refreshing', 'forest', 'fleisch', 'sofresh', 'refresh', 'frisch', 'fresh']"
cluster 103,"['running', 'berufung', 'zeitung', 'reading', 'werbung', 'wermut', 'wedding', 'relaxing']"
cluster 104,"['travelingram', 'travelgram']"
cluster 105,"['pizza', 'giza']"
cluster 106,"['nye2021', '2021', '2017', '2k19']"
cluster 107,"['erfrischung', 'erfrischend']"
cluster 108,"['milch', 'beach', 'merch', 'beauty', 'beats', 'black']"
cluster 109,"['animals', 'banana', 'ananas']"
cluster 110,"['sundowner', 'sunflower', 'sundown']"
cluster 111,"['bloggerde', 'blogger', 'bloggerat']"
cluster 112,"['kerzen', 'ferien', 'feiern', 'lernen']"
cluster 113,"['gründerin', 'opening', 'rendering', 'reopening']"
cluster 114,"['fotoshooting', 'photoshooting', 'photoshoot']"
cluster 115,"['lunch', 'brunch']"
cluster 116,"['christmastree', 'christmastime']"
cluster 117,"['frühstückingraz', 'frühstückeningraz']"
cluster 118,"['grazerblogger', 'grazblogger', 'travelblogger']"
cluster 119,"['kochenmitliebe', 'backenistliebe', 'backenmitliebe']"
cluster 120,"['entspannen', 'entspannung']"
cluster 121,"['amazing', 'ameizing']"
cluster 122,"['salzburg', 'amberg', 'ffkumberg', 'kumberg', 'hamburg']"
cluster 123,"['bridge', 'pride']"
cluster 124,"['cgartist', 'artist']"
cluster 125,"['colours', 'clouds']"
cluster 126,"['salami', 'safari']"
cluster 127,"['detox', 'deko']"
cluster 128,"['foodstagram', 'bookstagram']"
cluster 129,"['bewusstessen', 'bewusstsein', 'bewusstheit']"
cluster 130,"['gründer', 'gründerin']"
cluster 131,"['feminism', 'feminismus']"
cluster 132,"['fruchtig', 'frucht']"
cluster 133,"['lendplatz', 'sandplatz']"
cluster 134,"['discoverunder5k', 'discoverunder10k']"
cluster 135,"['tellers', 'tflers', 'flowers']"
cluster 136,"['wermut', 'wermouth']"
cluster 137,"['winelife', 'wildlife', 'citylife']"
cluster 138,"['longhair', 'blondhair']"
cluster 139,"['pumps', 'sumpf']"
cluster 140,"['cinema', 'cinema4d']"
cluster 141,"['lovewhatwedo', 'welovewhatwedo']"
cluster 142,"['tagung', 'laguna']"
cluster 143,"['formulae', 'formulaone']"
cluster 144,"['uaelife', 'unilife']"
cluster 145,"['dubai', 'mydubai']"
cluster 146,"['abbau', 'aufbau']"
cluster 147,"['motiondesigner', 'motiondesign', '3dmotiondesign']"
cluster 148,"['rendering', '3drendering']"
cluster 149,"['redshift3d', 'redshift']"
cluster 150,"['avbaby', 'AVbaby']"
cluster 151,"['lightroom', 'lightroomcc']"
cluster 152,"['setup', 'pcsetup']"
cluster 153,"['summertime', 'summervibes', 'summerstyle', 'summerlove', 'summerbody']"
cluster 154,"['igersstyria', 'igersaustria']"
cluster 155,"['relax', 'vegan']"
cluster 156,"['fashion', 'vision']"
cluster 157,"['quoteoftheday', 'photooftheday']"
cluster 158,"['beautiful', 'beautifulday']"
cluster 159,"['vacationvibes', 'vacationmode', 'vacationtime']"
cluster 160,"['creative', 'kroatien', 'croatia']"
cluster 161,"['visitaustria', 'visitstyria']"
cluster 162,"['asianfood', 'veganfood']"
cluster 163,"['motivation', 'meditation']"
cluster 164,"['vatertag', 'muttertag']"
cluster 165,"['memories', 'berries']"
cluster 166,"['igerswien', 'igersvienna']"
cluster 167,"['vegetarian', 'vegetarisch']"
cluster 168,"['valentinstag', 'valentinesday']"
cluster 169,"['roadtrip', 'roadtrippin']"
cluster 170,"['genießen', 'gewinnen']"
cluster 171,"['enjoy', 'energy']"
cluster 172,"['christbaum', 'christmas']"
cluster 173,"['takeaway', 'giveaway']"
cluster 174,"['interior', 'interview']"
cluster 175,"['newwork', 'artwork', 'teamwork', 'croword', 'afterwork']"
cluster 176,"['artoftheday', 'picoftheday']"
cluster 177,"['musicvideo', 'musiclife']"
cluster 178,"['sonnenuntergang', 'zumsonnenuntergang']"
cluster 179,"['catsofinstagram', 'artofinstagram']"
cluster 180,"['handmade', 'homemade']"
cluster 181,"['podcast', 'podcasting']"
cluster 182,"['gönnung', 'running']"
cluster 183,"['enjoyinglife', 'enjoylife']"
cluster 184,"['instadaily', 'instadrink']"
cluster 185,"['events', 'presents']"
cluster 186,"['doityourself', 'loveyourself']"
cluster 187,"['chocolate', 'hotchocolate', 'schokolade']"
cluster 188,"['celebration', 'celebrate']"
cluster 189,"['fashionblogger', 'fashionlover']"
cluster 190,"['fashioninspo', 'fashionista']"
cluster 191,"['challenge', 'newchallenge']"
cluster 192,"['highheels', 'redhighheels']"
cluster 193,"['holidaymood', 'fridaymood', 'mondaymood']"
cluster 194,"['yellowshoes', 'yellowheels']"
cluster 195,"['flowerstagram', 'flowergram']"
cluster 196,"['lebensfreude', 'herzensfreude']"
cluster 197,"['perfect', 'perfectday']"
cluster 198,"['ootdfashion', 'fairfashion', 'nakdfashion']"
cluster 199,"['womenpower', 'manpower']"
cluster 200,"['mountainview', 'mountainbike', 'mountainlove']"
cluster 201,"['brotliebe', 'grazliebe']"
cluster 202,"['gründerszene', 'grünersee']"
cluster 203,"['visitegypt', 'thisisegypt']"
cluster 204,"['egiptologia', 'egyptology']"
cluster 205,"['filmrig', 'filmcrew']"
cluster 206,"['postproduction', 'preproduction']"
