cluster,used_hashtags
levenshtein cluster 1,"['graz', 'great', 'grow', 'dream', 'brot', 'break', 'crazy', 'Graz']"
levenshtein cluster 2,"['summer', 'soccer', 'burger', 'yummi', 'yummy', 'sunset', 'kumberg', 'sommer', 'hunger']"
levenshtein cluster 3,"['igergraz', 'igersgraz', 'igerslinz', 'cidergram', 'igerswien']"
levenshtein cluster 4,"['natur', 'winter', 'singer', 'wetter', 'nature', 'water', 'ingwer', 'mate', 'future']"
levenshtein cluster 5,"['benq', 'dp', 'tarte', 'a7s', 'setup', 'startup', 'sun', 'stadt', 'startups']"
levenshtein cluster 6,"['win', 'mut', 'jan', 'gin', 'fun', 'uk', 'hund', 'sun', 'funny']"
levenshtein cluster 7,"['pumps', 'sumpf', 'pop', 'sunny', 'yummi', 'curry', 'yummy', 'sun', 'funny']"
levenshtein cluster 8,"['sundown', 'holidays', 'sunnydays', 'hund', 'holiday', 'sunday', 'funny', 'monday', 'friday']"
levenshtein cluster 9,"['win', 'sea', 'cine', 'wine', 'gin', 'wein', 'sun', 'wien']"
levenshtein cluster 10,"['Gewinnspiel', 'gewinnspiel']"
levenshtein cluster 11,"['bestfood', 'seafood', 'ınstagood', 'asianfood', 'instafood', 'drinkstagram', 'instagram', 'instagood']"
levenshtein cluster 12,"['food', 'wood', 'moon', 'hund', 'sun', 'see', 'soon', 'mood']"
levenshtein cluster 13,"['freude', 'drinks', 'friendship', 'essen', 'drink', 'ferien', 'friends', 'new', 'wien']"
levenshtein cluster 14,"['icetea', 'milktea', 'icedtea', 'matetea', 'icecream', 'cute', 'tea', 'ikea', 'insta']"
levenshtein cluster 15,"['foodblog', 'foodlovers', 'foodblogger', 'foodlover']"
levenshtein cluster 16,"['österreich', 'Österreich']"
levenshtein cluster 17,"['cat', 'mut', 'bar', 'mare', 'brot', 'krk', 'tb', 'art', 'tbt']"
levenshtein cluster 18,"['duft', 'boss', 'rost', 'musik', 'rose', 'uk', 'dusk', 'music', 'dose']"
levenshtein cluster 19,"['london', 'lockdown', 'torte', 'slowdown', 'Lockdown', 'mode', 'monday', 'dose', 'pure']"
levenshtein cluster 20,"['atp', 'tasty', 'tarte', 'a7s', 'taste', 'party', 'park', 'art', 'pasta']"
levenshtein cluster 21,"['bbq', 'sea', 'team', 'tee', 'see', 'tb', 'tea']"
levenshtein cluster 22,"['makeup', 'metal', 'fair', 'mountains', 'moda', 'montag', 'mate', 'mountain', 'donau']"
levenshtein cluster 23,"['beach', 'bar', 'best', 'healthy', 'health', 'team', 'beauty', 'brunch']"
levenshtein cluster 24,"['cocktails', 'cocktailbar', 'cocktail']"
levenshtein cluster 25,"['naturelover', 'naturelovers', 'naturelove']"
levenshtein cluster 26,"['nice', 'view', 'winter', 'winzer', 'cine', 'wine', 'vibe', 'vibes', 'ginger']"
levenshtein cluster 27,"['coffeelovers', 'coffeelover']"
levenshtein cluster 28,"['verrucktnachmarry', 'verrücktnachmarry', 'verrücktnachbarry']"
levenshtein cluster 29,"['nice', 'loveit', 'love', 'vote', 'like', 'nike', 'lake', 'mode', 'dose']"
levenshtein cluster 30,"['sunny', 'moda', 'sonntag', 'sunnyday', 'montag', 'yoga', 'sunnydays', 'sunday', 'monday']"
levenshtein cluster 31,"['cat', 'mut', 'love', 'vote', 'mylove', 'lake', 'mate', 'cute', 'cake']"
levenshtein cluster 32,"['newyears', 'newyearsparty', 'newyearsday', 'newyear', 'newyearseve']"
levenshtein cluster 33,"['nice', 'milch', 'minze', 'vino', 'kuchen', 'kochen', 'pure', 'küche']"
levenshtein cluster 34,"['food', 'pool', 'moon', 'soon', 'foodie', 'cold', 'cool', 'foto', 'foodies']"
levenshtein cluster 35,"['cat', 'mut', 'öbb', 'lgbt', 'cats', 'tee', 'bf', 'bbq', 'tbt']"
levenshtein cluster 36,"['nice', 'life', 'love', 'nye', 'inlove', 'like', 'rose', 'cover', 'home']"
levenshtein cluster 37,"['goodtimes', 'goodlife', 'goodtime', 'foodie', 'goodvibes', 'foodies']"
levenshtein cluster 38,"['view', 'best', 'bts', 'bio', 'xeen', 'bier', 'beer', 'bf', 'wien']"
levenshtein cluster 39,"['geschenk', 'geschenke']"
levenshtein cluster 40,"['mut', 'snacks', 'essen', 'sea', 'wein', 'snack', 'break', 'bbq', 'black']"
levenshtein cluster 41,"['duft', 'red', 'moon', 'frucht', 'fun', 'fruity', 'fruit', 'fruits']"
levenshtein cluster 42,"['nebel', 'boss', 'dessert', 'desserts', 'beer', 'flir', 'em', 'desert']"
levenshtein cluster 43,"['dec', 'red', 'sea', 'team', 'tee', 'new', 'usa', 'news', 'meat']"
levenshtein cluster 44,"['zeit', 'repost', 'best', 'bestes', 'bts', 'boss', 'rost', 'Repost', 'meat']"
levenshtein cluster 45,"['repost', 'hotel', 'nebel', 'äpfel', 'metal', 'rezepte', 'rose', 'cover', 'rezept']"
levenshtein cluster 46,"['Corona', 'snow', 'moon', 'corona', 'sonne', 'soon', 'cool', 'dog', 'corgi']"
levenshtein cluster 47,"['singer', 'winzer', 'wine', 'singen', 'ingwer', 'vibe', 'ginger', 'hunger']"
levenshtein cluster 48,"['pool', 'moda', 'soon', 'mode', 'cold', 'cool', 'meow', 'mood']"
levenshtein cluster 49,"['kino', 'vino', 'blog', 'nye', 'bio', 'bye', 'bingo', 'beer', 'beeren']"
levenshtein cluster 50,"['trees', 'dp', 'travel', 'strudel', 'travelling', 'art', 'traveling', 'razer', 'trvp']"
levenshtein cluster 51,"['cat', 'bay', 'bar', 'bio', 'mate', 'bmw', 'eis']"
levenshtein cluster 52,"['cpu', 'chai', 'chef', 'cgi', 'chill', 'chili', 'chillin', 'corgi']"
levenshtein cluster 53,"['amazing', 'reading', 'band', 'mixing', 'magazin', 'magazine', 'smiling', 'rain']"
levenshtein cluster 54,"['kino', 'cgi', 'vocals', 'gala', 'goals', 'gin', 'girl', 'girls', 'giza']"
levenshtein cluster 55,"['tasty', 'bar', 'bts', 'tarte', 'uae', 'torte', 'party', 'bf', 'park']"
levenshtein cluster 56,"['memes', 'erdbeere', 'herz', 'xeen', 'erdbeeren', 'lebanon', 'beeren', 'probieren', 'lernen']"
levenshtein cluster 57,"['photo', 'sports', 'shots', 'shoot', 'support', 'soon', 'sport', 'split']"
levenshtein cluster 58,"['danke', 'cats', 'uae', 'mare', 'game', 'nike', 'mate', 'cake']"
levenshtein cluster 59,"['proud', 'blog', 'rost', 'rose', 'brot', 'prost', 'brrrt']"
levenshtein cluster 60,"['catlovers', 'carlovers', 'catlover', 'carlover', 'cover', 'tealover']"
levenshtein cluster 61,"['ligt', 'liebe', 'life', 'cine', 'nike', 'lake', 'gin', 'vibe', 'vibes']"
levenshtein cluster 62,"['bay', 'fair', 'bar', 'bts', 'uae', 'band', 'bier', 'bf', 'brand']"
levenshtein cluster 63,"['milch', 'jeans', 'benq', 'beach', 'dec', 'beachday', 'band', 'beachdays', 'meat']"
levenshtein cluster 64,"['jp', 'jan', 'sunny', 'uk', 'bf', 'sun', 'tb', 'funny', 'dxb']"
levenshtein cluster 65,"['sommerdrink', 'summerdress', 'summerdrink']"
levenshtein cluster 66,"['buffet', 'life', 'äpfel', 'lgbt', 'video', 'bye', 'apfel', 'mode', 'kaffee']"
levenshtein cluster 67,"['job', 'ligt', 'love', 'blog', 'lgbt', 'lgbtq', 'rost', 'game', 'pure']"
levenshtein cluster 68,"['skate', 'taste', 'moda', 'game', 'mate', 'home', 'mode', 'dose']"
levenshtein cluster 69,"['job', 'blog', 'dose', 'pop', 'dp', 'rose', 'dji', 'dog', 'dxb']"
levenshtein cluster 70,"['win', 'kino', 'view', 'vino', 'cine', 'newin', 'cute', 'cake']"
levenshtein cluster 71,"['love', 'uae', 'moon', 'boss', 'see', 'tealover', 'blue', 'town', 'tealove']"
levenshtein cluster 72,"['quarantäne', 'quarantine']"
levenshtein cluster 73,"['graz', 'fair', 'chai', 'hvar', 'flir', 'ronin', 'cairo', 'rain', 'brand']"
levenshtein cluster 74,"['bestfriend', 'bestfriends']"
levenshtein cluster 75,"['jp', 'jan', 'dp', 'dec', 'uae', 'bye', 'bf', 'diy', 'tb']"
levenshtein cluster 76,"['pyramids', 'pyramid']"
levenshtein cluster 77,"['öbb', 'lgbt', 'cgi', 'bts', 'lgbtq', 'egipto', 'egypt', 'egitto', 'dxb']"
levenshtein cluster 78,"['kino', 'sailing', 'skiing', 'hiking', 'mixing', 'bulking', 'smiling']"
levenshtein cluster 79,"['schneschuhwandern', 'schneeschuhwandern']"
levenshtein cluster 80,"['studio', 'styria', 'cgistudio', 'cgstudio', 'strudel', 'vfxstudio', 'student', 'stadt']"
levenshtein cluster 81,"['austria', 'auszeit', 'style', 'styria', 'australia', 'autorin', 'italy', 'italia', 'austin']"
levenshtein cluster 82,"['women', 'vote', 'love', 'hotel', 'ootd', 'horse', 'home', 'foto']"
levenshtein cluster 83,"['fotography', 'fotografie', 'photography']"
levenshtein cluster 84,"['cat', 'mut', 'atp', 'cpu', 'chai', 'jan', 'uae', 'sun', 'meat']"
levenshtein cluster 85,"['vacay', 'bay', 'tasty', 'japan', 'party', 'happyday', 'happy', 'happyme', 'marry']"
levenshtein cluster 86,"['tarte', 'mare', 'party', 'curry', 'cherry', 'mode', 'art', 'marry', 'pure']"
levenshtein cluster 87,"['women', 'view', 'video', 'wine', 'gin', 'new', 'wein', 'review', 'wien']"
levenshtein cluster 88,"['natur', 'atp', 'smile', 'milk', 'fair', 'cats', 'familie', 'fruity', 'family']"
levenshtein cluster 89,"['buffet', 'coffee', 'couple', 'icecoffee', 'sofresh', 'office', 'koffein', 'sofree', 'kaffee']"
levenshtein cluster 90,"['food', 'pool', 'pop', 'wood', 'moon', 'ootd', 'soon', 'cold', 'mood']"
levenshtein cluster 91,"['pride', 'spring', 'hiking', 'drink', 'mixing', 'cooking', 'shopping', 'split', 'smiling']"
levenshtein cluster 92,"['job', 'öbb', 'atp', 'bts', 'sea', 'tb', 'em', 'tea', 'ikea']"
levenshtein cluster 93,"['job', 'vino', 'onset', 'band', 'fun', 'sunset', 'soon', 'kunst', 'pure']"
levenshtein cluster 94,"['bay', 'tasty', 'goals', 'finally', 'italy', 'italia', 'crazy', 'italien']"
levenshtein cluster 95,"['win', 'linz', 'wow', 'jan', 'bio', 'gin', 'diy', 'eis', 'rain']"
levenshtein cluster 96,"['tester', 'tasty', 'torte', 'taste', 'india', 'easter', 'pasta', 'wasser', 'insta']"
levenshtein cluster 97,"['milch', 'kino', 'smile', 'style', 'milk', 'newin', 'girl', 'soon', 'wien']"
levenshtein cluster 98,"['nice', 'sailing', 'skiing', 'spring', 'opening', 'mixing', 'spicy', 'sphinx', 'smiling']"
levenshtein cluster 99,"['blooming', 'mare', 'shoot', 'bmw', 'shooting', 'vibe', 'home', 'cooking', 'shopping']"
levenshtein cluster 100,"['dec', 'red', 'new', 'usa', 'see', 'ikea', 'tea', 'meat', 'tbt']"
levenshtein cluster 101,"['great', 'trees', 'green', 'xeen', 'dream', 'garten', 'greece', 'meow', 'meat']"
levenshtein cluster 102,"['benq', 'best', 'bts', 'a7s', 'bmw', 'lend', 'bbq', 'eis', 'tbt']"
levenshtein cluster 103,"['öbb', 'atp', 'summer', 'soccer', 'singer', 'sumpf', 'burger', 'sun', 'hunger']"
levenshtein cluster 104,"['herz', 'chef', 'cider', 'cheers', 'igers', 'reels', 'cherry', 'beer', 'cover']"
levenshtein cluster 105,"['sushi', 'mindset', 'sunny', 'sweet', 'sonne', 'sunrise', 'surprise', 'sunset', 'hunger']"
levenshtein cluster 106,"['tester', 'essen', 'water', 'easter', 'ostern', 'ocean', 'local', 'feiern', 'fottern']"
levenshtein cluster 107,"['nice', 'liebe', 'love', 'vocalist', 'vocals', 'local', 'cute', 'cake', 'mood']"
levenshtein cluster 108,"['weather', 'tester', 'graz', 'wetter', 'water', 'eistee', 'easter', 'razer', 'wasser']"
levenshtein cluster 109,"['nye', 'cats', 'uae', 'xeen', 'tee', 'mate', 'em', 'cute', 'pure']"
levenshtein cluster 110,"['job', 'food', 'blog', 'band', 'cookies', 'mode', 'cooking', 'dose', 'foodies']"
levenshtein cluster 111,"['pride', 'forest', 'fleisch', 'sofresh', 'refresh', 'frisch', 'fresh', 'friday']"
levenshtein cluster 112,"['great', 'reading', 'dream', 'team', 'reels', 'break', 'wedding', 'relax', 'relaxing']"
levenshtein cluster 113,"['nice', 'linz', 'liebe', 'vino', 'like', 'wine', 'lend', 'cake', 'venice']"
levenshtein cluster 114,"['traveling', 'travelingram', 'travelgram']"
levenshtein cluster 115,"['cat', 'cpu', 'dp', 'cgi', 'red', 'c4d', 'cold', 'cake']"
levenshtein cluster 116,"['graz', 'red', 'uae', 'gala', 'girl', 'giza', 'wald', 'meat', 'pizza']"
levenshtein cluster 117,"['linz', 'liebe', 'life', 'wine', 'gin', 'diy', 'eis', 'rain']"
levenshtein cluster 118,"['bay', 'bar', 'bio', 'bye', 'bmw', 'brot', 'bf', 'diy', 'bbq']"
levenshtein cluster 119,"['bar', 'nye2021', 'uk', 'krk', '2021', '2k19', '2017', 'ikea']"
levenshtein cluster 120,"['erfrischung', 'erfrischend']"
levenshtein cluster 121,"['milch', 'jeans', 'beach', 'best', 'cats', 'merch', 'beauty', 'beats', 'black']"
levenshtein cluster 122,"['benq', 'red', 'xeen', 'sweet', 'beer', 'new', 'feuer', 'see', 'em']"
levenshtein cluster 123,"['wow', 'bar', 'dec', 'newin', 'tee', 'beer', 'new', 'bmw', 'meow']"
levenshtein cluster 124,"['zeit', 'vino', 'jan', 'wine', 'newin', 'gin', 'wein', 'eis', 'rain']"
levenshtein cluster 125,"['animals', 'ananas', 'laguna', 'japan', 'ringana', 'band', 'banana', 'guarana', 'brand']"
levenshtein cluster 126,"['öbb', 'job', 'bts', 'dp', 'vfx', 'bf', 'em', 'bbq', 'dxb']"
levenshtein cluster 127,"['sundowner', 'kino', 'snow', 'pop', 'sundown', 'moon', 'sunflower', 'see', 'town']"
levenshtein cluster 128,"['mut', 'vote', 'duft', 'tarte', 'team', 'uk', 'mate', 'em', 'meat']"
levenshtein cluster 129,"['buffet', 'singer', 'blogger', 'bloggerat', 'burger', 'bloggerde', 'ginger', 'pure']"
levenshtein cluster 130,"['öbb', 'atp', 'ferien', 'fun', 'kerzen', 'feuer', 'feiern', 'lernen']"
levenshtein cluster 131,"['wow', 'pool', 'snow', 'boss', 'bowl', 'town', 'cool', 'bmw', 'meow']"
levenshtein cluster 132,"['graz', 'linz', 'bar', 'best', 'herz', 'team', 'brot', 'girls', 'urban']"
levenshtein cluster 133,"['snow', 'grow', 'nye', 'wood', 'tee', 'nike', 'new', 'see', 'soon']"
levenshtein cluster 134,"['xeen', 'veggie', 'vegan', 'team', 'yoga', 'see', 'wein', 'vacay', 'urban']"
levenshtein cluster 135,"['skate', 'trees', 'bar', 'jan', 'bye', 'hvar', 'mare', 'share', 'tee']"
levenshtein cluster 136,"['dec', 'red', 'dream', 'tee', 'team', 'deko', 'lend', 'see', 'dog']"
levenshtein cluster 137,"['running', 'opening', 'cine', 'sonne', 'rendering', 'reopening', 'bulking', 'donau', 'ronin']"
levenshtein cluster 138,"['fotoshooting', 'photoshooting', 'photoshoot']"
levenshtein cluster 139,"['wow', 'bay', 'wine', 'fun', 'krk', 'dog', 'rain', 'lunch', 'brunch']"
levenshtein cluster 140,"['ligt', 'linz', 'minze', 'kino', 'kids', 'cine', 'like', 'ikea']"
levenshtein cluster 141,"['bibione', 'teatime', 'iphone', 'winelover', 'inlove', 'greattime', 'mylove', 'winelife', 'tealove']"
levenshtein cluster 142,"['bay', 'dec', 'newin', 'diy', 'news', 'dji', 'eis', 'dog', 'dxb']"
levenshtein cluster 143,"['christmastree', 'christmastime']"
levenshtein cluster 144,"['wow', 'wood', 'moon', 'soon', 'cold', 'cool', 'wald']"
levenshtein cluster 145,"['job', 'wow', 'bay', 'bar', 'grow', 'pop', 'town', 'bmw', 'meow']"
levenshtein cluster 146,"['minze', 'kino', 'vote', 'vino', 'wine', 'like', 'nike', 'vibe', 'foto']"
levenshtein cluster 147,"['frühstückingraz', 'frühstückeningraz']"
levenshtein cluster 148,"['grazerblogger', 'grazblogger', 'travelblogger']"
levenshtein cluster 149,"['vote', 'torte', 'rose', 'horse', 'mode', 'dose']"
levenshtein cluster 150,"['kochenmitliebe', 'backenistliebe', 'backenmitliebe']"
levenshtein cluster 151,"['jp', 'trees', 'uae', 'bier', 'reels', 'uk', 'town', 'veli', 'tea']"
levenshtein cluster 152,"['entspannen', 'entspannung']"
levenshtein cluster 153,"['wow', 'love', 'wine', 'sonne', 'yoga', 'mate', 'cool', 'dog']"
levenshtein cluster 154,"['love', 'grow', 'moon', 'moda', 'mode', 'town', 'cool', 'maxon', 'meow']"
levenshtein cluster 155,"['zeit', 'kids', 'dec', 'hello', 'deko', 'dell', 'em', 'eis', 'dji']"
levenshtein cluster 156,"['atp', 'uae', 'mare', 'nike', 'lake', 'mate', 'meat', 'ikea']"
levenshtein cluster 157,"['weather', 'nature', 'water', 'mare', 'naturpur', 'culture', 'band', 'sun', 'pure']"
levenshtein cluster 158,"['ligt', 'love', 'pop', 'cine', 'sunny', 'sonne', 'town', 'soon', 'trvp']"
levenshtein cluster 159,"['rain', 'great', 'wow', 'bay', 'artist', 'nacht', 'art', 'crazy', 'Graz']"
levenshtein cluster 160,"['bay', 'jan', 'japan', 'hanf', 'bye', 'bf', 'em', 'bmw', 'rain']"
levenshtein cluster 161,"['mexico', 'tasting', 'amazing', 'reading', 'mixing', 'rendering', 'meeting', 'smiling', 'ameizing']"
levenshtein cluster 162,"['uae', 'mare', 'gala', 'game', 'uk', 'krk', 'see', 'park', 'pure']"
levenshtein cluster 163,"['salzburg', 'amberg', 'hausberg', 'ffkumberg', 'kumberg', 'hamburg']"
levenshtein cluster 164,"['africa', 'pride', 'vino', 'milk', 'brand', 'drink', 'fruity', 'bridge', 'friday']"
levenshtein cluster 165,"['artist', 'forest', 'photo', 'shoot', 'cgartist', 'prost', 'dose', 'kunst', 'growth']"
levenshtein cluster 166,"['minze', 'kino', 'singer', 'winzer', 'hitze', 'fair', 'cine', 'fun', 'cinema']"
levenshtein cluster 167,"['vino', 'video', 'cider', 'cine', 'nike', 'bier', 'cover', 'vibe', 'vibes']"
levenshtein cluster 168,"['jeans', 'jan', 'band', 'lend', 'hund', 'wald', 'hanf']"
levenshtein cluster 169,"['öbb', 'stadt', 'grow', 'gala', 'growth', 'usa', 'art', 'wald', 'dxb']"
levenshtein cluster 170,"['job', 'colours', 'chai', 'clouds', 'cold', 'mode', 'collab', 'dose', 'foto']"
levenshtein cluster 171,"['danke', 'uae', 'mare', 'game', 'lake', 'uk', 'bf', 'usa', 'em']"
levenshtein cluster 172,"['ligt', 'salami', 'sofree', 'schnee', 'soccer', 'safari', 'share', 'stadt', 'split']"
levenshtein cluster 173,"['detox', 'hello', 'red', 'gala', 'gelato', 'deko', 'veli', 'relax', 'meat']"
levenshtein cluster 174,"['kenya', 'love', 'vino', 'cider', 'cine', 'vienna', 'nike', 'fun', 'foto']"
levenshtein cluster 175,"['foodstagram', 'bookstagram']"
levenshtein cluster 176,"['bewusstessen', 'bewusstsein', 'bewusstheit']"
levenshtein cluster 177,"['minze', 'linz', 'gründerin', 'bingo', 'cine', 'band', 'bier', 'ginger', 'gründer']"
levenshtein cluster 178,"['feminism', 'feminismus']"
levenshtein cluster 179,"['jan', 'dec', 'tarte', 'bye', 'foto', 'garten', 'art', 'eis', 'hanf']"
levenshtein cluster 180,"['tester', 'coffee', 'soccer', 'wetter', 'lake', 'cover', 'lecker', 'feuer', 'recover']"
levenshtein cluster 181,"['mango', 'kino', 'vino', 'duft', 'red', 'bingo', 'sun', 'dusk']"
levenshtein cluster 182,"['trees', 'red', 'rost', 'frucht', 'rose', 'fruchtig', 'fruit', 'fresh', 'mood']"
levenshtein cluster 183,"['lendplatz', 'sandplatz']"
levenshtein cluster 184,"['job', 'jp', 'atp', 'jan', 'pop', 'dp', 'cats', 'dxb']"
levenshtein cluster 185,"['jp', 'cpu', 'dec', 'red', 'see', 'em', 'dji', 'dxb']"
levenshtein cluster 186,"['blog', 'bts', 'cats', 'bye', 'bier', 'see', 'blue', 'blumen', 'beats']"
levenshtein cluster 187,"['discoverunder5k', 'discoverunder10k']"
levenshtein cluster 188,"['natur', 'benq', 'sea', 'culture', 'setup', 'dell', 'future', 'razer', 'noctua']"
levenshtein cluster 189,"['benq', 'dp', 'tflers', 'cheers', 'igers', 'tee', 'flowers', 'tellers', 'ikea']"
levenshtein cluster 190,"['tester', 'zeit', 'metal', 'bestes', 'vegan', 'veli', 'beats', 'meat']"
levenshtein cluster 191,"['atp', 'photo', 'lgbt', 'cats', 'taste', 'party', 'tb', 'foto', 'pure']"
levenshtein cluster 192,"['vino', 'red', 'video', 'moon', 'singen', 'see', 'town', 'wien']"
levenshtein cluster 193,"['food', 'fair', 'pop', 'red', 'moda', 'rose', 'hund', 'town', 'mode']"
levenshtein cluster 194,"['zeit', 'fair', 'pop', 'cats', 'rost', 'see', 'art', 'fruit', 'dose']"
levenshtein cluster 195,"['tester', 'duft', 'taste', 'band', 'game', 'girl', 'art', 'meat', 'pure']"
levenshtein cluster 196,"['benq', 'dp', 'a7s', 'xeen', 'cine', 'band', 'fun', 'sun']"
levenshtein cluster 197,"['mut', 'zeit', 'zeitung', 'pop', 'moda', 'werbung', 'wermut', 'wermouth', 'hund']"
levenshtein cluster 198,"['musiclife', 'wildlife', 'uaelife', 'goodlife', 'citylife', 'winelife', 'unique', 'unilife']"
levenshtein cluster 199,"['longhair', 'blondhair']"
levenshtein cluster 200,"['pumps', 'sumpf', 'cats', 'uae', 'boss', 'xmas', 'usa', 'em', 'meat']"
levenshtein cluster 201,"['atp', 'bts', 'alps', 'cats', 'a7s', 'fun', 'sun', 'happy']"
levenshtein cluster 202,"['wine', 'lake', 'cinema', 'usa', 'see', 'blue', 'ikea', 'cinema4d', 'insta']"
levenshtein cluster 203,"['graz', 'uae', 'gala', 'fun', 'usa', 'dusk', 'blue', 'town', 'trvp']"
levenshtein cluster 204,"['lovewhatwedo', 'welovewhatwedo']"
levenshtein cluster 205,"['tagung', 'laguna', 'tasting']"
levenshtein cluster 206,"['atp', 'jp', 'dp', 'bts', 'alps', 'uk', 'bf', 'dxb']"
levenshtein cluster 207,"['jp', 'kenya', 'sea', 'uae', 'bf', 'dell', 'veli', 'giza', 'relax']"
levenshtein cluster 208,"['formulae', 'formel1', 'formulaone']"
levenshtein cluster 209,"['life', 'vfx', 'uaelife', 'flir', 'bf', 'giza', 'unilife', 'ikea']"
levenshtein cluster 210,"['ligt', 'abbau', 'aufbau', 'best', 'dubai', 'mydubai', 'usa', 'em', 'urban']"
levenshtein cluster 211,"['dp', 'cgi', 'fun', 'flir', 'usa', 'em', 'TOP', 'dji', 'dxb']"
levenshtein cluster 212,"['cpu', 'abbau', 'aufbau', 'cgi', 'boss', 'vfx', 'em', 'bbq', 'TOP']"
levenshtein cluster 213,"['food', 'bts', 'alps', 'boss', 'c4d', 'tb', 'art', 'dji', 'trvp']"
levenshtein cluster 214,"['cpu', 'dp', 'cgi', 'vfx', 'c4d', 'sun', 'em', 'TOP', 'dji']"
levenshtein cluster 215,"['motiondesigner', 'motiondesign', '3dmotiondesign']"
levenshtein cluster 216,"['gründerin', 'rendering', '3drendering']"
levenshtein cluster 217,"['redshift3d', 'redshift']"
levenshtein cluster 218,"['benq', 'bay', 'dp', 'a7s', 'krk', 'AVbaby', 'avbaby', 'dji']"
levenshtein cluster 219,"['lightroom', 'lightroomcc']"
levenshtein cluster 220,"['dp', 'detox', 'trvp', 'setup', 'ship', 'maxon', 'dell', 'meow', 'pcsetup']"
levenshtein cluster 221,"['graz', 'cat', 'sea', 'goals', 'gin', 'xmas', 'break', 'art', 'tea']"
levenshtein cluster 222,"['graz', 'bay', 'green', 'jan', 'dream', 'vegan', 'game', 'krk', 'giza']"
levenshtein cluster 223,"['linz', 'hotel', 'love', 'food', 'pool', 'nye', 'bowl', 'ootd', 'cold']"
levenshtein cluster 224,"['wow', 'love', 'wood', 'torte', 'mare', 'tee', 'vibe', 'lend', 'horse']"
levenshtein cluster 225,"['women', 'jp', 'love', 'pop', 'uae', 'bye', 'fun', 'bf', 'see']"
levenshtein cluster 226,"['summertime', 'summervibes', 'summerstyle', 'summerlove', 'summerbody']"
levenshtein cluster 227,"['picture', 'vote', 'nature', 'hvar', 'mate', 'art', 'bmw', 'prost', 'dog']"
levenshtein cluster 228,"['igersstyria', 'igersaustria']"
levenshtein cluster 229,"['jeans', 'japan', 'sea', 'vegan', 'gin', 'ocean', 'lemon', 'tea', 'relax']"
levenshtein cluster 230,"['win', 'view', 'liebe', 'sea', 'xeen', 'cine', 'vegan', 'newin', 'tea']"
levenshtein cluster 231,"['tea', 'view', 'food', 'sea', 'vienna', 'fun', 'tb', 'wien', 'tbt']"
levenshtein cluster 232,"['cat', 'linz', 'bio', 'fun', 'new', 'wein', 'art', 'bbq', 'cute']"
levenshtein cluster 233,"['bar', 'nye', 'sunny', 'tee', 'fun', 'diy', 'lend', 'bmw', 'eis']"
levenshtein cluster 234,"['cpu', 'dec', 'cgi', 'vfx', 'fun', 'c4d', 'sun', 'dji', 'hanf']"
levenshtein cluster 235,"['bestes', 'wetter', 'uae', 'beer', 'berries', 'bf', 'weekend', 'beeren', 'eistee']"
levenshtein cluster 236,"['tea', 'sun', 'sunset', 'tb', 'sunday', 'art', 'wien', 'cute', 'tbt']"
levenshtein cluster 237,"['cat', 'linz', 'snow', 'essen', 'bio', 'new', 'sun', 'wein', 'bbq']"
levenshtein cluster 238,"['gesund', 'bar', 'sushi', 'nye', 'wine', 'tee', 'diy', 'sun', 'lunch']"
levenshtein cluster 239,"['wow', 'bay', 'sonne', 'krk', 'lend', 'sun', 'bmw', 'dog', 'rain']"
levenshtein cluster 240,"['job', 'dec', 'bye', 'moon', 'ship', 'sun', 'blue', 'eis', 'kunst']"
levenshtein cluster 241,"['jp', 'uae', 'bf', 'usa', 'sun', 'town', 'art', 'dxb']"
levenshtein cluster 242,"['win', 'job', 'dec', 'bye', 'apple', 'nike', 'happy', 'chipsy', 'hanf']"
levenshtein cluster 243,"['win', 'tasty', 'sea', 'bio', 'tb', 'art', 'tea', 'cake', 'cute']"
levenshtein cluster 244,"['best', 'nye', 'share', 'gin', 'ootd', 'new', 'diy', 'art', 'bbq']"
levenshtein cluster 245,"['job', 'sport', 'herz', 'lgbt', 'torte', 'tee', 'art', 'marry', 'pasta']"
levenshtein cluster 246,"['red', 'uk', 'lake', 'bf', 'cairo', 'em', 'art', 'TOP', 'brrrt']"
levenshtein cluster 247,"['ligt', 'cpu', 'cgi', 'vfx', 'c4d', 'art', 'wien', 'dji', 'ikea']"
levenshtein cluster 248,"['tea', 'nice', 'liebe', 'winter', 'life', 'sea', 'bio', 'sweet', 'wien']"
levenshtein cluster 249,"['linz', 'kids', 'nye', 'wood', 'like', 'beer', 'tee', 'diy', 'wien']"
levenshtein cluster 250,"['wow', 'green', 'winzer', 'water', 'vibe', 'ocean', 'feiern', 'wien', 'rain']"
levenshtein cluster 251,"['jan', 'chef', 'dec', 'cider', 'bye', 'vibes', 'lend', 'wien', 'eis']"
levenshtein cluster 252,"['benq', 'food', 'uae', 'cine', 'nike', 'em', 'giza', 'wien', 'wald']"
levenshtein cluster 253,"['design', 'vision', 'uae', 'newin', 'wine', 'bier', 'giza', 'fashion', 'desert']"
levenshtein cluster 254,"['quoteoftheday', 'photooftheday']"
levenshtein cluster 255,"['natur', 'cat', 'bar', 'naturpur', 'beauty', 'party', 'mate', 'easter', 'nacht']"
levenshtein cluster 256,"['snow', 'food', 'vote', 'bio', 'bowl', 'brot', 'yoga', 'home', 'dog']"
levenshtein cluster 257,"['wow', 'food', 'proud', 'grow', 'seafood', 'shoot', 'rost', 'lend', 'meow']"
levenshtein cluster 258,"['win', 'öbb', 'atp', 'cpu', 'food', 'flir', 'em', 'TOP', 'wald']"
levenshtein cluster 259,"['danke', 'linz', 'drinks', 'drink', 'wine', 'dream', 'trinken', 'diy', 'newdrink']"
levenshtein cluster 260,"['beautiful', 'beautifulday']"
levenshtein cluster 261,"['vacationvibes', 'vacationmode', 'vacationtime']"
levenshtein cluster 262,"['sport', 'bar', 'bay', 'sports', 'torte', 'party', 'curry', 'mate', 'vacay']"
levenshtein cluster 263,"['plants', 'chai', 'tarte', 'cider', 'mare', 'bye', 'party', 'garten', 'cute']"
levenshtein cluster 264,"['win', 'kids', 'backen', 'like', 'beer', 'tee', 'lecker', 'dog', 'lernen']"
levenshtein cluster 265,"['kroatien', 'teatime', 'creative', 'greattime', 'seaside', 'croatia', 'service']"
levenshtein cluster 266,"['win', 'cat', 'mut', 'sea', 'bio', 'gin', 'ootd', 'tb', 'cute']"
levenshtein cluster 267,"['vote', 'bar', 'nye', 'team', 'new', 'mate', 'diy', 'tb', 'dog']"
levenshtein cluster 268,"['wow', 'bay', 'jan', 'dec', 'krk', 'vibe', 'tb', 'bmw', 'eis']"
levenshtein cluster 269,"['pop', 'red', 'cats', 'bye', 'uae', 'usa', 'see', 'tb', 'town']"
levenshtein cluster 270,"['win', 'cpu', 'cgi', 'vfx', 'a7s', 'c4d', 'tb', 'TOP']"
levenshtein cluster 271,"['buffet', 'singer', 'singen', 'cover', 'hund', 'sunset', 'home', 'sunday', 'sommer']"
levenshtein cluster 272,"['little', 'metal', 'tasty', 'gala', 'italy', 'stadt', 'relax', 'wald', 'igdaily']"
levenshtein cluster 273,"['mut', 'mexico', 'newmusic', 'popmusic', 'sushi', 'usa', 'dusk', 'music', 'austin']"
levenshtein cluster 274,"['win', 'nice', 'winter', 'sea', 'drink', 'tea', 'relax', 'tbt']"
levenshtein cluster 275,"['women', 'win', 'minze', 'milk', 'bingo', 'sonne', 'home', 'sofree', 'sommer']"
levenshtein cluster 276,"['visitaustria', 'visitstyria']"
levenshtein cluster 277,"['win', 'winter', 'winzer', 'water', 'vibe', 'lend', 'bmw', 'wasser', 'wandern']"
levenshtein cluster 278,"['win', 'cat', 'view', 'life', 'mut', 'bar', 'nye', 'new', 'bbq']"
levenshtein cluster 279,"['win', 'bay', 'pop', 'wood', 'band', 'krk', 'ship', 'girl', 'soon']"
levenshtein cluster 280,"['win', 'zeit', 'fair', 'red', 'moon', 'bier', 'uk', 'hund', 'see']"
levenshtein cluster 281,"['win', 'jp', 'uae', 'bf', 'usa', 'town', 'giza', 'dji', 'dxb']"
levenshtein cluster 282,"['win', 'ligt', 'benq', 'bts', 'dp', 'a7s', 'sea', 'ronin']"
levenshtein cluster 283,"['bestfood', 'veganfood', 'seafood', 'veggiefood', 'italianfood', 'asianfood', 'superfood', 'grazfood', 'soulfood']"
levenshtein cluster 284,"['cat', 'tasty', 'best', 'insta', 'torte', 'vacay', 'marry', 'beauty', 'tbt']"
levenshtein cluster 285,"['tester', 'bay', 'tasty', 'tasting', 'gastro', 'rost', 'mate', 'classy', 'easter']"
levenshtein cluster 286,"['atp', 'cpu', 'tasty', 'tattoo', 'cats', 'sea', 'cgi', 'vfx', 'TOP']"
levenshtein cluster 287,"['skate', 'style', 'nye', 'bye', 'apple', 'sonne', 'tee', 'share', 'see']"
levenshtein cluster 288,"['öbb', 'little', 'metal', 'style', 'sea', 'gala', 'c4d', 'stadt', 'dji']"
levenshtein cluster 289,"['cat', 'view', 'beach', 'sea', 'bio', 'sweet', 'beer', 'gin', 'tbt']"
levenshtein cluster 290,"['snow', 'bar', 'best', 'nye', 'sea', 'share', 'xmas', 'diy', 'news']"
levenshtein cluster 291,"['great', 'herz', 'sea', 'yoga', 'ocean', 'pasta', 'dog', 'Graz', 'insta']"
levenshtein cluster 292,"['wow', 'bay', 'chef', 'sea', 'onset', 'dream', 'krk', 'lend', 'bmw']"
levenshtein cluster 293,"['beats', 'chai', 'jan', 'sea', 'bye', 'hvar', 'ship', 'eis', 'meow']"
levenshtein cluster 294,"['job', 'skate', 'jeans', 'sea', 'moda', 'rose', 'deko', 'soon', 'dose']"
levenshtein cluster 295,"['süßes', 'zeit', 'pop', 'sea', 'a7s', 'bier', 'uk', 'home', 'dxb']"
levenshtein cluster 296,"['motivation', 'meditation']"
levenshtein cluster 297,"['vatertag', 'muttertag']"
levenshtein cluster 298,"['gesund', 'tennis', 'vanille', 'beer', 'genuss', 'veli', 'gemüse', 'genial', 'venice']"
levenshtein cluster 299,"['nice', 'life', 'bowl', 'share', 'ootd', 'home', 'cute', 'cake', 'mood']"
levenshtein cluster 300,"['pool', 'nye', 'wood', 'torte', 'like', 'tee', 'yoga', 'home', 'cold']"
levenshtein cluster 301,"['memes', 'wow', 'herz', 'wine', 'sonne', 'mate', 'home', 'cool', 'dog']"
levenshtein cluster 302,"['photo', 'shots', 'iphone', 'bye', 'hvar', 'foto', 'nike', 'home', 'hanf']"
levenshtein cluster 303,"['job', 'hitze', 'moon', 'rost', 'moda', 'soon', 'see', 'home', 'pure']"
levenshtein cluster 304,"['uae', 'boss', 'cine', 'lake', 'blue', 'town', 'em', 'home', 'tbt']"
levenshtein cluster 305,"['smile', 'happysunday', 'happyfriday', 'happytimes', 'apple', 'happylife', 'happyfall', 'happyday', 'happyme']"
levenshtein cluster 306,"['cat', 'view', 'beach', 'bio', 'beer', 'gin', 'xmas', 'cute', 'tea']"
levenshtein cluster 307,"['mut', 'bbq', 'hotel', 'best', 'nye', 'diy', 'wein', 'break', 'tea']"
levenshtein cluster 308,"['vote', 'bar', 'herz', 'water', 'yoga', 'mate', 'news', 'tea', 'dog']"
levenshtein cluster 309,"['great', 'wow', 'bay', 'dream', 'krk', 'ocean', 'lend', 'tea', 'Graz']"
levenshtein cluster 310,"['chai', 'jan', 'chef', 'bye', 'hvar', 'bmw', 'tea', 'eis', 'meow']"
levenshtein cluster 311,"['job', 'jeans', 'zeit', 'pop', 'moda', 'deko', 'bf', 'tea', 'beats']"
levenshtein cluster 312,"['öbb', 'kenya', 'atp', 'cpu', 'gala', 'giza', 'tea', 'TOP', 'dxb']"
levenshtein cluster 313,"['metal', 'bts', 'cgi', 'vfx', 'c4d', 'tea', 'dell', 'dji', 'trvp']"
levenshtein cluster 314,"['benq', 'dp', 'a7s', 'bio', 'tea', 'cake', 'tbt']"
levenshtein cluster 315,"['great', 'freude', 'trees', 'cheers', 'reels', 'france', 'break', 'greece', 'fresh']"
levenshtein cluster 316,"['sushi', 'sunny', 'yummi', 'sunrise', 'ship', 'sunkissed', 'musik', 'austin', 'sunshine']"
levenshtein cluster 317,"['vote', 'proud', 'freitag', 'yoga', 'mate', 'monday', 'dog', 'friday', 'mood']"
levenshtein cluster 318,"['best', 'bio', 'team', 'gin', 'brot', 'ootd', 'new', 'cute', 'tbt']"
levenshtein cluster 319,"['wow', 'vote', 'bar', 'nye', 'torte', 'mate', 'diy', 'dog', 'tbt']"
levenshtein cluster 320,"['bay', 'jan', 'dec', 'tarte', 'krk', 'vibe', 'bmw', 'eis', 'tbt']"
levenshtein cluster 321,"['job', 'zeit', 'pop', 'lgbtq', 'bye', 'taste', 'rost', 'foto', 'tbt']"
levenshtein cluster 322,"['jp', 'duft', 'red', 'cats', 'uae', 'uk', 'see', 'meat', 'tbt']"
levenshtein cluster 323,"['atp', 'cpu', 'cgi', 'usa', 'em', 'stadt', 'TOP', 'tbt', 'dxb']"
levenshtein cluster 324,"['ligt', 'trvp', 'vfx', 'drink', 'cine', 'c4d', 'cute', 'dji', 'tbt']"
levenshtein cluster 325,"['weather', 'glitter', 'winter', 'cider', 'singen', 'ingwer', 'eistee', 'easter', 'hunger']"
levenshtein cluster 326,"['tester', 'minze', 'winter', 'hitze', 'burger', 'cine', 'bier', 'eistee', 'wasser']"
levenshtein cluster 327,"['linz', 'view', 'snow', 'nye', 'burger', 'like', 'beer', 'gin', 'diy']"
levenshtein cluster 328,"['danke', 'kino', 'drink', 'gin', 'krk', 'wein', 'dusk', 'break', 'rain']"
levenshtein cluster 329,"['memes', 'memories', 'herz', 'water', 'ferien', 'beer', 'berries', 'berlin', 'feiern']"
levenshtein cluster 330,"['cat', 'hotel', 'pool', 'cool', 'bowl', 'goals', 'local', 'yoga', 'vacay']"
levenshtein cluster 331,"['metal', 'pop', 'cats', 'moda', 'ootd', 'local', 'hund', 'buylocal', 'donau']"
levenshtein cluster 332,"['igerswien', 'igersvienna']"
levenshtein cluster 333,"['vegetarian', 'vegetarisch']"
levenshtein cluster 334,"['little', 'essen', 'taste', 'torte', 'tee', 'see', 'eistee', 'cute', 'eis']"
levenshtein cluster 335,"['nice', 'life', 'hotel', 'nye', 'like', 'ootd', 'cold', 'cute', 'quotes']"
levenshtein cluster 336,"['couple', 'cool', 'chef', 'water', 'wine', 'nike', 'curry', 'vibe', 'cute']"
levenshtein cluster 337,"['skate', 'hitze', 'taste', 'game', 'mode', 'future', 'cute', 'dose', 'foto']"
levenshtein cluster 338,"['duft', 'rose', 'lake', 'cover', 'uk', 'hund', 'see', 'dusk', 'cute']"
levenshtein cluster 339,"['atp', 'cpu', 'nice', 'bts', 'cgi', 'culture', 'usa', 'blue', 'cute']"
levenshtein cluster 340,"['bulking', 'coaching', 'cooking', 'blooming', 'pccooling']"
levenshtein cluster 341,"['great', 'green', 'best', 'fleisch', 'nye', 'bio', 'dream', 'prost', 'fresh']"
levenshtein cluster 342,"['mut', 'snow', 'wow', 'bio', 'shoot', 'bowl', 'brot', 'foodie', 'mood']"
levenshtein cluster 343,"['job', 'milk', 'blog', 'mare', 'band', 'lend', 'dose', 'foto', 'mood']"
levenshtein cluster 344,"['grow', 'pop', 'red', 'rose', 'hund', 'town', 'wald', 'meat', 'mood']"
levenshtein cluster 345,"['boss', 'bio', 'c4d', 'razer', 'maxon', 'cake', 'ikea', 'pizza', 'mood']"
levenshtein cluster 346,"['nice', 'view', 'liebe', 'smile', 'bio', 'gin', 'new', 'snack', 'cake']"
levenshtein cluster 347,"['nice', 'linz', 'vote', 'kids', 'tee', 'mate', 'diy', 'office', 'news']"
levenshtein cluster 348,"['nice', 'pride', 'dec', 'cider', 'mare', 'bye', 'vibes', 'nacht', 'eis']"
levenshtein cluster 349,"['nice', 'hitze', 'milk', 'video', 'game', 'rose', 'girl', 'mode', 'dose']"
levenshtein cluster 350,"['nice', 'kino', 'nebel', 'uae', 'bier', 'lake', 'see', 'giza', 'unique']"
levenshtein cluster 351,"['ligt', 'nice', 'view', 'liebe', 'bio', 'a7s', 'cine', 'ikea']"
levenshtein cluster 352,"['view', 'liebe', 'life', 'kids', 'vote', 'bio', 'wine', 'tee', 'news']"
levenshtein cluster 353,"['view', 'wow', 'chef', 'dec', 'cider', 'bye', 'bmw', 'eis', 'meow']"
levenshtein cluster 354,"['view', 'kino', 'milk', 'red', 'uae', 'nike', 'girl', 'see', 'veli']"
levenshtein cluster 355,"['view', 'grow', 'vfx', 'bio', 'usa', 'em', 'giza', 'dxb']"
levenshtein cluster 356,"['valentinstag', 'valentinesday']"
levenshtein cluster 357,"['roadtrip', 'roadtrippin']"
levenshtein cluster 358,"['minze', 'liebe', 'hitze', 'mindset', 'onset', 'bier', 'see', 'pizza']"
levenshtein cluster 359,"['linz', 'berufung', 'best', 'wood', 'team', 'werbung', 'diy', 'wein', 'wedding']"
levenshtein cluster 360,"['job', 'snow', 'shots', 'vino', 'blog', 'pool', 'sunny', 'sunnyday', 'ship']"
levenshtein cluster 361,"['genießen', 'gewinnen']"
levenshtein cluster 362,"['job', 'snow', 'pool', 'bio', 'wood', 'like', 'tee', 'enjoy', 'energy']"
levenshtein cluster 363,"['christbaum', 'christmas']"
levenshtein cluster 364,"['life', 'bar', 'backen', 'nye', 'share', 'tee', 'cold', 'cool', 'cake']"
levenshtein cluster 365,"['vote', 'bay', 'chef', 'water', 'wine', 'krk', 'vibe', 'cake', 'rain']"
levenshtein cluster 366,"['chai', 'jan', 'tarte', 'cider', 'bye', 'deko', 'mode', 'cake', 'hanf']"
levenshtein cluster 367,"['skate', 'taste', 'band', 'rose', 'cover', 'crazy', 'cake', 'dose', 'pure']"
levenshtein cluster 368,"['makeup', 'fair', 'uk', 'see', 'blue', 'park', 'cairo', 'cake', 'wald']"
levenshtein cluster 369,"['atp', 'cpu', 'cgi', 'bio', 'gala', 'em', 'TOP', 'cake']"
levenshtein cluster 370,"['linz', 'liebe', 'wine', 'tee', 'teeliebe', 'vibes', 'lend', 'pasta', 'pizza']"
levenshtein cluster 371,"['takeaway', 'giveaway']"
levenshtein cluster 372,"['liebe', 'little', 'nebel', 'lgbt', 'bio', 'video', 'nike', 'lake', 'foto']"
levenshtein cluster 373,"['pride', 'freude', 'proud', 'red', 'dresden', 'vorfreude', 'france', 'future', 'fruit']"
levenshtein cluster 374,"['freude', 'essen', 'xeen', 'ferien', 'cine', 'freedom', 'new', 'feuer', 'wein']"
levenshtein cluster 375,"['interior', 'interview']"
levenshtein cluster 376,"['cat', 'mut', 'linz', 'life', 'bio', 'bowl', 'beer', 'new', 'wein']"
levenshtein cluster 377,"['wow', 'kids', 'bio', 'wine', 'krk', 'vibe', 'cool', 'dog', 'rain']"
levenshtein cluster 378,"['job', 'milk', 'jan', 'dec', 'bio', 'band', 'deko', 'ship', 'meow']"
levenshtein cluster 379,"['zeit', 'fair', 'pop', 'red', 'bio', 'moon', 'girl', 'see', 'soon']"
levenshtein cluster 380,"['öbb', 'jp', 'cgi', 'bio', 'uae', 'uk', 'flir', 'blue', 'cairo']"
levenshtein cluster 381,"['cat', 'ligt', 'bts', 'bio', 'vfx', 'ootd', 'c4d', 'dji']"
levenshtein cluster 382,"['newwork', 'artwork', 'teamwork', 'croword', 'afterwork']"
levenshtein cluster 383,"['artoftheday', 'picoftheday']"
levenshtein cluster 384,"['pool', 'bowl', 'reels', 'goals', 'xmas', 'game', 'cold', 'cool', 'beats']"
levenshtein cluster 385,"['jeans', 'alps', 'cats', 'boss', 'a7s', 'goals', 'girl', 'ootd', 'wald']"
levenshtein cluster 386,"['cat', 'mut', 'hotel', 'pool', 'torte', 'bowl', 'brot', 'ootd', 'yoga']"
levenshtein cluster 387,"['wow', 'photo', 'proud', 'shoot', 'ootd', 'mate', 'lend', 'cool', 'dog']"
levenshtein cluster 388,"['job', 'shots', 'band', 'rost', 'rose', 'ootd', 'soon', 'mode', 'dose']"
levenshtein cluster 389,"['atp', 'cat', 'red', 'boss', 'moon', 'lake', 'uk', 'ootd', 'town']"
levenshtein cluster 390,"['women', 'soccer', 'backen', 'chef', 'kerzen', 'ocean', 'kochen', 'koffein', 'kaffee']"
levenshtein cluster 391,"['skate', 'milch', 'minze', 'smile', 'wood', 'familie', 'foodie', 'mode', 'cookies']"
levenshtein cluster 392,"['familie', 'familytime', 'vanille']"
levenshtein cluster 393,"['sport', 'bar', 'herz', 'shoot', 'share', 'sonne', 'mate', 'sofree', 'kaffee']"
levenshtein cluster 394,"['mexico', 'smile', 'mare', 'veggie', 'nike', 'vibe', 'office', 'service', 'venice']"
levenshtein cluster 395,"['cat', 'best', 'nye', 'team', 'brot', 'xmas', 'gin', 'new', 'bbq']"
levenshtein cluster 396,"['cat', 'vote', 'cool', 'tee', 'diy', 'cold', 'vacay', 'pasta', 'dog']"
levenshtein cluster 397,"['cat', 'rain', 'great', 'wow', 'water', 'krk', 'ocean', 'nacht', 'Graz']"
levenshtein cluster 398,"['cat', 'chef', 'tarte', 'dec', 'mare', 'hvar', 'bmw', 'eis', 'hanf']"
levenshtein cluster 399,"['cat', 'job', 'lgbt', 'bye', 'taste', 'band', 'game', 'beats', 'foto']"
levenshtein cluster 400,"['cat', 'skate', 'zeit', 'fair', 'pop', 'rost', 'see', 'park', 'crazy']"
levenshtein cluster 401,"['cat', 'jp', 'duft', 'bf', 'usa', 'cairo', 'stadt', 'wald', 'dxb']"
levenshtein cluster 402,"['cat', 'öbb', 'bts', 'dp', 'a7s', 'gala', 'cine', 'em', 'TOP']"
levenshtein cluster 403,"['life', 'vote', 'smile', 'kids', 'nye', 'tee', 'gin', 'mate', 'diy']"
levenshtein cluster 404,"['pride', 'life', 'vino', 'cider', 'mare', 'vibes', 'lend', 'eis', 'dose']"
levenshtein cluster 405,"['minze', 'kino', 'life', 'hitze', 'milk', 'game', 'rose', 'girl', 'pure']"
levenshtein cluster 406,"['life', 'little', 'duft', 'äpfel', 'uae', 'bier', 'see', 'blue', 'gymlife']"
levenshtein cluster 407,"['beach', 'bay', 'brand', 'sweet', 'beer', 'snack', 'break', 'nacht', 'lunch']"
levenshtein cluster 408,"['pride', 'smile', 'wine', 'share', 'like', 'chili', 'sonne', 'mate', 'spicy']"
levenshtein cluster 409,"['smile', 'chill', 'cine', 'nike', 'gin', 'ship', 'see', 'smiling', 'hanf']"
levenshtein cluster 410,"['happyfriday', 'happysaturday', 'happysunday']"
levenshtein cluster 411,"['goodtimes', 'goodlife', 'uaelife', 'gymlife', 'unilife', 'dubailife', 'foodies']"
levenshtein cluster 412,"['musicvideo', 'musiclife']"
levenshtein cluster 413,"['great', 'green', 'best', 'onset', 'sweet', 'tee', 'wein', 'sport', 'split']"
levenshtein cluster 414,"['süßes', 'zeit', 'sleepy', 'trees', 'xeen', 'shoot', 'sweet', 'stadt', 'meat']"
levenshtein cluster 415,"['nye', 'bowl', 'beer', 'brot', 'team', 'new', 'wein', 'break', 'bbq']"
levenshtein cluster 416,"['bay', 'green', 'chef', 'igers', 'reels', 'beer', 'lend', 'news', 'bmw']"
levenshtein cluster 417,"['beats', 'blog', 'dec', 'cider', 'hvar', 'beer', 'deko', 'eis', 'meow']"
levenshtein cluster 418,"['tester', 'zeit', 'trees', 'fair', 'red', 'band', 'beer', 'cover', 'meat']"
levenshtein cluster 419,"['benq', 'bts', 'beer', 'gin', 'blue', 'razer', 'dell', 'brrrt', 'ikea']"
levenshtein cluster 420,"['mut', 'bar', 'nye', 'like', 'tee', 'gin', 'new', 'ginger', 'bbq']"
levenshtein cluster 421,"['wow', 'bay', 'kids', 'green', 'gin', 'krk', 'vibe', 'girls', 'dog']"
levenshtein cluster 422,"['job', 'minze', 'dec', 'lgbt', 'bye', 'nike', 'gin', 'lend', 'bmw']"
levenshtein cluster 423,"['zeit', 'milk', 'pop', 'bingo', 'band', 'game', 'gin', 'hund', 'soon']"
levenshtein cluster 424,"['fair', 'red', 'moon', 'newin', 'bier', 'gin', 'uk', 'see', 'town']"
levenshtein cluster 425,"['öbb', 'jp', 'grow', 'uae', 'gin', 'bf', 'flir', 'usa', 'dxb']"
levenshtein cluster 426,"['atp', 'cpu', 'vfx', 'gala', 'gin', 'c4d', 'em', 'TOP', 'dji']"
levenshtein cluster 427,"['ligt', 'dp', 'a7s', 'xeen', 'gin', 'xmas', 'bbq', 'ronin']"
levenshtein cluster 428,"['memes', 'mut', 'bar', 'kids', 'team', 'xmas', 'mate', 'news', 'Graz']"
levenshtein cluster 429,"['beats', 'bay', 'chai', 'jan', 'mare', 'hvar', 'xmas', 'bmw', 'eis']"
levenshtein cluster 430,"['jeans', 'mut', 'bts', 'alps', 'dp', 'a7s', 'bowl', 'xmas', 'dell']"
levenshtein cluster 431,"['sonnenuntergang', 'zumsonnenuntergang']"
levenshtein cluster 432,"['catsofinstagram', 'artofinstagram']"
levenshtein cluster 433,"['skate', 'snow', 'share', 'bowl', 'snack', 'spicy', 'park', 'stadt', 'nacht']"
levenshtein cluster 434,"['bay', 'bar', 'best', 'team', 'brot', 'ocean', 'break', 'urban', 'Graz']"
levenshtein cluster 435,"['trees', 'green', 'bye', 'bier', 'krk', 'break', 'beats', 'meat', 'brand']"
levenshtein cluster 436,"['benq', 'red', 'uk', 'blue', 'break', 'bbq', 'brrrt', 'black', 'ikea']"
levenshtein cluster 437,"['memes', 'süßes', 'pumps', 'trees', 'moments', 'bestes', 'see', 'pumpkin', 'meat']"
levenshtein cluster 438,"['mut', 'best', 'nye', 'bowl', 'tee', 'brot', 'new', 'diy', 'bbq']"
levenshtein cluster 439,"['wow', 'jan', 'dec', 'lgbt', 'krk', 'vibe', 'bbq', 'eis', 'dog']"
levenshtein cluster 440,"['job', 'jp', 'blog', 'pop', 'lgbtq', 'band', 'bier', 'see', 'bbq']"
levenshtein cluster 441,"['atp', 'mut', 'uae', 'a7s', 'usa', 'c4d', 'bbq', 'dji', 'dxb']"
levenshtein cluster 442,"['handmade', 'homemade']"
levenshtein cluster 443,"['brunchbox', 'frucht', 'freitag', 'fruity', 'france', 'fruit', 'fruits', 'frauentag', 'brunch']"
levenshtein cluster 444,"['beachday', 'birthday']"
levenshtein cluster 445,"['mut', 'bar', 'best', 'nye', 'tee', 'brot', 'new', 'diy', 'dog']"
levenshtein cluster 446,"['mut', 'wow', 'vote', 'bay', 'mare', 'bmw', 'krk', 'musik', 'meow']"
levenshtein cluster 447,"['mut', 'jan', 'dec', 'lgbt', 'bye', 'kunst', 'mode', 'eis', 'foto']"
levenshtein cluster 448,"['job', 'mut', 'milk', 'cats', 'rost', 'see', 'dusk', 'fruit', 'pure']"
levenshtein cluster 449,"['öbb', 'mut', 'jp', 'red', 'moon', 'bf', 'usa', 'blue', 'dxb']"
levenshtein cluster 450,"['atp', 'mut', 'cpu', 'cgi', 'vfx', 'c4d', 'em', 'TOP', 'dji']"
levenshtein cluster 451,"['ligt', 'mut', 'benq', 'metal', 'bts', 'brot', 'new', 'dell', 'trvp']"
levenshtein cluster 452,"['podcast', 'podcasting']"
levenshtein cluster 453,"['blog', 'blogger', 'band', 'bowl', 'rost', 'rose', 'moda', 'girl', 'soon']"
levenshtein cluster 454,"['tester', 'design', 'essen', 'dessert', 'ferien', 'berlin', 'review', 'kessler', 'wasser']"
levenshtein cluster 455,"['green', 'best', 'ferien', 'newin', 'team', 'garten', 'new', 'wein', 'beeren']"
levenshtein cluster 456,"['hotel', 'bar', 'best', 'wood', 'bowl', 'brot', 'new', 'news', 'cold']"
levenshtein cluster 457,"['meow', 'bay', 'vote', 'bye', 'bowl', 'yoga', 'mode', 'dog', 'foto']"
levenshtein cluster 458,"['job', 'grow', 'pop', 'moon', 'bowl', 'bier', 'bf', 'blue', 'dose']"
levenshtein cluster 459,"['linz', 'benq', 'dp', 'a7s', 'xeen', 'bowl', 'team', 'new', 'wein']"
levenshtein cluster 460,"['snow', 'pool', 'bar', 'cool', 'vote', 'wood', 'brot', 'sport', 'dog']"
levenshtein cluster 461,"['great', 'wow', 'bay', 'proud', 'shoot', 'brot', 'krk', 'bmw', 'Graz']"
levenshtein cluster 462,"['photo', 'shots', 'bye', 'brot', 'beats', 'meow', 'foto', 'brand', 'growth']"
levenshtein cluster 463,"['job', 'zeit', 'lgbt', 'pop', 'band', 'rose', 'bier', 'brot', 'soon']"
levenshtein cluster 464,"['duft', 'red', 'boss', 'moon', 'brot', 'bf', 'blue', 'fruit', 'meat']"
levenshtein cluster 465,"['glitter', 'winzer', 'wine', 'igers', 'singen', 'ingwer', 'trinken', 'ginger', 'hunger']"
levenshtein cluster 466,"['bay', 'bar', 'herz', 'onset', 'wine', 'krk', 'new', 'diy', 'dog']"
levenshtein cluster 467,"['job', 'jan', 'chef', 'bye', 'nike', 'deko', 'new', 'lend', 'eis']"
levenshtein cluster 468,"['zeit', 'jp', 'pop', 'bier', 'uk', 'new', 'town', 'veli', 'meat']"
levenshtein cluster 469,"['öbb', 'atp', 'grow', 'nebel', 'uae', 'bf', 'new', 'usa', 'dxb']"
levenshtein cluster 470,"['cpu', 'cgi', 'vfx', 'new', 'c4d', 'wein', 'TOP', 'dji', 'ikea']"
levenshtein cluster 471,"['repost', 'forest', 'herz', 'best', 'rost', 'herbst', 'horse', 'Repost', 'prost']"
levenshtein cluster 472,"['herbst', 'workout', 'wermut', 'wermouth']"
levenshtein cluster 473,"['design', 'herz', 'tee', 'ocean', 'lemon', 'wein', 'news', 'berlin', 'feiern']"
levenshtein cluster 474,"['women', 'wow', 'green', 'jan', 'dec', 'ship', 'lend', 'wein', 'meow']"
levenshtein cluster 475,"['jeans', 'kino', 'vino', 'fair', 'deko', 'see', 'wein', 'soon', 'meat']"
levenshtein cluster 476,"['red', 'moon', 'flir', 'wein', 'town', 'em', 'veli', 'dji', 'wald']"
levenshtein cluster 477,"['pool', 'best', 'a7s', 'team', 'ikea', 'wein', 'dell', 'ronin', 'trvp']"
levenshtein cluster 478,"['fair', 'herz', 'maxon', 'cherry', 'cairo', 'park', 'energy', 'marry', 'brrrt']"
levenshtein cluster 479,"['zeitung', 'opening', 'maxon', 'mixing', 'wedding', 'meeting']"
levenshtein cluster 480,"['bay', 'best', 'bye', 'health', 'bf', 'ship', 'beauty', 'bhfyp', 'meat']"
levenshtein cluster 481,"['gönnung', 'running', 'reading']"
levenshtein cluster 482,"['repost', 'teatime', 'bar', 'best', 'reels', 'team', 'news', 'sport', 'prost']"
levenshtein cluster 483,"['hotel', 'pool', 'water', 'torte', 'tee', 'mate', 'horse', 'cool', 'quotes']"
levenshtein cluster 484,"['women', 'photo', 'hotel', 'shots', 'hitze', 'mode', 'dose', 'foto', 'apfel']"
levenshtein cluster 485,"['women', 'design', 'green', 'essen', 'onset', 'dresden', 'easter', 'eis', 'lernen']"
levenshtein cluster 486,"['tester', 'bestes', 'essen', 'rose', 'see', 'beeren', 'soon', 'dose', 'wasser']"
levenshtein cluster 487,"['herz', 'essen', 'kuchen', 'nissan', 'kärnten', 'kerzen', 'em', 'kessler', 'dell']"
levenshtein cluster 488,"['selfie', 'veggie', 'selfmade', 'seaside', 'see', 'veli', 'service', 'selflove', 'split']"
levenshtein cluster 489,"['teafarm', 'metal', 'best', 'uae', 'veggie', 'team', 'usa', 'veli', 'urban']"
levenshtein cluster 490,"['shots', 'chai', 'tarte', 'hvar', 'share', 'ship', 'horse', 'hanf', 'pure']"
levenshtein cluster 491,"['jeans', 'zeit', 'uae', 'share', 'game', 'lake', 'team', 'see', 'park']"
levenshtein cluster 492,"['great', 'bay', 'chai', 'herz', 'hvar', 'team', 'ocean', 'lend', 'Graz']"
levenshtein cluster 493,"['beats', 'trees', 'jan', 'dec', 'team', 'deko', 'see', 'eis', 'meow']"
levenshtein cluster 494,"['pool', 'grow', 'best', 'red', 'boss', 'team', 'blue', 'town', 'brrrt']"
levenshtein cluster 495,"['beats', 'rezept', 'green', 'hello', 'reels', 'trinken', 'grillen', 'chillin', 'eis']"
levenshtein cluster 496,"['great', 'bay', 'bar', 'green', 'dream', 'urlaub', 'ocean', 'urban', 'Graz']"
levenshtein cluster 497,"['selflove', 'selfmade', 'mylove', 'tealove']"
levenshtein cluster 498,"['refreshing', 'refresh']"
levenshtein cluster 499,"['enjoyinglife', 'enjoylife']"
levenshtein cluster 500,"['singer', 'trees', 'cider', 'igers', 'bier', 'girl', 'diy', 'ginger', 'eis']"
levenshtein cluster 501,"['wow', 'vote', 'pool', 'bestes', 'shots', 'proud', 'shoot', 'quotes', 'meow']"
levenshtein cluster 502,"['linz', 'winzer', 'jan', 'japan', 'band', 'urban', 'rain', 'brand', 'brunch']"
levenshtein cluster 503,"['africa', 'milch', 'frucht', 'france', 'frisch', 'küche', 'nacht', 'brand', 'brunch']"
levenshtein cluster 504,"['linz', 'kids', 'herz', 'hanf', 'vibe', 'diy', 'eis', 'Graz', 'lunch']"
levenshtein cluster 505,"['linz', 'hitze', 'milk', 'jan', 'lgbt', 'nike', 'bier', 'girl', 'hund']"
levenshtein cluster 506,"['linz', 'jp', 'nye', 'flir', 'lake', 'uk', 'losinj', 'blue', 'giza']"
levenshtein cluster 507,"['snow', 'pool', 'nye', 'wood', 'shoot', 'news', 'cold', 'sport', 'bmw']"
levenshtein cluster 508,"['photo', 'pool', 'yoga', 'mode', 'sport', 'prost', 'dog', 'foto', 'apfel']"
levenshtein cluster 509,"['pool', 'blog', 'rost', 'rose', 'moda', 'girl', 'park', 'dose', 'pure']"
levenshtein cluster 510,"['metal', 'pool', 'nebel', 'äpfel', 'cgi', 'xeen', 'flir', 'feuer', 'dell']"
levenshtein cluster 511,"['bar', 'best', 'herz', 'tee', 'prost', 'news', 'Repost', 'pasta', 'insta']"
levenshtein cluster 512,"['great', 'forest', 'bay', 'best', 'onset', 'vibes', 'lend', 'bmw', 'meow']"
levenshtein cluster 513,"['best', 'lgbt', 'dec', 'blog', 'bye', 'deko', 'eis', 'dose', 'kunst']"
levenshtein cluster 514,"['tester', 'duft', 'best', 'taste', 'band', 'rose', 'bier', 'see', 'dusk']"
levenshtein cluster 515,"['kenya', 'nebel', 'best', 'nye', 'xeen', 'bf', 'usa', 'desert', 'dxb']"
levenshtein cluster 516,"['vote', 'bar', 'nye', 'like', 'wine', 'mate', 'diy', 'news', 'dog']"
levenshtein cluster 517,"['wow', 'bay', 'nye', 'chef', 'onset', 'sonne', 'krk', 'vibe', 'bmw']"
levenshtein cluster 518,"['job', 'jan', 'dec', 'nye', 'mare', 'mode', 'eis', 'dose', 'pure']"
levenshtein cluster 519,"['öbb', 'minze', 'danke', 'pop', 'nye', 'red', 'rose', 'game', 'bier']"
levenshtein cluster 520,"['atp', 'cpu', 'nye', 'cgi', 'vfx', 'c4d', 'em', 'TOP', 'dji']"
levenshtein cluster 521,"['bts', 'dp', 'a7s', 'nye', 'xeen', 'cine', 'diy', 'dell', 'ikea']"
levenshtein cluster 522,"['instadaily', 'instadrink']"
levenshtein cluster 523,"['bar', 'herz', 'reels', 'igers', 'vibes', 'mate', 'news', 'girls', 'dog']"
levenshtein cluster 524,"['happyiris', 'happyplace', 'happytimes', 'happygirl', 'happylife', 'happyfall', 'onehappyiris', 'happydunes']"
levenshtein cluster 525,"['picture', 'hitze', 'herz', 'culture', 'autumn', 'autorin', 'future', 'austin', 'pure']"
levenshtein cluster 526,"['wow', 'bar', 'kids', 'like', 'wine', 'tee', 'india', 'krk', 'diy']"
levenshtein cluster 527,"['jan', 'bye', 'nike', 'vibe', 'ship', 'diy', 'spicy', 'bmw', 'rain']"
levenshtein cluster 528,"['job', 'zeit', 'kino', 'vino', 'milk', 'pop', 'deko', 'diy', 'dose']"
levenshtein cluster 529,"['jp', 'fair', 'duft', 'red', 'bier', 'uk', 'see', 'diy', 'dusk']"
levenshtein cluster 530,"['öbb', 'atp', 'uae', 'flir', 'bf', 'usa', 'diy', 'em', 'giza']"
levenshtein cluster 531,"['ligt', 'cpu', 'cgi', 'vfx', 'a7s', 'cine', 'c4d', 'diy', 'TOP']"
levenshtein cluster 532,"['africa', 'office']"
levenshtein cluster 533,"['couple', 'vote', 'proud', 'wow', 'chili', 'yoga', 'lend', 'cold', 'dog']"
levenshtein cluster 534,"['milk', 'chef', 'band', 'rost', 'rose', 'moda', 'soon', 'cold', 'corgi']"
levenshtein cluster 535,"['pop', 'red', 'cats', 'chill', 'moon', 'cover', 'hund', 'town', 'cold']"
levenshtein cluster 536,"['cpu', 'bar', 'cgi', 'boss', 'gala', 'cine', 'veli', 'dell', 'cold']"
levenshtein cluster 537,"['women', 'bar', 'torte', 'sonne', 'mate', 'see', 'horse', 'sofree', 'tomaten']"
levenshtein cluster 538,"['events', 'jeans', 'crazy', 'plants', 'moments', 'eventants', 'presents', 'beats', 'brand']"
levenshtein cluster 539,"['doityourself', 'loveyourself']"
levenshtein cluster 540,"['chocolate', 'hotchocolate', 'schokolade']"
levenshtein cluster 541,"['rain', 'wow', 'bar', 'chai', 'water', 'tee', 'marry', 'Graz', 'brand']"
levenshtein cluster 542,"['job', 'beats', 'bar', 'blog', 'dec', 'tarte', 'eis', 'hanf', 'pure']"
levenshtein cluster 543,"['bar', 'pop', 'red', 'cats', 'game', 'lake', 'girl', 'meat', 'black']"
levenshtein cluster 544,"['jp', 'bar', 'dubai', 'uk', 'usa', 'blue', 'cairo', 'brrrt', 'dxb']"
levenshtein cluster 545,"['öbb', 'atp', 'bar', 'abbau', 'boss', 'flir', 'em', 'TOP', 'wald']"
levenshtein cluster 546,"['cpu', 'benq', 'bar', 'dp', 'cgi', 'vfx', 'c4d', 'razer', 'dji']"
levenshtein cluster 547,"['bar', 'a7s', 'xeen', 'cine', 'tee', 'chili', 'reels', 'news', 'cool']"
levenshtein cluster 548,"['milk', 'alcohol', 'chef', 'chili', 'ship', 'veli', 'cool', 'chipsy', 'corgi']"
levenshtein cluster 549,"['meow', 'vote', 'proud', 'wood', 'wine', 'shoot', 'yoga', 'lend', 'dog']"
levenshtein cluster 550,"['women', 'job', 'blog', 'wood', 'band', 'rost', 'mode', 'dose', 'foto']"
levenshtein cluster 551,"['grow', 'pop', 'red', 'boss', 'wood', 'moda', 'rose', 'hund', 'town']"
levenshtein cluster 552,"['bts', 'wood', 'tee', 'c4d', 'news', 'dell', 'dji', 'trvp']"
levenshtein cluster 553,"['milch', 'vote', 'matcha', 'like', 'matetea', 'krk', 'mate', 'merch', 'nacht']"
levenshtein cluster 554,"['pride', 'kids', 'cider', 'mare', 'like', 'tee', 'vibes', 'lend', 'eis']"
levenshtein cluster 555,"['vino', 'lgbt', 'video', 'bye', 'like', 'deko', 'mode', 'dose', 'pure']"
levenshtein cluster 556,"['minze', 'kino', 'danke', 'hitze', 'milk', 'like', 'game', 'rose', 'girl']"
levenshtein cluster 557,"['little', 'uae', 'like', 'bier', 'uk', 'flir', 'see', 'blue', 'giza']"
levenshtein cluster 558,"['hello', 'health', 'tee', 'lake', 'uk', 'blue', 'town', 'beats', 'meat']"
levenshtein cluster 559,"['memes', 'herz', 'torte', 'wine', 'reels', 'tee', 'mate', 'news', 'dog']"
levenshtein cluster 560,"['wow', 'vote', 'bay', 'green', 'water', 'tee', 'krk', 'vibe', 'lend']"
levenshtein cluster 561,"['jan', 'chef', 'tarte', 'mare', 'tee', 'nike', 'bmw', 'eis', 'meow']"
levenshtein cluster 562,"['job', 'tester', 'hitze', 'taste', 'deko', 'tee', 'mode', 'dose', 'pure']"
levenshtein cluster 563,"['zeit', 'jp', 'pop', 'game', 'tee', 'rose', 'bier', 'bf', 'veli']"
levenshtein cluster 564,"['öbb', 'atp', 'cpu', 'nebel', 'tee', 'usa', 'feuer', 'TOP', 'dxb']"
levenshtein cluster 565,"['ligt', 'cgi', 'vfx', 'tee', 'chili', 'yoga', 'c4d', 'cool', 'ikea']"
levenshtein cluster 566,"['atp', 'gastro', 'gala', 'chili', 'curry', 'flir', 'cairo', 'wald', 'rain']"
levenshtein cluster 567,"['danke', 'backen', 'kärnten', 'garten', 'beeren', 'blumen', 'blacktea', 'black', 'lernen']"
levenshtein cluster 568,"['memes', 'wow', 'kids', 'herz', 'reels', 'lend', 'news', 'bmw', 'meow']"
levenshtein cluster 569,"['jeans', 'zeit', 'trees', 'dec', 'cats', 'deko', 'nike', 'news', 'beats']"
levenshtein cluster 570,"['nebel', 'red', 'boss', 'see', 'news', 'town', 'em', 'veli', 'meat']"
levenshtein cluster 571,"['benq', 'kids', 'herz', 'alps', 'a7s', 'cine', 'wine', 'mate', 'news']"
levenshtein cluster 572,"['icecream', 'icedtea']"
levenshtein cluster 573,"['kids', 'milk', 'grow', 'gala', 'reels', 'vibes', 'girls', 'giza', 'eis']"
levenshtein cluster 574,"['atp', 'bay', 'japan', 'vocals', 'gala', 'pasta', 'vacay', 'marry', 'nacht']"
levenshtein cluster 575,"['job', 'wow', 'blog', 'dose', 'yoga', 'mode', 'monday', 'donau', 'foto']"
levenshtein cluster 576,"['plants', 'photo', 'tarte', 'gastro', 'rost', 'prost', 'mate', 'easter', 'pasta']"
levenshtein cluster 577,"['stadt', 'sumpf', 'sushi', 'cats', 'usa', 'park', 'sport', 'pasta', 'brrrt']"
levenshtein cluster 578,"['zeit', 'sports', 'shoot', 'ship', 'spicy', 'veli', 'fruit', 'sphinx', 'split']"
levenshtein cluster 579,"['pride', 'winzer', 'xeen', 'cine', 'flir', 'vibes', 'feiern', 'split', 'rain']"
levenshtein cluster 580,"['gesund', 'sunny', 'garten', 'lend', 'hund', 'merch', 'kunst', 'lunch', 'lernen']"
levenshtein cluster 581,"['chai', 'backen', 'chef', 'kuchen', 'lake', 'cool', 'collab', 'meow', 'foto']"
levenshtein cluster 582,"['zeit', 'great', 'auszeit', 'trees', 'red', 'mahlzeit', 'wahrheit', 'fruit', 'austin']"
levenshtein cluster 583,"['tester', 'sports', 'torte', 'mare', 'sonne', 'garten', 'mate', 'sport', 'foto']"
levenshtein cluster 584,"['skate', 'trees', 'torte', 'rost', 'rose', 'curry', 'town', 'corgi', 'trvp']"
levenshtein cluster 585,"['memes', 'jeans', 'nebel', 'red', 'reels', 'see', 'veli', 'redheels', 'dell']"
levenshtein cluster 586,"['crazy', 'sport', 'sunny', 'rost', 'curry', 'funny', 'luxury', 'brrrt', 'pure']"
levenshtein cluster 587,"['shots', 'pop', 'soon', 'yoga', 'spicy', 'Repost', 'sport', 'prost']"
levenshtein cluster 588,"['memes', 'meow', 'mare', 'game', 'mate', 'lemon', 'vibes', 'merch', 'gemüse']"
levenshtein cluster 589,"['moon', 'xeen', 'newin', 'lebanon', 'lemon', 'em', 'berlin', 'maxon', 'newdrink']"
levenshtein cluster 590,"['london', 'women', 'green', 'detox', 'lend', 'lemon', 'berlin', 'meow', 'lernen']"
levenshtein cluster 591,"['zeit', 'loveit', 'forest', 'grow', 'cats', 'chill', 'cover', 'town', 'cool']"
levenshtein cluster 592,"['couple', 'vote', 'moon', 'apple', 'rost', 'rose', 'yoga', 'cool', 'corgi']"
levenshtein cluster 593,"['duft', 'sushi', 'red', 'moon', 'dubai', 'uk', 'dusk', 'town', 'dog']"
levenshtein cluster 594,"['celebration', 'celebrate']"
levenshtein cluster 595,"['buffet', 'jp', 'duft', 'dec', 'outfit', 'uae', 'uk', 'veli']"
levenshtein cluster 596,"['fashionblogger', 'fashionlover']"
levenshtein cluster 597,"['fashioninspo', 'fashionista']"
levenshtein cluster 598,"['cpu', 'boss', 'gala', 'usa', 'yoga', 'town', 'giza', 'cool', 'dell']"
levenshtein cluster 599,"['kids', 'pop', 'rost', 'rose', 'moda', 'Repost', 'cool', 'prost', 'insta']"
levenshtein cluster 600,"['job', 'wow', 'vote', 'blog', 'dose', 'shoot', 'mode', 'cool', 'dog']"
levenshtein cluster 601,"['kids', 'red', 'cats', 'boss', 'bier', 'girl', 'giza', 'cool', 'corgi']"
levenshtein cluster 602,"['mango', 'bay', 'herz', 'tarte', 'hvar', 'mate', 'horse', 'merch', 'marry']"
levenshtein cluster 603,"['milch', 'zeit', 'herz', 'bier', 'hund', 'see', 'park', 'funny', 'lunch']"
levenshtein cluster 604,"['ligt', 'kids', 'vino', 'milk', 'onset', 'taste', 'c4d', 'kunst', 'insta']"
levenshtein cluster 605,"['memes', 'women', 'jeans', 'nebel', 'game', 'feuer', 'mode', 'beats', 'eis']"
levenshtein cluster 606,"['memes', 'metal', 'bts', 'cine', 'mate', 'em', 'maxon', 'razer', 'dog']"
levenshtein cluster 607,"['women', 'design', 'green', 'grow', 'red', 'dresden', 'game', 'see', 'beeren']"
levenshtein cluster 608,"['pride', 'kids', 'video', 'cider', 'wine', 'nike', 'krk', 'vibe', 'vibes']"
levenshtein cluster 609,"['hitze', 'kids', 'dp', 'bts', 'wine', 'singen', 'mode', 'dose', 'pure']"
levenshtein cluster 610,"['herz', 'chef', 'hanf', 'mare', 'krk', 'lend', 'eis', 'meow', 'Graz']"
levenshtein cluster 611,"['herz', 'dec', 'red', 'hello', 'wine', 'deko', 'girl', 'veli', 'meat']"
levenshtein cluster 612,"['challenge', 'newchallenge']"
levenshtein cluster 613,"['tattoo', 'gastro', 'taste', 'garten', 'mate', 'easter', 'meow', 'hanf']"
levenshtein cluster 614,"['pride', 'wow', 'vote', 'water', 'wine', 'sonne', 'mate', 'vibes', 'rain']"
levenshtein cluster 615,"['women', 'jan', 'cider', 'mare', 'wine', 'bye', 'lend', 'eis', 'hanf']"
levenshtein cluster 616,"['singer', 'milk', 'video', 'bingo', 'wine', 'band', 'game', 'rose', 'hund']"
levenshtein cluster 617,"['ligt', 'danke', 'wine', 'matetea', 'mate', 'see', 'park', 'wald', 'ikea']"
levenshtein cluster 618,"['wienliebe', 'teeliebe']"
levenshtein cluster 619,"['mango', 'bay', 'jan', 'bye', 'nike', 'vibe', 'mate', 'beats', 'rain']"
levenshtein cluster 620,"['minze', 'hitze', 'milk', 'band', 'update', 'mate', 'dose', 'foto', 'pure']"
levenshtein cluster 621,"['moon', 'gala', 'rose', 'mate', 'blue', 'soon', 'italia', 'dog', 'wald']"
levenshtein cluster 622,"['rost', 'moda', 'deko', 'lemon', 'blumen', 'soon', 'mode', 'dog', 'corgi']"
levenshtein cluster 623,"['atp', 'vote', 'uae', 'boss', 'kerzen', 'berlin', 'beeren', 'veli', 'rain']"
levenshtein cluster 624,"['rain', 'dp', 'a7s', 'moda', 'india', 'cinema', 'krk', 'italia', 'ikea']"
levenshtein cluster 625,"['pride', 'great', 'grow', 'pop', 'boss', 'fruit', 'prost', 'dog', 'brrrt']"
levenshtein cluster 626,"['meow', 'vote', 'bay', 'detox', 'krk', 'bmw', 'dog', 'eis', 'donau']"
levenshtein cluster 627,"['jp', 'jan', 'uae', 'bye', 'bf', 'usa', 'see', 'dog', 'foto']"
levenshtein cluster 628,"['öbb', 'atp', 'cpu', 'cgi', 'boss', 'vfx', 'c4d', 'TOP', 'dog']"
levenshtein cluster 629,"['ligt', 'wow', 'vote', 'bts', 'dp', 'a7s', 'cine', 'dell', 'dog']"
levenshtein cluster 630,"['koffein', 'vollfein']"
levenshtein cluster 631,"['highheels', 'redhighheels']"
levenshtein cluster 632,"['women', 'wow', 'vote', 'tarte', 'water', 'mare', 'sonne', 'vibes', 'horse']"
levenshtein cluster 633,"['job', 'photo', 'vote', 'shots', 'vino', 'video', 'bye', 'taste', 'nike']"
levenshtein cluster 634,"['skate', 'hitze', 'vote', 'pop', 'rost', 'game', 'moda', 'soon', 'pure']"
levenshtein cluster 635,"['vote', 'cats', 'moon', 'vfx', 'lake', 'cover', 'see', 'blue', 'town']"
levenshtein cluster 636,"['pride', 'photo', 'proud', 'pop', 'red', 'rost', 'rose', 'clouds', 'brand']"
levenshtein cluster 637,"['great', 'proud', 'grow', 'gala', 'usa', 'ikea', 'razer', 'Graz', 'trvp']"
levenshtein cluster 638,"['holidaymood', 'fridaymood', 'mondaymood']"
levenshtein cluster 639,"['women', 'tester', 'winzer', 'tarte', 'cider', 'water', 'mare', 'taste', 'garten']"
levenshtein cluster 640,"['skate', 'fair', 'cats', 'water', 'uae', 'game', 'bier', 'lake', 'cover']"
levenshtein cluster 641,"['atp', 'öbb', 'wow', 'boss', 'water', 'feuer', 'em', 'wald']"
levenshtein cluster 642,"['minze', 'dose', 'onset', 'sonne', 'sonntag', 'singen', 'horse', 'mode', 'donau']"
levenshtein cluster 643,"['skate', 'danke', 'singer', 'moon', 'sonne', 'rose', 'see', 'town', 'funny']"
levenshtein cluster 644,"['cpu', 'soccer', 'schnee', 'chef', 'cgi', 'sonne', 'c4d', 'em', 'concert']"
levenshtein cluster 645,"['women', 'jeans', 'great', 'chai', 'green', 'japan', 'jan', 'dream', 'ocean']"
levenshtein cluster 646,"['wow', 'red', 'uae', 'xeen', 'moon', 'ocean', 'meat', 'Graz', 'ikea']"
levenshtein cluster 647,"['bay', 'fair', 'cats', 'bier', 'beeren', 'feiern', 'fottern', 'desert']"
levenshtein cluster 648,"['kino', 'sailing', 'skiing', 'mixing', 'krk', 'see', 'sphinx', 'swimming', 'smiling']"
levenshtein cluster 649,"['danke', 'abbau', 'dose', 'dream', 'moda', 'dubai', 'krk', 'donau', 'Graz']"
levenshtein cluster 650,"['Graz', 'great', 'bay', 'chai', 'jan', 'hvar', 'rain', 'brand', 'growth']"
levenshtein cluster 651,"['yellowshoes', 'yellowheels']"
levenshtein cluster 652,"['weather', 'tester', 'hitze', 'winzer', 'wetter', 'bier', 'easter', 'razer', 'wasser']"
levenshtein cluster 653,"['great', 'forest', 'wow', 'rost', 'gelato', 'rose', 'giza', 'beats', 'brrrt']"
levenshtein cluster 654,"['women', 'wow', 'bay', 'jan', 'dec', 'bye', 'krk', 'eis', 'foto']"
levenshtein cluster 655,"['jp', 'wow', 'blog', 'moda', 'uk', 'see', 'soon', 'mode', 'dose']"
levenshtein cluster 656,"['cpu', 'wow', 'cgi', 'uae', 'vfx', 'bf', 'usa', 'TOP', 'dxb']"
levenshtein cluster 657,"['wow', 'bay', 'bts', 'a7s', 'krk', 'c4d', 'dji', 'rain', 'trvp']"
levenshtein cluster 658,"['bay', 'chai', 'hanf', 'mare', 'hvar', 'krk', 'eis', 'rain', 'brand']"
levenshtein cluster 659,"['job', 'bay', 'blog', 'dec', 'pop', 'game', 'see', 'crazy', 'beats']"
levenshtein cluster 660,"['jp', 'bay', 'red', 'lake', 'uk', 'blue', 'park', 'meat', 'black']"
levenshtein cluster 661,"['öbb', 'atp', 'bay', 'abbau', 'dubai', 'gala', 'usa', 'wald', 'dxb']"
levenshtein cluster 662,"['cpu', 'bay', 'cgi', 'boss', 'vfx', 'dream', 'em', 'TOP', 'dell']"
levenshtein cluster 663,"['trees', 'green', 'dec', 'red', 'dream', 'deko', 'kerzen', 'meat', 'rain']"
levenshtein cluster 664,"['jeans', 'jan', 'tennis', 'dec', 'bye', 'nike', 'deko', 'krk', 'eis']"
levenshtein cluster 665,"['chef', 'xeen', 'dream', 'dubai', 'cine', 'mare', 'vibe', 'vibes', 'ikea']"
levenshtein cluster 666,"['job', 'milk', 'pop', 'mare', 'krk', 'girl', 'dusk', 'bmw', 'pure']"
levenshtein cluster 667,"['jp', 'grow', 'red', 'uae', 'lake', 'krk', 'bf', 'usa', 'dxb']"
levenshtein cluster 668,"['öbb', 'atp', 'cpu', 'cgi', 'vfx', 'krk', 'em', 'TOP', 'rain']"
levenshtein cluster 669,"['uae', 'bf', 'vibe', 'town', 'oldtown', 'giza', 'maxon', 'razer', 'rain']"
levenshtein cluster 670,"['milk', 'game', 'rose', 'uk', 'vibe', 'usa', 'girl', 'musik', 'austin']"
levenshtein cluster 671,"['jeans', 'plants', 'snacks', 'ananas', 'tarte', 'cats', 'nacht', 'beats', 'black']"
levenshtein cluster 672,"['onset', 'rost', 'rose', 'cover', 'see', 'horse', 'concert', 'dose', 'kunst']"
levenshtein cluster 673,"['gründer', 'gmunden']"
levenshtein cluster 674,"['chai', 'vino', 'japan', 'hanf', 'mare', 'ship', 'eis', 'rain', 'brand']"
levenshtein cluster 675,"['zeit', 'kino', 'cats', 'rost', 'game', 'rose', 'soon', 'crazy', 'rain']"
levenshtein cluster 676,"['pride', 'artist', 'red', 'moon', 'newin', 'lake', 'park', 'fruit', 'rain']"
levenshtein cluster 677,"['rezept', 'bestes', 'wetter', 'uae', 'taste', 'easter', 'kessler', 'razer', 'bestteam']"
levenshtein cluster 678,"['pride', 'winzer', 'video', 'cider', 'rose', 'nike', 'vibe', 'mode', 'pure']"
levenshtein cluster 679,"['artist', 'moon', 'mare', 'rost', 'shoot', 'vfxartist', 'blue', 'stadt', 'growth']"
levenshtein cluster 680,"['photo', 'sports', 'chef', 'dec', 'bye', 'shoot', 'ship', 'support', 'hanf']"
levenshtein cluster 681,"['holunder', 'kino', 'winzer', 'jan', 'fair', 'singen', 'hund', 'hunger']"
levenshtein cluster 682,"['atp', 'photo', 'sumpf', 'iphone', 'flir', 'ship', 'spicy', 'sphinx', 'zitrone']"
levenshtein cluster 683,"['bts', 'onset', 'usa', 'dell', 'dji', 'rezept', 'dose', 'desert', 'dxb']"
levenshtein cluster 684,"['forest', 'shots', 'tarte', 'rost', 'sofresh', 'formel1', 'mode', 'horse', 'fruit']"
levenshtein cluster 685,"['chef', 'red', 'cats', 'chill', 'bier', 'carlover', 'cover', 'tealover', 'see']"
levenshtein cluster 686,"['job', 'lgbt', 'bye', 'cider', 'mare', 'vibe', 'mode', 'eis', 'dose']"
levenshtein cluster 687,"['minze', 'kino', 'hitze', 'bier', 'lake', 'vibe', 'see', 'blue', 'pure']"
levenshtein cluster 688,"['öbb', 'ligt', 'nebel', 'bts', 'vfx', 'vibe', 'vibes', 'veli', 'dxb']"
levenshtein cluster 689,"['süßes', 'trees', 'vino', 'cider', 'nike', 'bier', 'vibes', 'lend', 'eis']"
levenshtein cluster 690,"['london', 'jan', 'dec', 'lgbt', 'deko', 'lend', 'meow', 'hanf', 'brand']"
levenshtein cluster 691,"['jeans', 'kino', 'zeit', 'vino', 'lake', 'lend', 'see', 'veli', 'meat']"
levenshtein cluster 692,"['ligt', 'kenya', 'xeen', 'cine', 'c4d', 'lend', 'em', 'dell', 'wald']"
levenshtein cluster 693,"['skate', 'makeup', 'mare', 'moda', 'rose', 'girl', 'cairo', 'cargirl', 'corgi']"
levenshtein cluster 694,"['job', 'jan', 'dec', 'blog', 'band', 'game', 'bmw', 'eis', 'meow']"
levenshtein cluster 695,"['jp', 'pop', 'red', 'bier', 'uk', 'see', 'blue', 'town', 'bmw']"
levenshtein cluster 696,"['öbb', 'atp', 'grow', 'uae', 'boss', 'usa', 'bmw', 'TOP', 'dxb']"
levenshtein cluster 697,"['cpu', 'benq', 'dp', 'cgi', 'vfx', 'a7s', 'c4d', 'bmw', 'dji']"
levenshtein cluster 698,"['minze', 'milk', 'rost', 'game', 'soon', 'future', 'mode', 'luxury', 'pure']"
levenshtein cluster 699,"['skate', 'tasting', 'tattoo', 'taste', 'rost', 'game', 'rose', 'autorin', 'austin']"
levenshtein cluster 700,"['benq', 'jan', 'brand', 'red', 'hund', 'brrrt', 'wald', 'hanf', 'black']"
levenshtein cluster 701,"['tester', 'glitter', 'little', 'hitze', 'wetter', 'giza', 'kessler', 'razer', 'wasser']"
levenshtein cluster 702,"['culture', 'colours']"
levenshtein cluster 703,"['milk', 'bestes', 'beerporn', 'xeen', 'bier', 'kerzen', 'dusk', 'beeren', 'blumen']"
levenshtein cluster 704,"['chai', 'chef', 'uae', 'cider', 'dubai', 'cherry', 'bf', 'cairo', 'küche']"
levenshtein cluster 705,"['mango', 'jan', 'hvar', 'mare', 'garten', 'horse', 'merch', 'meow', 'hanf']"
levenshtein cluster 706,"['minze', 'milk', 'fair', 'bye', 'taste', 'mare', 'band', 'nike', 'dose']"
levenshtein cluster 707,"['danke', 'red', 'cats', 'mare', 'gala', 'see', 'cairo', 'wald', 'meat']"
levenshtein cluster 708,"['atp', 'japan', 'a7s', 'cider', 'mare', 'apple', 'maxon', 'razer', 'ikea']"
levenshtein cluster 709,"['dresden', 'dressup']"
levenshtein cluster 710,"['flowerstagram', 'flowergram']"
levenshtein cluster 711,"['london', 'women', 'hanf', 'xeen', 'cine', 'bosnia', 'eis', 'ronin', 'protein']"
levenshtein cluster 712,"['atp', 'salami', 'benq', 'jan', 'japan', 'a7s', 'gala', 'hanf']"
levenshtein cluster 713,"['chai', 'jan', 'fair', 'cats', 'hvar', 'ship', 'crazy', 'hanf', 'corgi']"
levenshtein cluster 714,"['cpu', 'chai', 'chill', 'cine', 'usa', 'c4d', 'veli', 'dji', 'meat']"
levenshtein cluster 715,"['jeans', 'jp', 'japan', 'cgi', 'rost', 'rose', 'ship', 'eis', 'dji']"
levenshtein cluster 716,"['metal', 'singer', 'dec', 'detox', 'cider', 'nike', 'mode', 'meow', 'foto']"
levenshtein cluster 717,"['zeit', 'milk', 'pop', 'milktea', 'moda', 'matetea', 'soon', 'meow', 'ikea']"
levenshtein cluster 718,"['ligt', 'benq', 'cider', 'cinema', 'feuer', 'c4d', 'dell', 'eis', 'dji']"
levenshtein cluster 719,"['hitze', 'alps', 'boss', 'apple', 'apfel', 'rost', 'corgi', 'horse', 'pure']"
levenshtein cluster 720,"['pumps', 'sumpf', 'pop', 'dubai', 'sunny', 'yummi', 'hund', 'see', 'pure']"
levenshtein cluster 721,"['shots', 'sunny', 'ship', 'hund', 'spicy', 'soon', 'eis', 'kunst']"
levenshtein cluster 722,"['mexico', 'metal', 'dec', 'uae', 'hvar', 'usa', 'merch', 'meow', 'meat']"
levenshtein cluster 723,"['tester', 'tarte', 'taste', 'game', 'garten', 'kerzen', 'easter', 'pure']"
levenshtein cluster 724,"['plants', 'moments', 'polenta']"
levenshtein cluster 725,"['fair', 'jan', 'hvar', 'bier', 'flir', 'cover', 'hund', 'park', 'hanf']"
levenshtein cluster 726,"['jan', 'dp', 'alps', 'vfx', 'bts', 'hvar', 'c4d', 'eis', 'dji']"
levenshtein cluster 727,"['meow', 'zeit', 'fair', 'pop', 'red', 'chill', 'ship', 'see', 'chipsy']"
levenshtein cluster 728,"['cpu', 'jan', 'cgi', 'boss', 'bosnia', 'TOP', 'eis']"
levenshtein cluster 729,"['ligt', 'grow', 'bts', 'rost', 'usa', 'ronin', 'guarana', 'burrata', 'brrrt']"
levenshtein cluster 730,"['job', 'blog', 'dec', 'deko', 'town', 'veli', 'mode', 'eis', 'meow']"
levenshtein cluster 731,"['benq', 'metal', 'jan', 'dp', 'xeen', 'em', 'maxon', 'meow']"
levenshtein cluster 732,"['london', 'women', 'vision', 'sundown', 'moon', 'nissan', 'slowdown', 'soundhorn', 'soon']"
levenshtein cluster 733,"['bibione', 'vino', 'vision', 'milk', 'pop', 'video', 'girl', 'eis', 'zitrone']"
levenshtein cluster 734,"['lebensfreude', 'herzensfreude']"
levenshtein cluster 735,"['klarheit', 'wahrheit']"
levenshtein cluster 736,"['women', 'moments', 'moon', 'game', 'rose', 'cover', 'blumen', 'mode', 'dose']"
levenshtein cluster 737,"['women', 'öbb', 'jan', 'a7s', 'bf', 'usa', 'town', 'wald', 'dxb']"
levenshtein cluster 738,"['skate', 'danke', 'trees', 'tarte', 'tattoo', 'uae', 'lake', 'park', 'stadt']"
levenshtein cluster 739,"['atp', 'cpu', 'dec', 'tarte', 'cgi', 'vfx', 'TOP', 'eis', 'trvp']"
levenshtein cluster 740,"['soccer', 'cine', 'cover', 'feuer', 'tealover', 'hund', 'razer', 'recover', 'discover']"
levenshtein cluster 741,"['job', 'beats', 'jan', 'dec', 'bye', 'nike', 'deko', 'eis', 'dose']"
levenshtein cluster 742,"['kino', 'trees', 'fair', 'cats', 'newin', 'bier', 'see', 'dusk', 'eis']"
levenshtein cluster 743,"['jp', 'red', 'uae', 'uk', 'bf', 'veli', 'giza', 'eis', 'meat']"
levenshtein cluster 744,"['öbb', 'dec', 'bts', 'flir', 'usa', 'c4d', 'eis', 'dxb']"
levenshtein cluster 745,"['mango', 'jeans', 'kino', 'danke', 'vino', 'fair', 'cats', 'game', 'hanf']"
levenshtein cluster 746,"['jan', 'red', 'uae', 'lake', 'bf', 'meat', 'park', 'wald', 'hanf']"
levenshtein cluster 747,"['ligt', 'benq', 'nebel', 'vino', 'blog', 'lgbtq', 'bts', 'nike', 'apfel']"
levenshtein cluster 748,"['mango', 'minze', 'kino', 'danke', 'vino', 'jan', 'band', 'cairo', 'maxon']"
levenshtein cluster 749,"['jeans', 'kino', 'danke', 'fair', 'ananas', 'cats', 'band', 'bier', 'park']"
levenshtein cluster 750,"['danke', 'cassis', 'jan', 'cats', 'moon', 'lake', 'classy', 'see', 'wasser']"
levenshtein cluster 751,"['kino', 'duft', 'red', 'frucht', 'uk', 'hund', 'dusk', 'fruity', 'funny']"
levenshtein cluster 752,"['perfect', 'perfectday']"
levenshtein cluster 753,"['vino', 'jan', 'dec', 'pop', 'bye', 'xeen', 'game', 'uk', 'soon']"
levenshtein cluster 754,"['hitze', 'jan', 'video', 'bye', 'cine', 'singen', 'mode', 'dose', 'pure']"
levenshtein cluster 755,"['job', 'zeit', 'dec', 'pop', 'video', 'bye', 'bier', 'mode', 'dose']"
levenshtein cluster 756,"['benq', 'dec', 'a7s', 'xeen', 'bye', 'bf', 'meat', 'dusk', 'ikea']"
levenshtein cluster 757,"['chill', 'hello', 'gala', 'gelato', 'deko', 'nike', 'veli', 'beats', 'meat']"
levenshtein cluster 758,"['job', 'blog', 'bye', 'band', 'game', 'nike', 'mode', 'dose', 'pure']"
levenshtein cluster 759,"['jp', 'pop', 'red', 'bye', 'rose', 'lake', 'uk', 'usa', 'dxb']"
levenshtein cluster 760,"['öbb', 'atp', 'cpu', 'cgi', 'boss', 'bye', 'vfx', 'em', 'TOP']"
levenshtein cluster 761,"['benq', 'dp', 'a7s', 'bye', 'xeen', 'c4d', 'beats', 'dji']"
levenshtein cluster 762,"['danke', 'florence', 'bier', 'nike', 'uk', 'see', 'blue', 'france', 'unique']"
levenshtein cluster 763,"['ootdfashion', 'fairfashion', 'nakdfashion']"
levenshtein cluster 764,"['womenpower', 'manpower']"
levenshtein cluster 765,"['minze', 'hitze', 'vino', 'milk', 'video', 'nike', 'mode', 'dose', 'pure']"
levenshtein cluster 766,"['kino', 'uae', 'game', 'nike', 'rose', 'girl', 'soon', 'giza', 'foto']"
levenshtein cluster 767,"['mountainview', 'mountainbike', 'mountainlove']"
levenshtein cluster 768,"['öbb', 'atp', 'cpu', 'schnee', 'nebel', 'feuer', 'see', 'schweiz', 'TOP']"
levenshtein cluster 769,"['danke', 'kino', 'video', 'bingo', 'bier', 'deko', 'see', 'bridge', 'ikea']"
levenshtein cluster 770,"['tester', 'steirer', 'fair', 'gala', 'feuer', 'tellers', 'wald', 'wasser', 'desert']"
levenshtein cluster 771,"['skate', 'zeit', 'atp', 'shots', 'boss', 'band', 'beats', 'foto', 'black']"
levenshtein cluster 772,"['job', 'vino', 'pop', 'rost', 'moda', 'deko', 'mode', 'dose', 'foto']"
levenshtein cluster 773,"['atp', 'kino', 'fair', 'cats', 'moon', 'boss', 'flir', 'town', 'foto']"
levenshtein cluster 774,"['job', 'shots', 'dp', 'bts', 'a7s', 'cine', 'band', 'foto']"
levenshtein cluster 775,"['job', 'kenya', 'atp', 'metal', 'boss', 'girl', 'usa', 'kunst', 'genial']"
levenshtein cluster 776,"['brotliebe', 'grazliebe']"
levenshtein cluster 777,"['photo', 'pop', 'red', 'lake', 'cover', 'see', 'blue', 'mode', 'meat']"
levenshtein cluster 778,"['skate', 'süßes', 'shots', 'cats', 'boss', 'uae', 'update', 'soon', 'mode']"
levenshtein cluster 779,"['job', 'zeit', 'duft', 'lgbt', 'rost', 'deko', 'lake', 'bf', 'meat']"
levenshtein cluster 780,"['vino', 'duft', 'red', 'video', 'deko', 'dusk', 'mode', 'dose', 'meat']"
levenshtein cluster 781,"['minze', 'kino', 'danke', 'singer', 'milk', 'ringana', 'bingo', 'singen']"
levenshtein cluster 782,"['benq', 'dp', 'deko', 'uk', 'lake', 'em', 'veli', 'dji', 'dxb']"
levenshtein cluster 783,"['zeit', 'jeans', 'trees', 'xeen', 'cine', 'newin', 'deko', 'bier', 'soon']"
levenshtein cluster 784,"['job', 'dp', 'boss', 'taste', 'mylove', 'c4d', 'town', 'mode', 'dose']"
levenshtein cluster 785,"['zeit', 'duft', 'red', 'rost', 'dusk', 'egypt', 'fruit', 'rezept', 'meat']"
levenshtein cluster 786,"['danke', 'pop', 'moda', 'game', 'cover', 'see', 'soon', 'dose', 'pure']"
levenshtein cluster 787,"['duft', 'dp', 'uae', 'moon', 'a7s', 'lake', 'blue', 'town', 'dose']"
levenshtein cluster 788,"['job', 'kino', 'duft', 'rost', 'rose', 'hund', 'dusk', 'funny', 'kunst']"
levenshtein cluster 789,"['job', 'blog', 'red', 'moon', 'moda', 'uk', 'see', 'town', 'soon']"
levenshtein cluster 790,"['job', 'cpu', 'grow', 'cgi', 'uae', 'vfx', 'bf', 'em', 'TOP']"
levenshtein cluster 791,"['job', 'metal', 'dp', 'pop', 'band', 'moda', 'c4d', 'dji', 'ikea']"
levenshtein cluster 792,"['milch', 'minze', 'vino', 'milk', 'band', 'bier', 'girl', 'hund', 'veli']"
levenshtein cluster 793,"['ligt', 'minze', 'vino', 'milk', 'vfx', 'gala', 'cairo', 'giza', 'wald']"
levenshtein cluster 794,"['blog', 'pop', 'moon', 'bingo', 'band', 'bier', 'bf', 'soon', 'black']"
levenshtein cluster 795,"['benq', 'grow', 'blog', 'alps', 'boss', 'bingo', 'cine', 'band', 'flir']"
levenshtein cluster 796,"['atp', 'danke', 'cats', 'taste', 'lake', 'see', 'stadt', 'wasser', 'pure']"
levenshtein cluster 797,"['cgi', 'chill', 'cine', 'lake', 'cherry', 'classy', 'cairo', 'dell', 'chipsy']"
levenshtein cluster 798,"['atp', 'ligt', 'strudel', 'em', 'student', 'stadt', 'dell', 'meat', 'ikea']"
levenshtein cluster 799,"['red', 'uae', 'gala', 'band', 'lake', 'bf', 'blue', 'blacktea', 'black']"
levenshtein cluster 800,"['duft', 'red', 'game', 'rose', 'uk', 'girl', 'dusk', 'europe', 'pure']"
levenshtein cluster 801,"['atp', 'cpu', 'grow', 'game', 'usa', 'blue', 'giza', 'wald', 'pure']"
levenshtein cluster 802,"['kino', 'milk', 'chill', 'moon', 'moda', 'uk', 'girl', 'park', 'meat']"
levenshtein cluster 803,"['singer', 'milk', 'cine', 'game', 'rose', 'girl', 'veli', 'dell']"
levenshtein cluster 804,"['sailing', 'mixing', 'tasting']"
levenshtein cluster 805,"['ligt', 'atp', 'skate', 'singer', 'bingo', 'band', 'game', 'bier', 'girl']"
levenshtein cluster 806,"['danke', 'fair', 'cats', 'game', 'rose', 'see', 'park', 'em', 'razer']"
levenshtein cluster 807,"['jeans', 'fair', 'pop', 'a7s', 'cine', 'rost', 'game', 'rose', 'see']"
levenshtein cluster 808,"['kino', 'fair', 'grow', 'chill', 'bier', 'flir', 'girl', 'cairo', 'park']"
levenshtein cluster 809,"['ligt', 'pop', 'cgi', 'boss', 'gala', 'moda', 'girl', 'em', 'TOP']"
levenshtein cluster 810,"['skate', 'cats', 'uae', 'lake', 'classy', 'see', 'stadt', 'crazy', 'meat']"
levenshtein cluster 811,"['pumps', 'pop', 'alps', 'red', 'tflers', 'moda', 'tulips', 'meat']"
levenshtein cluster 812,"['red', 'moon', 'rose', 'lake', 'cover', 'see', 'dusk', 'europe', 'corgi']"
levenshtein cluster 813,"['skate', 'atp', 'fair', 'cgi', 'cats', 'alps', 'c4d', 'razer', 'dji']"
levenshtein cluster 814,"['jeans', 'zeit', 'benq', 'cats', 'vocals', 'hund', 'crazy', 'razer', 'meat']"
levenshtein cluster 815,"['pop', 'moon', 'moda', 'rost', 'rose', 'town', 'soon']"
levenshtein cluster 816,"['grow', 'bts', 'uae', 'rose', 'usa', 'blue', 'town', 'razer', 'ronin']"
levenshtein cluster 817,"['Corona', 'grow', 'pop', 'boss', 'moda', 'see', 'soon', 'maxon', 'ronin']"
levenshtein cluster 818,"['gründerszene', 'grünersee']"
levenshtein cluster 819,"['soccer', 'success', 'singer']"
levenshtein cluster 820,"['sundown', 'slowdown']"
levenshtein cluster 821,"['grow', 'pop', 'uae', 'moda', 'bf', 'usa', 'town', 'giza', 'dxb']"
levenshtein cluster 822,"['newmusic', 'popmusic']"
levenshtein cluster 823,"['ligt', 'kenya', 'kino', 'benq', 'singer', 'bier', 'cover', 'cairo', 'giza']"
levenshtein cluster 824,"['öbb', 'cpu', 'pop', 'red', 'moon', 'uk', 'usa', 'see', 'park']"
levenshtein cluster 825,"['zeit', 'bts', 'cgi', 'vfx', 'pop', 'alps', 'dji', 'trvp']"
levenshtein cluster 826,"['fair', 'uae', 'cats', 'usa', 'hund', 'c4d', 'cairo', 'wald']"
levenshtein cluster 827,"['makeup', 'cpu', 'fair', 'cats', 'boss', 'gala', 'catsday', 'cine', 'lake']"
levenshtein cluster 828,"['zeit', 'fair', 'zeitung', 'duft', 'red', 'newin', 'see', 'veli', 'fruit']"
levenshtein cluster 829,"['ligt', 'zeit', 'boss', 'bier', 'flir', 'feuer', 'em', 'dell']"
levenshtein cluster 830,"['danke', 'fair', 'cats', 'uae', 'bier', 'park', 'fruit', 'meat']"
levenshtein cluster 831,"['bestes', 'bts', 'wetter', 'boss', 'uae', 'feuer', 'fottern', 'razer', 'ikea']"
levenshtein cluster 832,"['danke', 'uae', 'boss', 'cine', 'dubai', 'dusk', 'park', 'dji', 'dxb']"
levenshtein cluster 833,"['süßes', 'trees', 'red', 'tflers', 'bier', 'see', 'athens', 'trvp']"
levenshtein cluster 834,"['jp', 'sleepy', 'nebel', 'newin', 'bf', 'see', 'town', 'veli', 'ronin']"
levenshtein cluster 835,"['ligt', 'bts', 'uae', 'bier', 'bf', 'blue', 'giza', 'razer', 'brrrt']"
levenshtein cluster 836,"['benq', 'dp', 'a7s', 'bier', 'cinema', 'see', 'dusk', 'ikea']"
levenshtein cluster 837,"['süßes', 'cgi', 'uk', 'lake', 'usa', 'see', 'blue', 'meat', 'dxb']"
levenshtein cluster 838,"['bts', 'vfx', 'setup', 'c4d', 'see', 'dusk', 'dell', 'dji']"
levenshtein cluster 839,"['atp', 'uae', 'gala', 'uk', 'lake', 'cairo', 'park', 'wald', 'black']"
levenshtein cluster 840,"['red', 'a7s', 'xeen', 'moon', 'lake', 'uk', 'park', 'town', 'veli']"
levenshtein cluster 841,"['duft', 'red', 'moon', 'flir', 'feuer', 'meat', 'veli', 'fruit', 'brrrt']"
levenshtein cluster 842,"['benq', 'duft', 'uae', 'xeen', 'dubai', 'bf', 'usa', 'meat', 'dxb']"
levenshtein cluster 843,"['atp', 'ligt', 'gala', 'uk', 'lake', 'blue', 'wald', 'black']"
levenshtein cluster 844,"['ligt', 'duft', 'dp', 'red', 'vfx', 'uk', 'usa', 'dell', 'dji']"
levenshtein cluster 845,"['jp', 'grow', 'red', 'uae', 'bf', 'usa', 'veli', 'wald', 'dxb']"
levenshtein cluster 846,"['öbb', 'cpu', 'atp', 'bts', 'red', 'cgi', 'vfx', 'TOP', 'dji']"
levenshtein cluster 847,"['benq', 'dp', 'red', 'lake', 'razer', 'dell', 'ikea', 'trvp']"
levenshtein cluster 848,"['cpu', 'Corona', 'grow', 'bts', 'boss', 'moon', 'losinj', 'blue', 'ronin']"
levenshtein cluster 849,"['öbb', 'atp', 'cpu', 'cgi', 'vfx', 'uk', 'blue', 'TOP', 'dxb']"
levenshtein cluster 850,"['jp', 'benq', 'bts', 'uk', 'c4d', 'veli', 'dji', 'ikea']"
levenshtein cluster 851,"['benq', 'alps', 'uae', 'cine', 'flir', 'bf', 'feuer', 'blue', 'veli']"
levenshtein cluster 852,"['jp', 'grow', 'alps', 'boss', 'a7s', 'uae', 'town', 'ronin', 'trvp']"
levenshtein cluster 853,"['jp', 'cgi', 'vfx', 'uae', 'gala', 'em', 'veli', 'wald']"
levenshtein cluster 854,"['öbb', 'jp', 'uae', 'dubai', 'bf', 'usa', 'TOP', 'dxb']"
levenshtein cluster 855,"['ligt', 'kenya', 'little', 'benq', 'dp', 'cine', 'usa', 'giza', 'ikea']"
levenshtein cluster 856,"['öbb', 'atp', 'cpu', 'cgi', 'uae', 'vfx', 'gala', 'em', 'TOP']"
levenshtein cluster 857,"['dp', 'uae', 'xeen', 'cine', 'dubai', 'bf', 'c4d', 'dji']"
levenshtein cluster 858,"['atp', 'abbau', 'aufbau', 'boss', 'dubai', 'bf', 'usa', 'dxb']"
levenshtein cluster 859,"['cpu', 'benq', 'cgi', 'a7s', 'cine', 'bf', 'cairo', 'giza', 'TOP']"
levenshtein cluster 860,"['ligt', 'alps', 'a7s', 'tflers', 'nairobi', 'flir', 'cairo', 'wald', 'dji']"
levenshtein cluster 861,"['egitto', 'egypt', 'egyptian']"
levenshtein cluster 862,"['atp', 'dxb', 'grow', 'gala', 'usa', 'em', 'giza', 'TOP', 'trvp']"
levenshtein cluster 863,"['benq', 'xeen', 'cine', 'feuer', 'dell', 'em', 'razer', 'ikea', 'desert']"
levenshtein cluster 864,"['teafarm', 'safari']"
levenshtein cluster 865,"['visitegypt', 'thisisegypt']"
levenshtein cluster 866,"['egiptologia', 'egyptology']"
levenshtein cluster 867,"['athens', 'atomos']"
levenshtein cluster 868,"['cpu', 'bts', 'cgi', 'vfx', 'a7s', 'c4d', 'usa', 'dell', 'dxb']"
levenshtein cluster 869,"['öbb', 'atp', 'cgi', 'boss', 'vfx', 'gala', 'usa', 'em', 'TOP']"
levenshtein cluster 870,"['öbb', 'bts', 'a7s', 'usa', 'c4d', 'wald', 'dell', 'dji']"
levenshtein cluster 871,"['beachwaves', 'beachdays']"
levenshtein cluster 872,"['ligt', 'cpu', 'schnee', 'benq', 'cgi', 'cine', 'c4d']"
levenshtein cluster 873,"['kerzen', 'xeen']"
levenshtein cluster 874,"['atp', 'öbb', 'cpu', 'abbau', 'cgi', 'vfx', 'em', 'TOP', 'wald']"
levenshtein cluster 875,"['öbb', 'dp', 'bts', 'a7s', 'boss', 'gala', 'em', 'dell', 'ikea']"
levenshtein cluster 876,"['atp', 'cpu', 'alps', 'cgi', 'gala', 'em', 'TOP', 'dell', 'ikea']"
levenshtein cluster 877,"['atp', 'vfx', 'setup', 'c4d', 'em', 'dji', 'trvp']"
levenshtein cluster 878,"['avbaby', 'abbau']"
levenshtein cluster 879,"['cpu', 'benq', 'alps', 'boss', 'a7s', 'cgi', 'em', 'TOP']"
levenshtein cluster 880,"['cpu', 'cgi', 'vfx', 'c4d', 'em', 'TOP', 'dji']"
levenshtein cluster 881,"['cpu', 'dp', 'cgi', 'bts', 'vfx', 'a7s', 'TOP']"
levenshtein cluster 882,"['ligt', 'cpu', 'bts', 'cgi', 'vfx', 'c4d', 'dji']"
levenshtein cluster 883,"['vfxstudio', 'cgistudio', 'cgstudio']"
levenshtein cluster 884,"['bts', 'dp', 'a7s', 'alps', 'c4d', 'dell', 'dji', 'trvp']"
levenshtein cluster 885,"['benq', 'metal', 'bts', 'dell', 'dji']"
levenshtein cluster 886,"['filmrig', 'filmcrew']"
levenshtein cluster 887,"['metal', 'setup']"
levenshtein cluster 888,"['vfxartist', 'cgartist']"
levenshtein cluster 889,"['postproduction', 'preproduction']"
levenshtein cluster 890,"['a7s', 'dp']"
