id_of_post,url_of_post,likes_of_post,hashtags_of_post,description_of_post,post_was_liked_by,date_of_post
CRHFTBerh4C,https://www.instagram.com/p/CRHFTBerh4C/,149,#eisteefreunde #teaonthebeach #hibiskus #cassis #bio #organic #nachhaltig #eistee #test #produkttest #ausprobieren #cocktail #icedtea #tea #tealover #fresh #frucht #fruchtig #fruity #sommer #beeren #rot #warm #erfrischend #freitag #friday #wochenende #teeliebe #icetea #tee,"Tea on the Beach Hibiskus Cassis!â  â  Intensitea: ğŸŒ±ğŸŒ±â  Sweetness: ğŸŒ±ğŸŒ±â  Flavor: ğŸŒ±ğŸŒ±ğŸŒ±ğŸŒ±â  Organic: ğŸŒ±ğŸŒ±ğŸŒ±ğŸŒ±â  Total: ğŸŒ±ğŸŒ±ğŸŒ±â  â  Fazit: Eistee am Strand - oder auch einfach im Wohnzimmer. Der Tea on the Beach in der Sorte Hibiskus Cassis besticht durch einen ausgewogenen FrÃ¼chtetee, der gleichzeitig als Aroma-Basis dient. Der Tee setzt dabei auf ApfelstÃ¼cke, HibiskusblÃ¼ten und ""natÃ¼rliches Aroma"" - das natÃ¼rliche Aroma beinhaltet die Cassis-Noten. Fruchtig ist der Tee ohne Ende und schmeckt super frisch und intensiv. Neben dem puren Tee sorgt ein Schuss Apfelsaft fÃ¼r eine solide Geschmacksbasis und eine leichte Sweetness. Die natÃ¼rlich SÃ¤ure des Tees beendet die Geschmacksreise. Unterm Strich ein leckerer FrÃ¼chtetee, ohne viele Ãœberraschungen. Daumen hoch!â  â                                                              â  *Anzeige Mega lecker ğŸ˜‹",,2021-07-09T15:02:04.000Z
CSW57yxLEhB,https://www.instagram.com/p/CSW57yxLEhB/,107,#eisteefreunde #ti #rooibos #rooibostee #rotbusch #pfirsich #peach #teampfirsich #eistee #icedtea #tea #tealover #test #teeliebe #produkttest #ausprobieren #yummi #lecker #empfehlung #sommer #summer #warm #erfrischen #getrÃ¤nke #trinken #bio #nachhaltig #kalorien #icetea #tee,"Ti Rooibos Tee Pfirsich!â  â  Intensitea: ğŸŒ±ğŸŒ±ğŸŒ±â  Sweetness: ğŸŒ±ğŸŒ±â  Flavor: ğŸŒ±ğŸŒ±ğŸŒ±â  Organic: ğŸŒ±ğŸŒ±ğŸŒ±ğŸŒ±â  Total: ğŸŒ±ğŸŒ±ğŸŒ±ğŸŒ±â  â  Fazit: der heutige Eistee setzt auf einen klassischen und wÃ¼rzigen Rooibos-Tee mit einer toll abgestimmten Intensitea. Zugesetzt wurde dem Ti ein leichtes Pfirsich-Aroma, welches die Tee-Noten auf eine angenehme Art verfeinert. Die Sweetness ist ebenfalls eher niedrig angesetzt und stimmt sich mit der leichten SÃ¤ure gut ab. Unterm Strich ist der Ti ein toller Rooibos-Vertreter, welcher durch seine wÃ¼rzigen Noten und dem fruchtigen, aber leichten Pfirsich-Aroma Ã¼berzeugt. Unbedingt Probieren!â  â                                                              â  *Anzeige",,2021-08-09T15:01:49.000Z
CRy3Cx7s6WM,https://www.instagram.com/p/CRy3Cx7s6WM/,146,#eisteefreunde #rewe #bestewahl #pfirsich #peach #eistee #schwarztee #blacktea #icedtea #sommer #tea #warm #erfrischen #erfrischung #tealover #testen #test #produkttest #ausprobieren #montag #monday #feierabend #teeliebe #kÃ¶ln #cologne #empfehlung #teampfirsich #lecker #icetea #tee,"Rewe Beste Wahl Iced Tea Pfirsich!â  â  Intensitea: ğŸŒ±ğŸŒ±ğŸŒ±â  Sweetness: ğŸŒ±ğŸŒ±ğŸŒ±â  Flavor: ğŸŒ±ğŸŒ±ğŸŒ±â  Organic: ğŸŒ±ğŸŒ±ğŸŒ±â  Total: ğŸŒ±ğŸŒ±ğŸŒ±â  â  Fazit: ein weiterer Vertreter der Pfirsich-Woche - heute von der Hausmarke Rewe Beste Wahl! Basis ist ein schÃ¶n abgestimmter Schwarztee mit leichten Bitternoten im Abgang. Die Tee-Noten werden abgelÃ¶st vom starken Pfirsich-Aroma, welches in die Kategorie ""Standard"" eingeordnet werden kann. Das Pfirsichsaft-Konzentrat wird durch die Sweetness des Zuckers gut in Szene gesetzt. Wer jedoch Geschmacksexplosionen oder natÃ¼rliche Fruchtigkeit erwartet, wird enttÃ¤uscht. SÃ¤ure beendet das Spektakel und macht aus dem Rewe-Eistee vielleicht nicht die beste Wahl - aber eine durchaus gute Wahl! Freunde des klassischen Pfirsich-Eistees sind gut bedient!â  â                                                              â  *Anzeige Promote it on  Gutes Fazit ğŸ‘ Immer bei Rewe an der Kasse auf spontan gekauft finde den echt besser als ein Lipton oder so",,2021-07-26T15:02:38.000Z
CSE4XmENHqd,https://www.instagram.com/p/CSE4XmENHqd/,96,#eisteefreunde #topmate #pfirsich #schwarztee #blacktea #vegan #sommer #summer #erfrischen #erfrischung #getrÃ¤nke #trinken #eistee #icedtea #montag #produkttest #testen #ausprobieren #lecker #empfehlung #yummi #feierabend #test #tea #warm #tealover #mate #teeliebe #icetea #tee,"Top-MatÃ© Schwarztee-Pfirsich!â  â  Intensitea: ğŸŒ±ğŸŒ±ğŸŒ±ğŸŒ±â  Sweetness: ğŸŒ±ğŸŒ±ğŸŒ±â  Flavor: ğŸŒ±ğŸŒ±ğŸŒ±â  Organic: ğŸŒ±ğŸŒ±â  Total: ğŸŒ±ğŸŒ±ğŸŒ±ğŸŒ±â  â  Fazit: der heutige Eistee stammt aus dem Hause Top-MatÃ© und tritt an in der Sorte Schwarztee-Pfirsich. Zwar meint man nach dem Namen einen Mate-Eistee zu erwarten, laut Inhaltsstoffen ist diese jedoch nicht vorhanden. Stattdessen finden wir einen intensiven Schwarztee-Aufguss vor mit ebenso starker Intensitea. Aromatisiert wird der Schwarztee mit einem angenehmen Pfirsichsaft, der geschmacklich nicht durch NatÃ¼rlichkeit hervorsticht, jedoch vÃ¶llig solide daherkommt. GesÃ¼ÃŸt wird mit Zucker, welcher als Bindeglied zwischen Tee und Pfirsich dient und ein kompaktes Gesamtpaket schnÃ¼rt. Zitrone und reichlich KohlensÃ¤ure bringen ein wenig Action ins Spiel und runden die Top-MatÃ© gekonnt ab. Wir finden's super, auch wenn die Namensgebung etwas verwirrend ist. Gerne mal probieren - zukÃ¼nftig gibt's noch mehr aus dem Hause Top-MatÃ©.â  â                                                            â  *Anzeige",,2021-08-02T15:01:38.000Z
CSKB9Xglkue,https://www.instagram.com/p/CSKB9Xglkue/,137,#eisteefreunde #rauch #pfirsich #eisteepfirsich #eistee #icedtea #teampfirsich #peach #lecker #tea #tealover #teeliebe #produkttest #test #ausprobieren #probieren #testen #icetea #tee #rankweil #austria #Ã¶sterreich #mittwoch #feierabend #sommer #erfrischen #erfrischung #warm #getrÃ¤nke #trinken,"Rauch Eistee Pfirsich!â  â  Intensitea: ğŸŒ±ğŸŒ±ğŸŒ±â  Sweetness: ğŸŒ±ğŸŒ±ğŸŒ±â  Flavor: ğŸŒ±ğŸŒ±ğŸŒ±ğŸŒ±â  Organic: ğŸŒ±ğŸŒ±ğŸŒ±â  Total: ğŸŒ±ğŸŒ±ğŸŒ±â  â  Fazit: die Retro-Edition des Rauch-Eistees geht mit einem moderaten Schwarztee an den Start. Die Intensitea ist ausgeglichen und insgesamt sehr solide. Geschmacklich trumpft der Eistee von Rauch mit einem intensiven Pfirsich-Aroma, welches durch die Noten der Hagebutte des Basis-Aufgusses verfeinert werden. Die Sweetness ist gut vorhanden, wirkt jedoch nicht Ã¼berladend. Umso mehr tritt die SÃ¤ure des Eistees zum Schluss in den Vordergrund und schlieÃŸt den Rauch intensiv ab. Unterm Strich eine solide Nummer mit ordentlicher SÃ¤ure.â  â                                                              â  *Anzeige Ich finde es auch gut, dass es in einer Glasflasche angeboten wirdâ€¦ğŸ˜ŠğŸ‘ğŸ»",,2021-08-04T15:01:52.000Z
CSzOsbKsr5X,https://www.instagram.com/p/CSzOsbKsr5X/,90,#eisteefreunde #milram #buttermilch #buttermilchdrink #zitrone #lemon #grÃ¼ntee #greentea #grÃ¼nertee #eistee #freitag #friday #wochenende #weekend #produkttest #sommer #neuheit #produktneuheit #mutig #gewagt #neuimregal #icedtea #tea #tealover #teeliebe #icetea #tee #summer #getrÃ¤nke #interessant,"Milram Buttermilch-Drink Eistee Zitrone! â  â  Intensitea: ğŸŒ±â  Sweetness: ğŸŒ±ğŸŒ±â  Flavor: ğŸŒ±ğŸŒ±ğŸŒ±â  Organic: ğŸŒ±ğŸŒ±â  Total: ğŸŒ±ğŸŒ±â  â  Fazit: mal was ganz anderes! Hier haben wir einen exotischen Versuch, ein Milchprodukt mit der Eistee-Branche zu kombinieren. Ein klassischer Buttermilch-Drink der Firma Milram wird mit einem GrÃ¼ntee-Extrakt vermischt und als Eistee-Version verkauft. Auf dem Papier klingt das super. In der Praxis? VerbesserungswÃ¼rdig. Die Intensitea ist quasi nicht vorhanden. Im Mittelpunkt liegt ganz klar das klassische Aroma der Buttermilch, welches um leichte Zitronen-Noten erweitert wurde. Der Zuckeranteil und damit die Sweetness ist fÃ¼r ein Buttermilch-GetrÃ¤nk relativ niedrig und fÃ¤llt dementsprechend klein aus. SÃ¤ure ist gut vorhanden, fÃ¼r eine Buttermilch jedoch auch nicht unÃ¼blich. Uns schmeckt der ""Eistee"" von Milram nicht wirklich gut und schafft es nicht, sich in der Eistee-Wertung durchzusetzen. Dennoch Respekt fÃ¼r den Versuch und den Mut, den Eistee (bzw. Tee) in einem alternativen GetrÃ¤nke-Produkt unterzubringen!â  â                                                              â  *Anzeige Milch in Tee ist ja an sich nichts neues :) ich werde ihn Mal probieren. gut gemeint, aber letztlich nur ein marketingmove xD",,2021-08-20T15:02:08.000Z
CR4AY5SNrIl,https://www.instagram.com/p/CR4AY5SNrIl/,128,#eisteefreunde #teinacher #genusseistee #genuss #zitrone #lemon #test #produkttest #ausprobieren #teamzitrone #eistee #wednesday #dailypost #icedtea #tea #tealover #mittwoch #teeliebe #schwarztee #blacktea #badteinach #quelle #mineralwasser #wasser #trinken #getrÃ¤nke #sommer #warm #icetea #tee,"Teinacher Genuss Eistee Zitrone! â  â  Intensitea: ğŸŒ±ğŸŒ±â  Sweetness: ğŸŒ±ğŸŒ±ğŸŒ±ğŸŒ±â  Flavor: ğŸŒ±ğŸŒ±ğŸŒ±ğŸŒ±â  Organic: ğŸŒ±ğŸŒ±ğŸŒ±â  Total: ğŸŒ±ğŸŒ±â  â  Fazit: der zweite Eistee vom SchwarzwÃ¤lder GetrÃ¤nkehersteller Teinacher steht auf dem Test-Plan. Basis ist ein unauffÃ¤lliges Schwarztee-Extrakt mit wenig Intensitea. Geschmacklich handelt es sich beim Teinacher um ein intensives, relativ kÃ¼nstliches Zitronen-Aroma, wie wir es von vielen 08/15-Eistees kennen. Die Sweetness ist ebenso hoch wie das Aroma und versÃ¼ÃŸt den Teinacher nahezu. Die SÃ¤ure bleibt etwas im Hintergrund und schafft es kaum, die Sweetness zu Ã¼berdecken. Unterm Strich kann der zweite Teinacher uns auch nicht Ã¼berzeugen - schade eigentliche! Vertreter:innen des Teams ""SÃ¼ÃŸe Zitrone"" kommen jedoch voll auf ihre Kosten!â  â                                                              â  *Anzeige",,2021-07-28T15:01:37.000Z
CSPLjDEt8vH,https://www.instagram.com/p/CSPLjDEt8vH/,122,#eisteefreunde #inspiriti #greentea #grÃ¼ntee #grÃ¼nertee #eistee #agave #himbeere #holunderbeere #granatapfel #guarana #saft #icedtea #tea #tealover #teeliebe #icetea #getrÃ¤nke #tee #austria #Ã¶sterreich #international #freitag #friday #wochenende #weekend #lecker #sommer #erfrischen #yummi,"Inspiriti Green Tea!â  â  Intensitea: ğŸŒ±ğŸŒ±ğŸŒ±â  Sweetness: ğŸŒ±ğŸŒ±â  Flavor: ğŸŒ±ğŸŒ±ğŸŒ±ğŸŒ±â  Organic: ğŸŒ±ğŸŒ±â  Total: ğŸŒ±ğŸŒ±ğŸŒ±â  â  Fazit: ein grÃ¼ner Super-Fruit-Eistee aus Ã–sterreich in einer ebenso grÃ¼nen, ansehnlichen Dose. Basis ist ein fein abgestimmter grÃ¼ner Tee mit moderater Intensitea. Die zugesetzten Aromen bestehen aus einem fruchtig-saurem Himbeer-PÃ¼ree, welches mit sanften Noten des Holunders und einem guten Schuss Granatapfel-Saft abgerundet wird. Die Sweetness setzt auf Agavendicksaft und bleibt eher im Hintergrund. FÃ¼r das gewisse Etwas sorgt ein Schuss Kohlen- und ZitronensÃ¤ure. Den Wachmach-Effekt erzeugt Inspiritea durch die belebenden Noten der Guarana. Uns schmeckts, haut uns jedoch nicht vom Hocker!â  â                                                              â  *Anzeige Ich hatte ihn heute schon in der Hand aber dann doch einen andren genommen, der sieht einfach nicht aus als wÃ¤r er so lecker ğŸ˜ Nice design and idea!",,2021-08-06T15:01:59.000Z
CShNHRjseau,https://www.instagram.com/p/CShNHRjseau/,86,#eisteefreunde #bos #rooibos #rooibostee #original #pur #pure #sÃ¼dafrika #southafrica #capetown #kapstadt #niederlande #holland #amsterdam #eistee #icedtea #international #test #testen #ausprobieren #freitag #wochenende #weekend #feierabend #sommer #tea #tealover #teeliebe #icetea #tee,"BOS Original & Infused! â  â  Intensitea: ğŸŒ±ğŸŒ±ğŸŒ±ğŸŒ±â  Sweetness: ğŸŒ±ğŸŒ±ğŸŒ±â  Flavor: ğŸŒ±â  Organic: ğŸŒ±ğŸŒ±ğŸŒ±ğŸŒ±â  Total: ğŸŒ±ğŸŒ±ğŸŒ±ğŸŒ±ğŸŒ±â  â  Fazit: heute haben wir den sÃ¼dafrikanischen BOS-Eistee getestet und sind begeistert. Basis ist auch hier wieder der Namensgeber Rooibos-Tee, welcher durch seine frische BrÃ¼hung eine starke und wohlschmeckende Intensitea erzeugt. Original & Infused - das heiÃŸt, weitere Aromen = Fehlanzeige. Der BOS setzt auf den reinen Tee und verfeinert diesen mit einem moderaten Schuss Rohrzucker, welcher die feinen Aromen des Tees gut in Szene setzen. Etwas ZitronensÃ¤ure rundet den Geschmack ab und macht aus dem LÃ¶wen-Eistee einen echten Durchstarter. Ganz nach unserem Geschmack bekommt der pure Eistee von BOS volle Punktzahl. Wer auf Rooibos-Tee im Eistee steht, sollte definitiv den BOS probieren!â  â                                                              â  *Anzeige â¤ï¸â¤ï¸â¤ï¸ Das ist ein interessantes Neues Eistee! Kommt es auch SÃ¼dafrika or nur die Rooibos? Gibt's den in Deutschland auch irgendwo? Oder bekommt man irgendwo ne Probe?ğŸ˜",,2021-08-13T15:01:55.000Z
CSo7fkdtLfd,https://www.instagram.com/p/CSo7fkdtLfd/,110,#eisteefreunde #teaonthebeach #zitrone #bio #nachhaltig #organic #eistee #lemon #teamzitrone #icedtea #grÃ¼ntee #grÃ¼nertee #greentea #tea #tealover #teeliebe #icetea #tee #lecker #test #testen #ausprobieren #produkttest #montag #monday #feierabend #tester #sommer #warm #empfehlung,"Tea on the Beach Zitrone! â  â  Intensitea: ğŸŒ±ğŸŒ±ğŸŒ±ğŸŒ±ğŸŒ±â  Sweetness: ğŸŒ±ğŸŒ±â  Flavor: ğŸŒ±ğŸŒ±ğŸŒ±â  Organic: ğŸŒ±ğŸŒ±ğŸŒ±ğŸŒ±â  Total: ğŸŒ±ğŸŒ±ğŸŒ±ğŸŒ±â  â  Fazit: kein Zweifel, das ist ein echter Eistee. Der Tea on the beach Zitrone geht mit einem extrem starken grÃ¼nen Tee an den Start. Die Intensitea erreicht volle Punktzahl und befriedigt alle Tee-Enthusiasten. Das zugesetzte Arome besteht aus reinem Zitronen-Aroma, welches geschmacklich eher durch eine intensive SÃ¤ure glÃ¤nzt als durch fruchtige Zitronen-Aromen. Die Sweetness ist nur im Ansatz vorhanden und kommt von der zweiten Zutat, dem Apfelsaft. Unterm Strich ein Eistee, der dem Tee alle Ehre macht. Uns gefÃ¤llt er sehr gut, kÃ¶nnte jedoch durch die intensiven Tee-Aromen und die damit verbundene Bitterheit nicht jedem schmecken.â  â                                                              â  *Anzeige ğŸ™Œ Tried it once. Surprisingly good ğŸ‘ğŸ™Œ Tea Love from Berlin â¤ï¸",,2021-08-16T15:01:46.000Z
CRrIvOwto50,https://www.instagram.com/p/CRrIvOwto50/,141,#eisteefreunde #jetferros #kombucha #waldbeere #minze #fermentiert #gegoren #lebendig #eistee #icedtea #test #produkttest #testen #ausprobieren #review #produktreview #lecker #freitag #wochenende #tea #tealover #teeliebe #icetea #tee #kÃ¶ln #cologne #gesund #healthy #organic #nachhaltig,"Jetferro's Kombucha Waldbeere Minze!â  â  Intensitea: ğŸŒ±ğŸŒ±â  Sweetness: ğŸŒ±ğŸŒ±ğŸŒ±â  Flavor: ğŸŒ±ğŸŒ±ğŸŒ±ğŸŒ±â  Organic: ğŸŒ±ğŸŒ±ğŸŒ±ğŸŒ±ğŸŒ±â  Total: ğŸŒ±ğŸŒ±ğŸŒ±ğŸŒ±â  â  Fazit: Jetferro wagt einen Ausflug durch Wald und Wiesen und kommt mit einer Handvoll Waldbeeren und frischer Minze zurÃ¼ck. Diese Mischung - in Form eines Bio-Tee-Mixes - wird wie auch bei den anderen Jetferro's dem Ã¼blichen fermentierten Teeaufguss zugefÃ¼gt. Die Minze bringt kÃ¼hlende Frische, der Waldfrucht-Aufguss beerige SÃ¼ÃŸe - die Fermentationsnoten halten sich eher im Hintergrund. Gerade fÃ¼r Einsteiger in den Bereich Kombucha empfehlen wir diese Sorte - unbedingt probieren!â  â                                                              â  *Anzeige",,2021-07-23T15:03:45.000Z
CScDlCNLo6a,https://www.instagram.com/p/CScDlCNLo6a/,187,#eisteefreunde #bratee #bali #baliedition #limited #limitededition #mehrfrucht #vanille #eistee #icedtea #tea #capi #capital #capitalbra #bratan #bratina #lecker #tealover #teeliebe #icetea #test #produkttest #sommer #lecker #rap #deutschrap #rappenundeistee #tee #stuttgart #berlin,"BraTee Bali Edition! â  â  Intensitea: ğŸŒ±ğŸŒ±â  Sweetness: ğŸŒ±ğŸŒ±ğŸŒ±ğŸŒ±â  Flavor: ğŸŒ±ğŸŒ±ğŸŒ±ğŸŒ±â  Organic: ğŸŒ±ğŸŒ±â  Total: ğŸŒ±ğŸŒ±ğŸŒ±ğŸŒ±â  â  Fazit: lange wurder er angepriesen, jetzt ist er da. Der BraTee in der geheimnisvollen Bali-Edition setzt auf einen direkt gebrÃ¼hten GrÃ¼ntee, welcher leicht durchkommt - echte Tee-Enthusiasten werden jedoch eher enttÃ¤uscht. DafÃ¼r schlÃ¤gt die Geschmacks-Komposition ein wie eine Bombe: fruchtig-frische Noten aus Mango- und Passionsfrucht-Saft kombiniert mit einem floralen und angenehmen Vanille-Aroma erzeugen einen super abgestimmten Gesamt-Geschmack. Wer sich hierbei nicht an einen weiÃŸen Sandstrand auf Bali katapultiert fÃ¼hlt, hat etwas falsch gemacht. Die Sweetness des BraTees ist gewohnt hoch, passt jedoch zum Gesamt-Aroma. Ein Hauch ZitronensÃ¤ure rundet die Bali Edition gekonnt ab und macht den BraTee zu einem echten Exoten unter den Eistees. FÃ¼r uns der bisher beste BraTee, der durch sein besonderes und gut abgeschmecktes Aroma Ã¼berzeugt!â  â                                                              â  *Anzeige Soo lecker ğŸ’š ğŸ”¥ğŸ”¥ WO IST SUCHTEA Ach ja, den habe ich ja auch noch zum Probieren hier. Florale Note schreckt mich allerdings etwas ab. Love it ğŸ™ŒğŸ‘â¤ï¸ ğŸ˜ğŸ˜ğŸ˜ğŸ˜ğŸ˜ğŸ˜® Hat aber mit Eistee nix mehr zu tun. Schmeckt wie ein Multivitamin FruchtsaftgetrÃ¤nk mit Vanillenote. Schmeckt nach Sommer",,2021-08-11T15:02:19.000Z
CRB7s1enmhj,https://www.instagram.com/p/CRB7s1enmhj/,217,#eisteefreunde #bratee #bra #capi #capitalbra #bratan #bratina #zitrone #lemon #rap #eistee #icedtea #tea #tealover #produkttest #test #ausprobieren #teeliebe #icetea #tee #sommer #erfrischen #erfrischung #rappermacheneistee #warm #chillig #mittwoch #feierabend #wednesday #berlin,"BraTee Zitrone!â  â  Intensitea: ğŸŒ±ğŸŒ±â  Sweetness: ğŸŒ±ğŸŒ±ğŸŒ±ğŸŒ±â  Flavor: ğŸŒ±ğŸŒ±ğŸŒ±ğŸŒ±â  Organic: ğŸŒ±ğŸŒ±â  Total: ğŸŒ±ğŸŒ±â  â  Fazit: der (vorerst) letzte Eistee aus dem Hause Bra tritt an als Gegner zum bisherigen Favoriten Pfirsich. Das Tee-Aroma ist ganz weit hinten anzusiedeln und erzeugt eine relativ niedrige Intensitea. Das Hauptaroma ist Zitrone pur! SchÃ¶n sauer mit leicht herben Noten, jedoch insgesamt relativ kÃ¼nstlich, wie wir es von anderen Standard-Eistees bereits kennen. Zum intensiven Flavor gesellt sich ebenfalls eine intensive Sweetness, die dem kÃ¼nstlichen Aroma die Krone aufsetzt. Zusammengefasst kann es der BraTee Zitrone nicht mit dem Pfirsich-Bruder aufnehmen und bildet das Schlusslicht der BraTee-Reihe.â  â                                                              â  *Anzeige Ich warte noch auch Wonderbratee Besteee ğŸ’¯ Cute ğŸ˜ğŸ˜ğŸ˜",,2021-07-07T15:02:35.000Z
CRg1PKxlelN,https://www.instagram.com/p/CRg1PKxlelN/,142,#eisteefreunde #jumbo #goodenergy #energy #energydrink #eistee #netherlands #niederlande #holland #icedtea #grÃ¼ntee #grÃ¼nertee #greentea #cranberry #granatapfel #ingwer #international #teste #testen #ausprobieren #produkttest #montag #tea #tealover #teeliebe #icetea #tee #veghel #supermarkt #einkaufen,"Jumbo good energy!â  â  Intensitea: ğŸŒ±ğŸŒ±â  Sweetness: ğŸŒ±ğŸŒ±ğŸŒ±ğŸŒ±â  Flavor: ğŸŒ±ğŸŒ±ğŸŒ±ğŸŒ±â  Organic: ğŸŒ±ğŸŒ±â  Total: ğŸŒ±ğŸŒ±â  â  Fazit: direkt aus Holland steht der zweite Eistee der Supermarktkette Jumbo auf dem Tisch. Er hÃ¶rt auf den Namen ""good energy"" und setzt auf ein GrÃ¼ntee-Extrakt, welches geschmacklich kaum durchkommt. Das Aroma wird mit Cranberry und Granatapfel angepriesen und ist intensiv vorhanden. Neben den beiden Hauptaromen versteckt sich noch eine leicht-scharfe Ingwernote, die wohltuend fÃ¼r Hals und Rachen ist. Doch scheinbar wird auch auf weitere, nicht nÃ¤her definierte ""Aromen"" zurÃ¼ckgegriffen, die besonders als Geruch wahrnehmbar sind: der ""good energy"" erinnert tatsÃ¤chlich an klassische Energy-Drinks, wie wir sie in Form von roten Bullen oder Monstern kennen. In Kombination mit der starken Sweetness der SÃ¼ÃŸstoffe, wird das Eisteearoma insgesamt ziemlich verfremdet. Unterm Strich kein besonders gelungener Eistee, eher ein Versuch eines verkappten Energy-Drinks.â  â                                                              â  *Anzeige Yuck. Aber die Jumbo MÃ¤rkte sind Pflicht wenn man in NL ist... Ihr seid ja auch verrÃ¼ckt. HÃ¤ngt Euch Eistee nicht auch mal zum Halse raus? Vorbildlich. Aber ihr tut euch bestimmt immer nen Schuss Gin dazuğŸ˜‚",,2021-07-19T15:01:59.000Z
CRZG2g6LB7h,https://www.instagram.com/p/CRZG2g6LB7h/,170,#eisteefreunde #pfanner #lemon #lime #zitrone #limette #teamzitrone #eistee #wenigerzucker #gesund #abnehmen #icedtea #kalorien #tea #schwarztee #hibiskus #hagebutte #tealover #freitag #friday #wochenende #teeliebe #produkttest #testen #ausprobieren #zuckerreduziert #weightwatchers #icetea #tee #hamburg,"Pfanner Ice Tea Lemon-Lime!â  â  Intensitea: ğŸŒ± ğŸŒ± ğŸŒ±â  Sweetness: ğŸŒ± ğŸŒ±â  Flavor: ğŸŒ± ğŸŒ± ğŸŒ±â  Organic: ğŸŒ± ğŸŒ± ğŸŒ±â  Total: ğŸŒ± ğŸŒ± ğŸŒ± ğŸŒ±â  â  Fazit: wieder mal ein Klassiker vom Eistee-Riesen Pfanner - geht einfach immer! Basis ist ein Schwarztee-Aufguss, der mit Hibiskus und Hagebutte verfeinert wurde. Die Intensitea ist relativ gut vorhanden, was fÃ¼r Eistees dieser Klasse eher ungewÃ¶hnlich ist. Geschmacklich liegt eine Mischung aus Zitrone und Limette vor. Beide Aromen sind prÃ¤sent, aber nicht zu aufdringlich. Die herbe Limette und die saure Zitrone erzeugen ein top Zusammenspiel der Citruswelt. Die Sweetness ist in dieser zuckerreduzierten Probe relativ niedrig - fehlen tut sie Ã¼berhaupt nicht! Ein guter Schuss zusÃ¤tzliche SÃ¤ure komplettiert den Lemon-Lime von Pfanner. Uns schmeckt's richtig gut! Pfanner ist und bleibt ein guter und solider Eistee-Produzent.â  â                                                              â  *Anzeige Ich behaupte dass Pfanner im Gesamtbild sogar der beste Eistee Hersteller ist. ğŸ˜",,2021-07-16T15:02:09.000Z
CR9J-9ZtB-j,https://www.instagram.com/p/CR9J-9ZtB-j/,107,#eisteefreunde #christinen #christinenbrunnen #pfirsich #peach #teampfirsich #teamzitrone #eistee #icedtea #freitag #friday #wochenende #weekend #tea #tealover #teeliebe #icetea #test #testen #produkttest #ausprobieren #stevia #kalorien #zucker #tee #sommer #warm #erfrischen #erfrischung #yummi,"Christinen Eistee Pfirsich! â  â  Intensitea: ğŸŒ±ğŸŒ±â  Sweetness: ğŸŒ±ğŸŒ±ğŸŒ±ğŸŒ±â  Flavor: ğŸŒ±ğŸŒ±ğŸŒ±ğŸŒ±â  Organic: ğŸŒ±ğŸŒ±â  Total: ğŸŒ±ğŸŒ±â  â  Fazit: heute kein ""Quick Drink"", dafÃ¼r direkt der Eistee aus dem Hause Christinen. Der Wasser-AbfÃ¼ller setzt beim Eistee Pfirsich auf ein nicht nÃ¤her definiertes Tee-Extrakt, welches nur in AnsÃ¤tzen wahrnehmbar ist. Die Intensitea fÃ¤llt entsprechend niedrig aus. Das Aroma setzt auf kÃ¼nstliche und starke Pfirsich-Noten und reiht sich in die groÃŸe Menge der Standard-Pfirsich-Vertreter ein. Sweetness ist stark vorhanden und wird neben dem Zucker von alternativen SÃ¼ÃŸungsmitteln unterstÃ¼tzt - kÃ¼nstliche Aromen des Stevias gibts gratis. Ein Klacks SÃ¤ure, fertig ist der Pfirsich-Eistee. Haut uns leider nicht wirklich vom Hocker, jedoch ein Hauch besser als die interne Konkurrenz!â  â                                                              â  *Anzeige Pfirsich ist fantastisch lecker im alle Tees ğŸ˜€ğŸ‘ğŸ½â˜€ï¸ğŸ«–",,2021-07-30T15:02:17.000Z
CQ8yG10DtHF,https://www.instagram.com/p/CQ8yG10DtHF/,166,#eisteefreunde #lamate #lama #mate #eistee #icedtea #tea #peru #sÃ¼damerika #rewe #bestewahl #kÃ¶ln #tealover #montag #feierabend #sommer #dose #can #teeliebe #icetea #tee #lecker #wach #erfrischend #koffein #besseralskaffee #wochenstart #produkttest #testen #ausprobieren,"Lamate Original!â  â  Intensitea: ğŸŒ±ğŸŒ±ğŸŒ±ğŸŒ±â  Sweetness: ğŸŒ±ğŸŒ±ğŸŒ±â  Flavor: ğŸŒ±â  Organic: ğŸŒ±ğŸŒ±â  Total: ğŸŒ±ğŸŒ±ğŸŒ±â  â  Fazit: das Lama hat wieder zugeschlagen! Heute in der puren Version ohne viel Schnickschnack. Basis ist ein Mate-Aufguss aus einem relativ starken und kernigen Mate-Extrakt. Rauchige Noten werden kombiniert mit einem bitteren Abgang und ist somit sicher nichts fÃ¼r Jederfrau. Die intensive Mate wird gekontert von einer guten Sweetness, die durch den Kontrast ebenfalls sehr intensiv wahrnehmbar ist. Ein zugesetztes Aroma fehlt gÃ¤nzlich - lediglich ein Hauch ZitronensÃ¤ure rundet die Mate vom Lama ab. Unterm Strich eine solide Nummer mit starkem Mate-Charakter.â  â                                                            â  *Anzeige â¤ï¸ğŸ¤¤ğŸ¤¤â¤ï¸ ğŸ˜ğŸ˜ğŸ˜ğŸ˜",,2021-07-05T15:01:38.000Z
CQ54v38MsuS,https://www.instagram.com/p/CQ54v38MsuS/,232,#eisteefreunde #liebherz #beeren #erdbeeren #sommer #eistee #erfrischung #rezept #rezepte #kochen #kÃ¼che #selbstgemacht #selbermachen #homemade #nachhaltig #gesund #abnehmen #lecker #frisch #warm #einfachkochen #produkttest #mjam #gender #kÃ¶ln #berlin #hamburg #mÃ¼nchen #erdbeere #rotwiedieliebe,"Eistee des Monats Juli 2021: Erdbeer-Minz-(Blitz-)Eistee!â  â  So lange es frische Erdbeeren gibt, kommt bei uns (fast) nichts anderes in den Eistee. Die Erdbeeren haben jetzt ihre SÃ¼ÃŸe voll entwickelt - die frischen Beeren spielen hier trotzdem nur eine Nebenrolle. Wieso ist das so? Ganz einfach: die vollaromatisch-fruchtige Teemischung Dickens Dublin von   benÃ¶tigt keine groÃŸe UnterstÃ¼tzung! Was genau steckt jetzt drin?â  â  15gr. Dickens Dublin (wurde uns zur VerfÃ¼gung gestellt von   - Danke!)â  500ml Wasserâ  2 StÃ¤ngel Minzeâ  2 Kugeln Erdbeersorbetâ  â  Wie wirds gemacht?â  â  Wasser aufkochen und Tee 10 Minuten ziehen lassen, Minze hinzugeben und etwas abkÃ¼hlen lassen. In ein Glas zwei EiswÃ¼rfel, die beiden Kugeln Erdbeersorbet und ein paar frische Erdbeeren geben. Den noch leicht warmen Tee durch ein Sieb einschenken und direkt genieÃŸen!â  â  Keine lange AbkÃ¼hlphase, nur ein leichtes ""AnkÃ¼hlen"" & den Rest erledigen Erdbeersorbet und EiswÃ¼rfel. Eine herrliche Komposition aus beeriger SÃ¼ÃŸe, frischen Minznoten und einer leicht vanilligen Note - ein echtes Muss! Achtet beim Erdbeersorbet bitte auf die QualitÃ¤t - sehr gut ist es ohne Zusatzstoffe, noch besser direkt selber zubereiten!   wirbt mit dem Slogan ""KrÃ¤utertee fÃ¼r Frauen"" - diese Mischung kommt aber bei allen Geschlechtern gleichermaÃŸen gut an! Nix wie ran und nachmachen!â  â                                                            â  *Anzeige sieht sehr gut aus ğŸ˜ƒ lecker ğŸ‘ğŸ» So schÃ¶n prÃ¤sentiert ğŸ˜ğŸ‘ğŸ‘ğŸ‘ Habt ganz lieben Dank, auch fÃ¼r die groÃŸartige PrÃ¤sentation. Liebe GrÃ¼ÃŸe, Eva von LIEB-HERZ schnell los, Erdbeeren holen ! Das klingt lecker ğŸ‘ğŸ‘   ğŸ“ğŸ“ LeckerğŸ™ƒğŸ‘ Lecker Da wÃ¼rde jetzt auch der Gold Brew Tee in Erdbeer passen. Tolle Erfrischung Der sieht ja gut aus. ğŸ‘ ğŸ‘ğŸ˜‹",,2021-07-04T12:01:50.000Z
CROzq7jNygY,https://www.instagram.com/p/CROzq7jNygY/,154,#eisteefreunde #kombucha #fairment #klassik #eistee #icedtea #klassiker #lecker #yummi #testen #tea #tealover #test #produkttest #teeliebe #ausprobieren #icetea #montag #monday #feierabend #tee #organic #bio #nachhaltig #gesund #abnehmen #somer #warm #gesund #healthy,"fairment Kombucha Klassik!â  â  Intensitea: ğŸŒ±â ğŸŒ±â  Sweetness: ğŸŒ±â ğŸŒ±ğŸŒ±â  Flavor: ğŸŒ±â  Organic: ğŸŒ±â ğŸŒ±ğŸŒ±ğŸŒ±ğŸŒ±â  Total: ğŸŒ±â ğŸŒ±ğŸŒ±â  â  Fazit: der Kombucha in der Sorte Klassik hÃ¤lt was sein Name verspricht - ein klassischer Kombucha der ohne viel Chichi auskommt. Die Ã¼bliche Mischung aus GrÃ¼n- und Schwarztee wurde mithilfe von Hefekulturen fermentiert, KohlensÃ¤ure hinzugefÃ¼gt und fertig. AusgeprÃ¤gte aber dabei nicht aufdringliche Fermentations-Noten dominieren diesen Kombucha. Insgesamt eine runde Nummer. Ein solides Ding und fÃ¼r alle Liebhaber:innen von klassischen Kombuchas eine unbedingte Empfehlung!â  â                                                              â  *Anzeige",,2021-07-12T15:01:42.000Z
CQ1DuMylSj1,https://www.instagram.com/p/CQ1DuMylSj1/,138,#eisteefreunde #fruity #pfirsich #peach #eistee #sÃ¼ÃŸ #sweet #zucker #sÃ¼ÃŸstoff #teampfirsich #sommer #icedtea #summer #tea #warm #tealover #hitze #pfanner #erfrischung #teeliebe #grÃ¼nertee #greentea #icetea #produkttest #wochenende #freitag #friday #hochdiehÃ¤ndewochenende #test #tee,"Fruity GrÃ¼ner Tee Pfirsich!â  â  Intensitea: ğŸŒ±ğŸŒ±â  Sweetness: ğŸŒ±ğŸŒ±ğŸŒ±ğŸŒ±â  Flavor: ğŸŒ±ğŸŒ±ğŸŒ±â  Organic: ğŸŒ±ğŸŒ±â  Total: ğŸŒ±ğŸŒ±ğŸŒ±â  â  Fazit: den Fruity kennen wir bereits aus der Vergangenheit, heute jedoch in der Sorte Pfirsich. Basis ist ein Tee-Aufguss aus grÃ¼nem Tee, dessen Intensitea relativ niedrig, jedoch durchaus erschmeckbar ist. Die Noten des Tees werden ziemlich schnell vom intensiv-sÃ¼ÃŸen Pfirsich-Aroma abgelÃ¶st. Untermalt wird das Aroma von einer ebenso intensiven Sweetness - eine ganz schÃ¶n sÃ¼ÃŸe Geschichte der Fruity. SÃ¤ure on top darf hier nicht fehlen und rundet den Fruity ab. Die verwendeten SÃ¼ÃŸungsmittel und deren prÃ¤gnante Aromen bleiben eher im Hintergrund - ein GlÃ¼ck! Unterm Strich ne echt sÃ¼ÃŸe Nummer, sodass der Name eventuell eher in Sweety umbenannt werden sollte?â  â                                                              â  *Anzeige Mega lecker ğŸ˜ ReweğŸ”¥",,2021-07-02T15:01:46.000Z
CSB--oNMY0T,https://www.instagram.com/p/CSB--oNMY0T/,101,#eistee #eisteeohneende #rezept #rezepte #eisteedesmonats #chai #chaiseven #icedchailatte #chailatte #vegan #milk #alnatura #vly #indien #urlaub #sommer #kochen #einfachkochen #nachmachen #selfmade #homemade #vegetarisch #milch #milktea #erfrischung #teeliebe #tee #icetea #icedtea #summer,"Eistee des Monats August 2021: Iced-Chai-Latte!â  â  Im August machen wir mal wieder eine geschmackliche Expedition in die Ferne: Corona lÃ¤sst grÃ¶ÃŸere Fernreisen leider weiterhin nicht zu - in der KÃ¼che sind sie aber gerne erlaubt. Wir begeben uns dank   auf den Weg nach Indien und probieren uns an einem feinen, veganen Iced-Chai-Latte!â  â  Was steckt drin?â  â  10gr. Masala Chai Blend (hier verwendet von   - vielen Dank an euch!)â  150ml Wasserâ  200ml vegane Milchalternative (hier verwendet die ungesÃ¼sste Variante von  )â  1EL Agavendicksaftâ  â  Wasser aufkochen und Chai aufgieÃŸen, 5 Minuten ziehen lassen. In der Zwischenzeit 200ml vegane Milchalternative mit 1EL Agavendicksaft anreichern. Ein Glas mit EiswÃ¼rfeln vorbereiten, Chai durch ein Sieb direkt auf die EiswÃ¼rfel geben, mit ""Milch"" auffÃ¼llen und direkt genieÃŸen!â  â  Die leichte SÃ¼ÃŸe, eine herrliche WÃ¼rze sowie eine angenehme SchÃ¤rfe, erzeugt durch die typischen Zutaten wie Ingwer, Kardamom und Nelke, machen diesen Chai zu etwas ganz Besonderem. Ein echter Genuss, den ihr unbedingt zuhause nachmachen solltet!â  â  Das Beste an   ? Alle Zutaten sind in Bio-QualitÃ¤t und besitzen keine zugesetzten Aromen! Erstehen kÃ¶nnt ihr dieses tolle Produkt unter anderem bei einem   in eurer NÃ¤he.â  â  Steht ihr auch auf Iced-Chai-Latte? Wir freuen uns auf euer Feedback!â  â                                                            â  *Anzeige ğŸ™ŒğŸ™Œ",,2021-08-01T12:00:59.000Z
CRl-01VNlbI,https://www.instagram.com/p/CRl-01VNlbI/,164,#eisteefreunde #share #guayusa #bio #himbeere #brombeere #beeren #berries #eistee #icedtea #tea #tealover #nachhaltig #organic #teeliebe #icetea #matcha #matchalover #tee #berlin #test #testen #ausprobieren #produkttest #sÃ¼damerika #trinkwasser #wasser #spende #mittwoch #feierabend,"Share Bio Guayusa Himbeer & Brombeere! â  â  Intensitea: ğŸŒ±ğŸŒ±ğŸŒ±â  Sweetness: ğŸŒ±ğŸŒ±â  Flavor: ğŸŒ±ğŸŒ±ğŸŒ±â  Organic: ğŸŒ±ğŸŒ±ğŸŒ±ğŸŒ±â  Total: ğŸŒ±ğŸŒ±ğŸŒ±ğŸŒ±â  â  Fazit: ein Guayusa-Eistee aus dem Hause ""Share"". Basis ist ein toller Guayusa-Aufguss mit einer fein-herben Intensitea. Die leicht bitteren Noten des Tees werden durch die zwei beerigen Hauptakteure passend ergÃ¤nzt. Himbeere und Brombeere soweit das Auge reicht. Die fruchtigen Noten der Beeren-SÃ¤fte kommen gut durch und wirken natÃ¼rlich-frisch. Die Sweetness ist nur in AnsÃ¤tzen vorhanden und wirkt ebenso natÃ¼rlich wie das Aroma. Zugesetzte SÃ¤ure in Form der klassischen CitrussÃ¤ure untermalt das Beeren-Kompott. Unterm Strich ein top Guayusa-Eistee und der Beweis, dass der exotische Aufguss auch mit Beeren funktioniert!â  Und das Beste: fÃ¼r jede gekaufte Flasche spendet   einen Tag Trinkwasser an einen Menschen in Not!  â                                                              â  *Anzeige â¤ï¸â¤ï¸â¤ï¸",,2021-07-21T15:01:55.000Z
CSrnMMFJ1Ir,https://www.instagram.com/p/CSrnMMFJ1Ir/,368,#treeoftea #tee #icetea #nestea #sommer #giveaway #verlosung #gewinnen #win #produkttest #gewinnspiel #Ã¼berraschungsbox #lecker #eistee #geschenk #giveaways #verlosungen #gewinne #vielglÃ¼ck #berlin #matcha #eisteeohneende #fashion #testpaket #tester #giveawaytime #contest #win #verlosen #tasting,"ğŸŒ±EISTEE-TESTER:INNEN GESUCHTğŸŒ±â  â  Ihr wolltet mehr Test-Pakete? Ihr bekommt mehr Testpakete! Heute haben wir fÃ¼r euch heiÃŸe Ware aus Ã–sterreich am Start, die auf den Namen â€Bio-Kraftstoffâ€œ hÃ¶rt und vom Hersteller   stammt. Insgesamt 60 Dosen des Kraftstoffs suchen 10 neue Besitzerinnen - sichert euch jetzt 6 Dosen zum ausgiebigen Testen und GenieÃŸen! Was ihr dafÃ¼r tun mÃ¼sst? â  â  ğŸŒ±   folgenâ  ğŸŒ±   folgen â  ğŸŒ± diesen Beitrag liken und kommentieren, mit wem ihr den Kraftstoff verkosten mÃ¶chtet â  â  EXTRALOS: teilt diesen Beitrag in eurer Story und VERDOPPELT eure Gewinnchance!â  â  Der Bio-Kraftstoff von   ist ein echter Wachmacher und setzt auf die belebende Kraft des grÃ¼nen Tees. Dazu sorgt die beliebte Aromen-Kombination, bestehend aus Minze, Ingwer und Limette, fÃ¼r einen super Geschmack, den ihr nicht mehr missen mÃ¶chtet. â  â  â Die Auslosung endet am 24.08.2021 um 20:00. Die Gewinner:innen werden anschlieÃŸend bekanntgegeben und benachrichtigt. â  Viel GlÃ¼ckğŸ€â  â  ________________________________________â  SÃ¤mtliche Daten werden ausschlieÃŸlich fÃ¼r das Gewinnspiel verwendet. Die Gewinner:innen erklÃ¤ren sich mit der Teilnahme einverstanden, dass ihre User-Namen auf dieser Instagram-Seite verÃ¶ffentlicht werden. Das Gewinnspiel steht in keinem Bezug zu Instagram.â  â                                                            â  â  *Anzeige â  â  â  Mit meinem Mann ğŸ˜ Mit meinem Freund ğŸ˜ğŸ˜ Mit meiner Familie wÃ¼rde ich gerne testen ğŸ˜ Am liebsten wÃ¼rde ich den""Bio-Kraftstoff"" mit meinem Mann verkosten, der hat nur leider kein Instagram ğŸ˜‚ğŸ™ˆ Danke fÃ¼r die TestmÃ¶glichkeit! â˜º  sÃ¼ÃŸe den mÃ¼ssen wir testen zsm ğŸ™Œâ¤ï¸ Ich tanke Kraft und meine Tochter   braucht dringend neue KrÃ¤fte Wow...das wÃ¼rde ich doch gern testen wollen...mit euch...    ğŸ˜ğŸ˜ğŸ˜ Ich mÃ¶chte den Eistee mit   ausprobieren ğŸ˜ wir haben immer sehr viel SpaÃŸ dabei ğŸ™ŒğŸ”¥ Ich mÃ¶chte den Kraftstoff mit   verkosten.ğŸ˜ Ich mÃ¶chte den Kraftstoff mit   probieren ğŸ˜ğŸ‘ğŸ‘ Oh da wÃ¼sst ich so einige       ğŸ˜ ğŸ€ Toll ğŸ˜ ich wÃ¼rde den Kraftstoff gerne mit    verkosten. Vielen Dank fÃ¼r die tolle Chance.  ğŸŒˆâ­ï¸â˜˜ï¸â¤ï¸ğŸ’šğŸŒ",,2021-08-17T16:02:01.000Z
CRT9Q6zDG4n,https://www.instagram.com/p/CRT9Q6zDG4n/,143,#eisteefreunde #guya #drinkguya #guayusatee #guayusa #pure #pur #eistee #icedtea #lecker #test #tea #tealover #ausprobieren #produkttest #testen #teeliebe #sÃ¼damerika #southamerica #dschungel #empfehlung #toll #ilexguayusa #icetea #tee #berlin #nachhaltig #organic #sommer #ecuador,"Guya Pure!â  â  Intensitea: ğŸŒ±ğŸŒ±ğŸŒ±ğŸŒ±â  Sweetness: ğŸŒ±ğŸŒ±ğŸŒ±â  Flavor: ğŸŒ±ğŸŒ±â  Organic: ğŸŒ±ğŸŒ±ğŸŒ±ğŸŒ±ğŸŒ±â  Total: ğŸŒ±ğŸŒ±ğŸŒ±ğŸŒ±ğŸŒ±â  â  Fazit: der heutige Test besteht aus einem lachenden und einem weinenden Auge. ZunÃ¤chst die guten Nachrichten: der Guya Pure setzt auf den mittlerweile bekannten Aufguss aus Guayusa-BlÃ¤ttern und Ã¼berzeugt mit einer wunderbaren Intensitea. Die bitter-intensiven Noten des Aufgusses sind krÃ¤ftig und entfalten schnell ihre aktivierende Wirkung. Zugesetzte Aromen sind nur rudimentÃ¤r vorhanden und bestehen hauptsÃ¤chlich aus Zitronen-Noten und leichten Passionsfrucht-Aromen. Die Sweetness dient ebenfalls als GeschmackstrÃ¤ger und setzt auf die fÃ¼r Guya typische Panela-SÃ¼ÃŸe, die dem Eistee eine angenehm malzige Note verleiht. SÃ¤ure der Zitrone rundet den Guayusa perfekt ab. Verfeinert wird der Trunk durch eine leicht moussierende KohlensÃ¤ure. Wir sind riesige Fans und vergeben die volle Punktzahl! Jetzt zur schlechten Nachricht: der Guya Pure wird nicht mehr produziert!â  â                                                              â  *Anzeige",,2021-07-14T15:01:53.000Z
CSuFFWGL2VA,https://www.instagram.com/p/CSuFFWGL2VA/,101,#eisteefreunde #nestea #mango #ananas #pineapple #sÃ¼ÃŸ #sweet #lecker #eistee #icedtea #tea #tealover #teeliebe #schwarztee #fruchtig #fruity #yummi #test #produkttest #blacktea #ausprobieren #testerin #mittwoch #wednesday #sommer #erfrischung #getrÃ¤nke #exotisch #icetea #tee,"Nestea Mango Ananas!â  â  Intensitea: ğŸŒ±ğŸŒ±â  Sweetness: ğŸŒ±ğŸŒ±ğŸŒ±â  Flavor: ğŸŒ±ğŸŒ±ğŸŒ±ğŸŒ±â  Organic: ğŸŒ±ğŸŒ±ğŸŒ±â  Total: ğŸŒ±ğŸŒ±ğŸŒ±ğŸŒ±â  â  Fazit: heute wird's fruchtig! Der Nestea setzt auf ein Schwarztee-Extrakt ohne nennenswerte Intensitea. Die fehlende Intensitea wird jedoch schnell vom intensiven Geschmack wett gemacht. Fruchtig frische Ananas trifft kernig-sÃ¼ÃŸe Mango und kreiert einen exotischen Frucht-Cocktail. Da darf natÃ¼rlich eine gewisse Sweetness nicht fehlen, die jedoch unter unserer Erwartung bleibt und fÃ¼r einen Nestea noch ziemlich moderat ausfÃ¤llt. SÃ¤ure ist ebenfalls in AnsÃ¤tzen vorhanden und rundet den Nestea gut ab. Unterm Strich sind wir positiv Ã¼berrascht und finden die exotische Frucht-Mischung super passend zum Eistee-Aroma. Gerne mal probieren!â  â                                                              â  *Anzeige Meine Lieblingssorte von Nestea Einer unserer Bestseller und perfekt fÃ¼r den Sommer! â˜€ Danke euch fÃ¼r diese tolle Review! ğŸ˜ Ey macht mal auch estathe das ist italienisches eistee schmeckt baba hafy",,2021-08-18T15:02:09.000Z
