user,liked_posts_count
frederic.schramm,149
austriadiscover,143
maja.autumn,139
caryf90,137
davpro90,118
elisabethdrobar,116
veg_matey,116
waltraudfeiertag,107
mockerymia,102
lucamagdalenaulz,99
mayernaut,97
xiaoao.tea,97
ideentriebwerk,96
simon_reindl_,95
_feiertag_,94
andreas_future_visions,93
_punk_platypus_,90
zita_martus,85
denisevorraber,82
pichler.tom97,81
soundhorn,80
billardcafe_immervoll,76
_katrina_melanja_,73
lora.ulz,73
marryicetea,72
eisteefreunde,70
kubo_app,68
kilian.mittendorfer,64
insta_kevin,63
mr.renderer,63
falstaff.profi,62
cc_pippo_lly,60
paschekelias,60
hoferdo,59
juliescakedesign,58
katharinabillek,58
eventants,58
lunchbreakstories,58
scienceparkgraz,58
irisweiss_,57
juliisupp,56
michael_tronic25,56
zrinkatomasic,56
echtgraz,56
greenbrain_graz,55
fannyvongedersberg,53
roccymartini,53
lorenz.alexandra,53
kimi_von_landsberg,52
naschi_t,51
lifelike_pr,50
_ber_nd_,50
isabella.zck,50
beveridgers,50
lola_kn,49
matthiasdrobar,49
cafe_fotter,49
oliverprott84,49
motioncooking,48
exittheroom_at,48
aliki_gigerl,48
paula_plevnik,47
asiahouse_voeck,46
allabout_laurita,46
reindlsamuel,46
anni_schobsi,45
fresh_julia06,45
cori_crumb,44
jacky_naehrer,44
guido_gross,44
asiahausklagenfurt,43
miraulz,42
_lari_b_,41
madlins_view,41
bianca_codospan,40
cheers_rost,40
susu_sarsoora7,40
daslorenz_graz,39
25gramscoffee,38
strategie.schmiede,38
purkarthofer_eis,38
darleensommerfeld,38
mafei440,38
jonas.unt,37
carina.gstl,37
carina_has,37
lisa.klampfer,37
scherzflorian,37
barbara.upelj,36
esseninsalzburg,36
tomshotstuff,35
len_hie,35
nele.sicher,35
itsdelicy,35
germanfoodstartups,35
hanna_kristall,35
iamkriis,35
smileylara,34
reeloq,34
michi_schauperl,34
philippknefz,33
kathi.hfm,33
bluubleee,33
chrishell1984,33
cocoquadrat,32
elizzy000,31
likerosesinthestorm,31
philipp_jose,31
reindleva,31
vanessagoetze_,31
lapopsi_at,30
julia_schadinger,30
schlembo000,30
schmiedoli,30
_ntrphtgrphy_,30
sglauni,30
moritzpein_,30
lizztastic_,30
beerenkraefte_gin,29
ehrenwort.genussmomente,29
tigrib_u,29
schmolo37,29
regionalehelden.at,29
die_sonnentaenzerin,29
suligramm,29
gaedke.digital,29
toxeenfox,29
robert_berger_bergski,29
ellyswunderland,28
traeumerherz_fotografie,28
kevinchristphr,28
kasti_7.6,27
monschgiii,27
joinpoints,27
marissadorfer,27
tjara81,27
rubbygloom,27
rena_kaa,26
baki.yo,26
gepackt_und_los,25
marieuhl,25
viennese.vegan,25
juleslostinparadise,25
graz.city.photography,25
carina.hackl,24
lowartgie,24
2vegans1cup,24
gigi_who_,24
etivera_verpackungstechnik,24
about_katinka,23
betti_licious,23
x.adriii_1911.x,23
joerg_rath_art_photography,23
hempdrinks.gmbh,23
aglutenfreeaustrian,23
barbararatzenboeck,23
gedachtewisseling,23
jul.r7,22
elli.penz,22
sarah_scootie,22
doctorslifevibrations,22
tecc_graz,22
reha_buddy,22
runmylean,22
nd2der,22
xmrs.photographx,22
climbing.plus,21
chriprizz,21
maitzfenster,21
absolutelysugarfree,21
eins.zwo.drei,21
bernds1980,21
annxkli,21
ms.sandra.j,21
chris_thecurl_kent,21
hungry_austrians,21
_michaela_xr,20
stphips,20
koko.lorenz,20
apflbutzn,20
doneebayhan,20
willjofried.hackl,20
feierlaune_graz,20
lockstoffstore,20
zenzgudrun,20
f.iona.k,20
regionalshopping.at,20
montreet_,20
stefangaller.photo,20
grazer_phile,20
zmartup,19
pilz_christoph,19
ririanlai,19
matthias_k_r,19
domi.hue,19
my.beauty.daily,19
petra_valetitsch,19
ellieelisabeth,19
sebastian_sailor,19
aeijst_gin,19
elaschreibt,19
meloncholie_,19
verenamayer_,19
humuhumu_poke,19
peepsofgraz,19
punctum.media,18
jck.visuals,18
onaydrinks,18
_stalba_,18
lervic_music,18
jjw_youngnature,18
christinaxthaller,18
thisisdaniel_,18
lookaroundwhatifound,18
crowdstrudel,18
ma.eg,18
stadtundlandpartie,18
die_finanzmanagerin,17
the_classy_taste,17
alessiocarmen,17
chr1ssy__,17
kunsthauscafe_graz,17
gin_1404,17
patrick.habith,17
coconilla.vegan,17
conni_canelloni,17
iam_steff_,17
silvia.gangl,17
elkeefferl,17
kati_weiland,17
michaela_jolanda_lifecoach,17
sophie.httr,17
jayyy_se,16
_gh_stefanie,16
tenzi_official,16
,16
odinsonodin,16
hello_its_me_mary_,16
bee_lates.pilates,16
weristluisa,15
teresa_loves_delicious_food,15
matthias_medardt1982,15
southernxskies,15
randkunstgraz,15
letic_moment,15
zsolattart,15
trachteria,15
eleoh.nora,15
jaacqueline94,15
dave_krn,15
popupgschichtln,15
daves__dave,15
thesocialmediascientist,15
meine_vejnikkeit,15
mendigavric,15
gw_80,15
petersen_swe_,15
lakatyfox,15
daria_z_86,15
small_ly,15
nihannatak,15
caroline_mair_,15
eventfactorykg,15
dj.mike.fields,14
martiina_000,14
leitgebsarah,14
knusper.bruesli,14
stefaniekocher,14
keksn_kk,14
maex_insightmedia,14
bridge.personal.service.jobs,14
carinaharb,14
anja.herz_official,14
bestimmtkreativ,14
elisa_kneebite,14
christinaalbrecht_,14
hair.makeup.lena.rotbart,14
tropper_philip,14
nani_wien_,14
entbrannt,14
hackl_simone,13
increstment,13
lukasleitsberger,13
laura.harpf.26,13
juliakarlin,13
inviteddaily,13
usembvienna,13
aenniipennii,13
i.ziolkowskastadler,13
holy.pit,13
mw249,13
alissa_kovarik,13
tausendkraut,13
highmo_,13
alexas_photoart,13
jakabfoto,13
christinakriftneryounique,13
natticus_l,13
casarista.official,12
eva_gabriele93,12
lichtblick_official,12
anjaplatzer,12
xsaramariax,12
leni_wippel,12
ducks_coffee_shop,12
fachlgraz,12
kathi_weinhappel,12
the.schindler,12
_yxssix,12
spar_oesterreich,12
fhcampus02_inno,12
julia_christianaa,12
denisetwllk,12
jacky_ammer,12
tekkify,12
tina__silvia,12
bee_linda_,12
unacervezaporfavorgraz,12
martinistina,12
voifesch,12
annalisca_,12
antonia_missethan,12
giovanna_dolce,12
annasgee,12
florentina_r,12
astridanna3,12
philo_yanny,12
ferschingerhair,12
reformhaus_naturita,11
conversionclub.at,11
lglauni_19,11
annahelmreich.at,11
wardyapp,11
iamdearstella,11
reisinger_philipp,11
sandra_viennablog,11
ludovico_der_weltenbummler,11
thebluemerledudes,11
teamazing.events,11
annakatharinarosenkranz,11
simsala_sasa,11
biohof_kirchknopf,11
lina.h.vath,11
proudstyrian,11
juergenmatzer,11
mymirrorworld,11
momentsof.nature,11
mariosprodukttesterwelt,11
elenaue,11
masuki_0,11
se_bi___,11
christinejirka,11
smo_nja,11
mesotherapie_graz,11
katja05brandner,11
insightmedia.graz,11
sarahuvm,10
annalena.fsg,10
laurenzstaindl,10
h4enna,10
flustix.rethinkplastics,10
blondiebrownie.sis,10
evabalance,10
liam.choclit_king,10
cptsemlo,10
awomanlikeme8,10
_sandra.fr,10
anna.grischina,10
juliapanduric,10
lisana.official,10
little.humanbeing,10
shoepy.official,10
clauswunsch,10
mariell.isabell,10
shindokan_dojo,10
valentinkx,10
andrea.testet.und.bloggt,10
rhoenkobold,10
ildokay,10
angelagruber,10
dagmar_999,10
gruendercenter,10
pemiro04,10
paulvonstanzenberg,10
martinaheidelberg,10
marrrinarrr,10
schatzlsschatzkisterl,10
chefgabriel.ortet,10
bohs_beans,10
raandi88,10
raabauer_eisvogel,10
denisepl_,9
mehr.wert_dieonlinemarketer,9
extrazimmer_ag,9
lieblingsplatz_graz,9
iameugene0601,9
sarah.s_68,9
daniii484,9
prott_sisters,9
ingostefanspeaker,9
stevexc7_,9
eatingoutingraz,9
saschikraus,9
travel.away.mj,9
marinasteindl10,9
mangolds_wow,9
be_surprised_snackhouse,9
uhrturmbaeckerei,9
eigengrau.at,9
barb.ara.a,9
foodtrucks_united,9
damnplastic_official,9
putz_alexandra,9
doll_in_la,9
jenn_w_,9
alikis_kitchenstories,9
seitho,9
hannesmair1,9
zwanae93,9
dorfhotel_fasching,9
paintedbydaria,9
ozeankind_berlin,8
chri_stian_k,8
keepingupwiththeaustrian,8
denkenerlaubt,8
hanamurtezai,8
andreakutilin_photography,8
sylvias_kuechenzauber,8
gruendungsgarage,8
menzi.alex,8
andii_wer_sonst,8
moredrinksoe,8
jandizinner,8
kathrin_wolf_maier,8
sislivinglife,8
hcati,8
krimxm,8
lifelovesyou_music,8
galunas_selfiefarm,8
katastrophenfee,8
azra.karupovic,8
janine_weixler,8
therrealpapalu,8
city_of_graz,8
goodrems,8
lawif.fan19,8
lisa.reichkendler,8
isi_gruber,8
marty_no_12,8
nolimitevent,8
wolfal.mayer,8
greenrocket_crowdfunding,8
gabriel.gissing,8
yuli__latz,8
marisamller,8
veni.vidi.vici.dormivi,8
loquitajasmina,8
__na.dine___,8
tamiisu,8
daniela_ter_la,8
katharina.zoescher,8
raberhof,8
gewara.de,8
larissaraeth,8
thecrether,8
resonanz.leben,8
natasaka,8
lissa_ga_,8
yoga_mit_kathi,8
johannasch,8
kerstinfida,8
daniel_knows_graz,8
janinasei_20,8
suessibaby,7
verena.prasch,7
almuthschnehen,7
_marie.engel_,7
__marie__christin__,7
lisaschuhmacherrrr,7
supportourgraz,7
casa_ananda_graz,7
mangolds_futter,7
ludvigrage.club,7
ninazettl_,7
leas_foodworld,7
der_teepapst,7
airamregnis,7
femme_petite,7
came.saw.travelled,7
blackcoffeebreakfast,7
lisibepunkt,7
the.world.of.kat,7
bschodl,7
flicker_melanie,7
theaelix,7
simulias,7
cindysiebert78,7
aandrealauraa,7
iolandabd,7
fachlsalzburg,7
anja.greinig,7
j.remes,7
urbanistubn,7
cooking_anita,7
muetzenmafia,7
colour.cups,7
herzmomente.events,7
ewald_96,7
meinungsgefluester,7
rieder_alexandra,7
johannes.maximilian_,7
wolfgang_deutschmann,7
chrisulz,7
adilozancic,7
annakatha.rina,7
deka.ram94,7
sophie.franz,7
marcel.kilic,7
tomharrybeer,7
sinplastic.de,7
thesmartspirit,7
edvgraz,7
momentsof.graz,7
isabellagavaneli,7
wir.gewinnt,7
thomas.pratl,7
michael_burgenland,7
_lumberjack_83,7
ramonster13,7
elleenhs,7
mezziebox,7
maggieiscooking,7
snow.white.photography,7
fabienne_velikogne,7
bianca_m_m_g_p,7
foreignmommyblog,7
cschoeggler,7
anna_herzmomente,7
klara.payr,6
zwei.semmeln.im.glas,6
retschiiii,6
beautiful_placeezzz,6
expert24spirits,6
enerep_schoenertag,6
verena.fath,6
jessie.matata,6
jenny.home.life,6
moritz.katzbeck,6
porti_laeuft,6
_kerstin_f,6
tri_marleiny_k,6
schlagersbirkfeld,6
freiblickgraz,6
caro_hagspiel,6
mikis_sweet_kitchen,6
_axxika_,6
_zseni,6
lifestyleclub_graz,6
jakobdeimbacher,6
streetviews.graz_stmk,6
indjana_,6
travel_baby_,6
cia2ra,6
funkysaucesvienna,6
marianaal207,6
bytepoets,6
maunzimadame,6
weboundmarketing,6
kleemargot,6
zeit.ohne.raum,6
vereinskarussell,6
nati_7_29,6
ipers1,6
lisamarieulz,6
delicious.food.graz,6
hi_austria,6
bellalucia86,6
blondiebrowniefood,6
lifestyle_bianca,6
thisisnoenvy,6
rosalie_gortana,6
krasimir.21,6
wkerstin,6
annie__francesca,6
_na.la_,6
lieblingsmensch33,6
haur1010,6
move4sustainability,6
andrea.nagele,6
steinvondaheim,6
kathi.ll,6
andreas_resh,6
koberlmathias,6
martinabacherblog,6
markusp88,6
sa_rogue,6
moritz.dari,6
inesherz,6
nikfluencer,6
jnp_690,6
thomas_vorabe,6
heissenbergerteeundkaffee,6
kleinbauernmarkt.at,6
mariasandersofficial,6
markusliebeg,6
schlossbergkater,6
kerstin.bauer99,6
die_wohlfuehlmanufaktur,6
malwiederso,6
elfies_moments,6
laura_birnstingl,6
tom_jan_,5
studoapp,5
soclacarol,5
handwerk_kreativ,5
hanfwasser,5
franzi_weidner,5
paeonienrose,5
kathas_backliebe,5
mariemare__louis,5
chris.gruff,5
kobaldsandra,5
trixisshabbyhome,5
julijamiller,5
dapo__music,5
beni_klotz8,5
myproduct.at,5
a_soytuerk,5
logstalogistics,5
therenderers,5
christophtoesch,5
denisekovarik,5
boxi.markus,5
ceelian,5
lena_markus_,5
tinipulm,5
spirulix,5
_caro.knits_,5
wearemegusta,5
miss_jessay,5
ringe_reia,5
koller_elena,5
kari_whitedog,5
celine.vinotime,5
studioherzfeld,5
_jacky_f,5
anna__pi_,5
meranocitygraz,5
birnstingl_kernoel,5
tinchen825,5
lisa.lilli.ro,5
astknopf,5
verfressen_in_wien,5
_die_astrid_,5
nzmajko,5
kaufi_ninetyone,5
mahe.68,5
alex.knoll,5
katja_posch,5
updrones.at,5
chris_ammerer,5
evgenia_rieger_photography,5
markusbuchsbaum,5
ripix.at,5
elly.annax,5
erik.ograjensek,5
hellisfoodblog,5
ilg_group,5
meranobargraz,5
_greenmaya_,5
jay_the_exciter,5
missclassycom,5
frauhans_,5
selin__lakatha,5
f.schramm_,5
mitzimims,5
minacloverwine,5
annalenaherrera,5
anjagrohmann_illustration,5
verenakassar,5
timmycaparros,5
studio.erleben,5
myslrymmais,5
elenaa.ha,5
oberhauser_anna,5
phrauter,5
cristoforo_italia,5
thomasromankiewicz,5
discount_at,5
maniiimo,5
illuministina,5
phips_1994,5
mate_mood,5
fabeltisch_keramikstore,4
diana__teresa,4
fraeulein_kreativa,4
manuelaedler,4
tante_frida_oesterreich,4
juliaschoellauf,4
standl5,4
felix_barka,4
fjcandles,4
paradisashop,4
d_master96,4
junglesteffi,4
iamplasticfree.de,4
erfolgreich.wachsen,4
dorotheehettwer,4
leonie.010,4
runchefrun,4
weinstueberl,4
the_hive.fit,4
theycallmegona,4
ni.wa,4
app_radar,4
sannienie,4
biancadepon,4
sarah_jasmin_bergmann,4
electric_tones,4
reka.mn,4
sakdesignss,4
juicytine_,4
pensiontraude,4
alfredokrasser,4
ame.edi.azra,4
phips707,4
alexa_stav,4
fromaustria,4
salome.ortner,4
thatsjasi,4
cooking_with_mirela,4
matthias.hohl,4
haargott,4
nici.at,4
anke.pol,4
xkyuubi,4
norberthagenhofer,4
christina.e.k,4
stefaniekle,4
challengeyourmindofficial,4
kakaolimonade,4
_mau_mau_s,4
christine_deniz,4
sch.0k0,4
_rise_up_media_,4
claudia.schagerl,4
foodinsider_tips,4
bunakaffee,4
kiki_bourbon_,4
g10002019,4
_marvin.konrad_,4
vaneeey__,4
ka_ma43,4
_pmarketing_,4
klaus_rosenberger,4
angi_van_daihatsu,4
andrea.jorgler,4
dabub1185,4
baking_jazzmin,4
it_is_lisa0107,4
haikajmai,4
dailymindpower,4
juergen_kettner,4
markuslindnerml,4
vika_van_ankerliebe,4
matthiairs,4
adamseyes_adventure,4
prismetical,4
eventmgmtheinreichsberger,4
robertbodnarukrrr,4
ozeankind_wien,4
nahgenuss,4
eatandstyleoberwart,4
studio_graz,4
filflow,4
escapetheordinary_n,4
evablue3105,4
teresahaupt_,4
nicolelovesfashion,4
sopheey03,4
susannefeier,4
bridscheet,4
mtvowl,4
areisinga,4
doris.wil,4
stefanschmidude,4
tmayer_strengthcoach,4
ewakloss,4
amaier99,4
manuel_henggi,4
patricktheuermann,4
werther_zu_2d,4
marry_uuu,4
capturemoments__,4
alicexchristina,4
heusi_187,4
sabrina_in_a_nutshell,4
lauretta_xd,4
rreisi,4
lebbirgit,4
oachkatzl_hannes,4
auch_hier,4
pethah,4
sarah.h.a.m,4
patrickalexander17,4
kathl_hierzer,4
princess_prinjess,4
sphia_p,4
annather_story,4
jasminfrick22,4
jutestattplastik,4
_a_m_o_n_a,4
wolfgangschopper,4
sunnys_wohnzimmerkueche,4
liufan_inside,4
schobsn_jen,4
__eigenhaendig__,4
antonmaresch,4
sebastianzier,4
testeriinn,4
philipp.at,4
marioalbrecht,4
sarah_b1108,4
emily_mertlitz_12,4
raul.mjl,4
diegsibergerin,4
d.a.maria,4
lisa_friessnig,4
isi_smn,4
official._.mischi,4
philippdyczek,3
nicoleschoerkhuber,3
mur_li_,3
jordan_taylor_j,3
floriii.schm,3
beatrice_karner,3
nina_stockreiter,3
da_berni,3
cla__lin,3
ahanemaayer,3
tatjana_venus,3
remolicious3,3
fresh_campaigning,3
yummnik.barbara,3
clarafruehwirth,3
happy_mom_testet,3
_n.e.r.g.i.z_,3
annatura_,3
nachoxdiaries,3
rauerssproessling,3
juliuskitchen,3
emilys.even,3
basenbox,3
official.nefelibata,3
katastrophic_20,3
max_haidinger,3
lukaswatzinger,3
gandi_7717,3
lenafroih,3
moritzfrank95,3
aar_on901z,3
st.de88,3
pipapograz,3
sagneinzuplastik,3
_fika36,3
fraeuleinastrid,3
michael_pummer_friseure,3
philipp_shine,3
konstantinschmelz,3
claudiavanessaalice,3
naturecaro_,3
tai.11,3
march.care,3
glanzer_alpakas,3
tina.diels,3
studioninprantner,3
melli_lenzing,3
sophiesemlitsch,3
adamer_mat,3
muttertier668,3
time4milkshake,3
_amra_candic_,3
seaityourself,3
liv.kreativstudio,3
impactideas_,3
esskultur.zuerich,3
phil_von_stone,3
sbstnrauer,3
kloana_steirabua,3
julia.repp,3
hrvaticaaa__,3
lannalovesnature,3
heidrungirz,3
ordito_official,3
jen_white91,3
omegamaxfrio,3
schnellsteff,3
_._.sabriina._._,3
pattimsyd,3
chrisceletz,3
steinbauermagdalena,3
nutrys_de,3
lestissuscolbertgraz,3
msjulijulsen,3
lisa_stueckli,3
lissi_11,3
vj_dukgh,3
johanna_vom_feld,3
lavidaloca_randall,3
malaofgrace,3
nextspecialty_coffee,3
jumpls.de,3
christianpipal,3
andrea_kraihammer,3
margaretakocht,3
davidtru__,3
m.anuel.edl,3
carintschn_,3
lizakoelbl,3
else_mack,3
uptown_marge,3
sochri_,3
katy_jamnig,3
darlotfi,3
juergene0301,3
rebenskunst,3
leniii2000,3
_m.krasic,3
verakleinschuster,3
bilderfuergraz,3
laurasophiegerencser,3
dorischlager,3
s.unn.y.sun,3
fabio.cassitta,3
franziiruns,3
detaillovin,3
sh_kavoshgar,3
lisa_fassl,3
olga.nino_manualidades,3
pialinasunny,3
adamyyyadam,3
kathibling,3
laurhab,3
melanie_andrae,3
kristina.weitacher,3
eifelimbiss,3
caroline_hainfellner,3
mak.laus.ava,3
marenfeles,3
durstloescher_friends,3
alexandra.stefanie,3
kutilincreations,3
aula_space,3
chris.derstolz,3
weberbernhard,3
der_curly,3
talk4sustainability,3
saba_paintings,3
neuner_s,3
das_kaffeemaedchen,3
skinnovation.io,3
sabine.sjl,3
kucheninsel,3
kwirl8020,3
justmove.ocr,3
annsophieeg,3
durstloescher_von_moers,3
victoriafellner,3
caro2go,3
be_an_ie,3
dieparadeiser,3
ihavethisthingwithgraz,3
__isabellaviktoria,3
tourismschoolsbg,3
roestwerkhoerde,3
rigrx,3
niceicebaby_graz,3
thomasberghold,3
zerowaste_ninaallecramgoldkind,3
blondibella_,3
charliie_murphy,3
pureskinfood,3
sandrakleewein,3
thepigeonboysofficial,3
nik_taccrual,3
b.palimpalim,3
maramadita,3
st.effionig,3
little_miss_sundayy,3
centerwest.graz,3
kati_fei,3
lenapronova,3
emmy_emmly,3
wolfsbohne.nord,3
enterpriseleague,3
_zokito_,3
fraeulein_wald0210,3
swallowdrinks,3
sanfred_y_el_mundo,3
tornquisthome,3
danielmulec,3
_schroe_,3
_fragdoch_mal,3
frischphilipp,3
johannesmueller93,3
_annikaverena_,3
dreileut,3
diebeautyboutique,3
innotum,3
bodenoutlet,3
sei_wunderbar,3
zanfleisaker,3
catharinahofbauer,3
marks_teezeit,3
elli.the.swallow,3
sei_giorni_bar,3
cloodia1309,3
espressomobil,3
dagmars_wunderbar,3
gehtohne,3
sarahoberl,3
xkid_93,3
sandro.lu,3
alexis_ble,3
mensen.at,3
gumpelmaier,3
christieamarillis,3
mias_photoart,3
miriamusmaximus,3
markusschoggler,3
civilettogiulia18,3
datewiththegoodstuff,3
peacesupply.co,3
nika_bittner,3
keinelimo,3
landproduct,3
simply_vp,3
menofsteelblog,3
atha.ishak,3
dieeisperle,3
hungariangentlemen,3
andrea_stocker,3
super.zippy,3
robertrethink,3
kangaroo_poop12,3
sophiaan,3
valeria_bassetti,3
julia_gritschacher,3
johaensen_tho,3
andyschweighart,3
glaeserundflaschen,3
tina.autside,3
kumailnasser,3
elenaa.reindl,3
kuhnenfeld,3
yooweedoo.diezukunftsmacher,3
__signorenero,3
martinrsc,2
energieleben,2
lenuta_misca,2
melinda.xa,2
beveragesfreak,2
tobihaas,2
teekontor_nevo_ca,2
marklotusf1,2
frittiertschockiert,2
victoria_reiter_,2
bdat54,2
___vani____,2
iwieiris,2
_mel__so,2
willbeesley23,2
accushop,2
vespaboerni,2
__.franzi.___,2
piapi.a,2
stephaniepuntigam,2
toowooltobecool,2
hejnola,2
as_ecom_solutions,2
eoh.dna,2
siply_tealicious,2
natlixc,2
tschnitis,2
wukiuki,2
foodphilosoph.y,2
mind.without.limits,2
dapoandfriends,2
papagei_bild,2
mom_rsdrf,2
stefanieleitner_weddings,2
tstrohmeier,2
sarahasteiner,2
skofi_,2
monika_stmk,2
raphael.prinz,2
betterfood_blog,2
vereinsteirermitherz,2
milianmilesclothing,2
gre.ta837,2
lukasderbaer,2
fitfoodo,2
outdoorpinzgau,2
shyti.10,2
ines_woeckl,2
dominik.weiss_,2
what.the.lizz,2
larryvolleytv,2
greekoilcompany,2
berryme.austria,2
novapark_flugzeughotel,2
makeitsweet.de,2
peterpossart,2
official.paleoveda,2
aalmaaberg,2
cathy_zimmermann,2
positivepuglia,2
glassy.glashalm,2
alinasgreenworld,2
laxobu,2
wachau_photo,2
vvricardo,2
karo.m.karo,2
danigabriel,2
kimmi_testet,2
anjaerdbrink,2
habetlerhans,2
barbecuemaster_christian,2
yvessimon.de,2
viertel4,2
amzlifestylee,2
desublin_,2
christine_minimal,2
manfredpreininger,2
vanessa_falmbigl,2
haraldgesierich,2
gruberannaa,2
hamid.r.2623gmail.com1,2
makonta_official,2
happy_foodmaker,2
sneg.shot,2
theswimbikerunyogini,2
katii.jg,2
kathi_snowwhite,2
supi_sue,2
max.schmierdorfer_yangi.world,2
andrea_schwarzbauer,2
prasath_knockme,2
patandjor,2
kleidermacherei,2
ena.maria.b,2
anni_dorfer,2
rosesandcherries,2
tinacalmeras,2
mr_dd_machhi,2
sabine_siegl,2
chrisdeu,2
j_.karina,2
jamie_the_bordercolliemix,2
1234678010a,2
downinthepast,2
bridebookdecor,2
kanevry,2
mm_magic_moments,2
freelancerpodcast,2
niicolee.kr,2
drinkdaddies,2
berni_de_roja,2
patci_herzog,2
magda.mag.das,2
looply_software,2
kingarmin08,2
healthierwithme_lenna,2
_live.life.laught_,2
chris.sy.07,2
manuelanigg,2
pizzatuete_finito,2
lennoxandmay,2
mimimiandfriends,2
elsneggmarkenbaumschule,2
meowsanthropen,2
f.ourtyseven,2
linda.boe_,2
benko.knehtl,2
ezio_theaustrianhusky,2
oesterreichjobs,2
noahs_dream_,2
ewaldkrispel,2
instahelp.me,2
supersissi_marcucci,2
billardcafegraz,2
spacecoral,2
betty_s_88,2
udo_voithofer,2
interstellar_veterinarian,2
matsurihua18honey,2
ullis_multicoloredlittleworld,2
dia_milea,2
krinnerlaura,2
konsti_at,2
lau.racb,2
_the.mars,2
alexa_h,2
mini_is_me,2
hippiemetalmom,2
merlin_mechler_official,2
melinaruf,2
cheers_life_is_good,2
max.gaubatz,2
lustaufoesterreich,2
echttrinken,2
fame_forest,2
meli.ilas,2
gundisladen,2
markus.barta,2
jose271599,2
erstaunbar,2
lisalisaw,2
lenariecnik,2
sobini_net,2
paulborowan,2
christoph.hernach,2
dominiquewaddoup,2
kitcheria,2
matthiasauer,2
fabianmoeth,2
xchichixa,2
ben.sdorp,2
pandicorncarmen,2
tradingtravellife,2
lavabraeu,2
drinkking_de,2
die_lenii,2
sabrinamelcher_,2
zarflheike,2
vogrin.p,2
sarafoodislove,2
floo.raa_,2
testenundprobieren,2
judith.3623,2
allaboutnalah,2
lisa_lgmyr,2
samue0815,2
cena.amani,2
anastasiayourtchenko,2
denise1909,2
starfirewater,2
wingmanfood_official,2
ni_ki_ho,2
maaxl55,2
crosinci,2
xd.inna,2
lily.md,2
julsens_,2
nieselregenx,2
julia_sifrar,2
korneliainsight,2
theycallmevera,2
toth_maximilian,2
mautner.carina,2
n13who,2
vikipetritsch,2
regionbadgleichenberg,2
delizhde,2
beltsch_ro,2
duschoenesleben,2
austrian_view,2
solaga.de,2
selina0928492,2
outdoor_dawe,2
lisa_kriendlhofer,2
katjaschmiedi,2
zingerle_sandy,2
hicard_og,2
lieb_nathalie_,2
scherrrobert,2
haaar.alt,2
morre.sebastian,2
simplygarden_gartengestaltung,2
ninireisi,2
ti,2
diesteirerin,2
pfauen_feder,2
patzitpfkamcpat,2
barbelguttel,2
sweet.kaoni,2
gluecksgefuehl_kochen,2
minna_appesbacher,2
birkenhof_bad_radkersburg,2
majorfyde,2
frankhinkler,2
helene_th97,2
katharina.skreiner.design,2
nicole.nemeth.129,2
billey_demirtas,2
brittas_schreiberei,2
kathiwentseis18,2
___missamy___,2
spieglcodreaflore,2
__jennyr,2
shoutout.lx.ga,2
smdesignatelier,2
annagoesherway,2
elleenoou,2
schober_katja,2
xnadlxx,2
stmina.rtd,2
schwarzesaugephotography,2
xenia.db,2
i_love_marias,2
_kaydoubleu,2
_oliverhaas_,2
the.ginzo,2
mtotter2020,2
missfraence,2
earl_magenta,2
brasseriesixty6,2
andreaslehrfeld,2
florianvoit,2
viki_felsperger,2
melanieschrempf,2
jaanaa.c,2
berriesandwine_,2
mirli.me,2
david.ferk,2
herzenssache.podcast,2
daniela_wernitznigg_,2
vanessa_kralj,2
marjan.parvizi,2
sems.energy,2
sofie_strasser,2
oidadielisl,2
aldyk_minibottles,2
mmary.bbeth,2
hm_kommunikation,2
allielefevere,2
dominikbagari,2
schaeffners,2
nicolehrz,2
lieutenant_brand,2
grow__studio,2
_dean_i_,2
l3o.0.o,2
pi.marie_,2
zoracoldbrew,2
patrick_enhuber,2
jaqulinemonique,2
mango.bananen,2
cari_kal,2
talto_talents_of_tomorrow,2
livslevandemagazine,2
placebowilli,2
pil_art_es,2
katharina_lgl,2
cateinski,2
ursinamelchior,2
lenii__weber,2
julsn.haemmerle,2
laramaria.tripp,2
vicky_kathi_,2
steefan996,2
margherita_zucchini_,2
xnessa45,2
lilly_elizabetta,2
its.nina.idiot,2
timon.winter,2
georg.carlos,2
feschmarkt,2
annika.bay,2
jelicavasic_,2
wienerwaelzerin,2
biertee_com,2
upto_eleven,2
unser_land_in_bilder,2
vanessa.schlager,2
michi_w_23,2
just.happyyyy,2
natureinspiresme23,2
viktoria_lrb,2
marie_natur,2
allaboutthecookie,2
babsi_23,2
jenny_zettl,2
kirnbauer.l,2
thatsmeonline,2
wurzelsepp_graz,2
marokko_8020,2
vifitnesscoaching_,2
tapasitos,2
valentinagrabner,2
sejla.salic,2
regionalfux,2
smartsaysno,2
ricardapfingstl,2
marcel_markies,2
frauenmacht,2
bauerspirits,1
restaurant_artis,1
diefahrbar,1
clever7777m,1
carla.feinstein,1
linehilbert,1
ed0fficiall,1
fabian.eibinger,1
glasgravur_rosenstein,1
katharina_lagler,1
grazer.at,1
michellepongritz,1
fs19_impressions,1
matthiasmulzet,1
frend_foldable,1
nataliesophie_62,1
insta.wolf,1
e_onix_scooter,1
cristinaguitian,1
frannysie,1
mxrc_z,1
channelfoodie_,1
____thespace,1
_backerbse,1
naturehome.design,1
edischnur,1
janinechristin91,1
steuermario.online,1
conny.t,1
bodystreet_graz,1
minnawertigkeitskomplexe,1
j_u_l_s_e_n_,1
simongostentschnigg,1
motivation_goals_4_you,1
s88888999,1
_bine_rabe,1
dhimiterxh9,1
diewahreliebe.de,1
enrico.triebkorn,1
selinadoll_,1
helena_waldhof,1
dreaming.fm,1
simonegentner,1
deinsnack,1
ive.lilly,1
marcellamprecht,1
carina_mussbacher,1
ela_the_elafant,1
m.ogrodowczyk,1
isi_kolcu,1
netgalleyde,1
a__h.361,1
agashkovaalla,1
jim.copeland.1253,1
vibarosa,1
andrealackner,1
literaturpower,1
rossjoye,1
kathas95zeilen,1
finesbookland,1
kgembassyvienna,1
lisa.bockstein,1
annaksionova,1
bergerwo,1
url_leonie,1
fray_celis,1
daniakanlic,1
lendhotel,1
mariamarchl,1
grazgiants,1
jaredfellip,1
allesimglas,1
s4bsi,1
hofbaeckerei.at,1
davidgleisdorf,1
vegaliferocks.de,1
thehonestlygoodsmoothiecompany,1
bodyweight_workouts,1
apozvodice,1
meapi,1
thereal_timur,1
grafsgastronomy,1
moodyequines,1
thegoodgoodla,1
theannoyingmastermind,1
supperclub_ams,1
photographybackdrops_,1
nussyy,1
unbegabt_vegan,1
cara_bennet,1
antieatmeatclub,1
greenway_leuven,1
veggiesearch,1
shotsoflouis,1
fio.nella,1
apickapp,1
kati_hlle,1
anne.mir.doch.egal,1
tomriddleslife,1
hiiammalu,1
katjas.makramee,1
salesjak,1
n0pr0blem_,1
profilachsegermany,1
m_huti,1
olafwittelmann,1
_michael_high_,1
nini.ste,1
selinaschmedler,1
m.hay_99,1
li.ly2615,1
deinleuchtenderstern_poster,1
manuel.muhsbach,1
intersport_gerhardter,1
ben.attic,1
theblackcardorganisation,1
grazermadl.at,1
walcher.markus,1
maehnsl.steff,1
_ns842021,1
hotelrestaurantgollner_lebring,1
jhornigcoffee,1
theehandlung.schoenbichler,1
hiperformer,1
nadine_schwarz4,1
eat.meets.love,1
coundbo,1
premium_team.wien,1
vineal_spritzer,1
for4you.business,1
katzekatzegraz,1
regrowitself,1
chiara.pe_,1
fshotter.leibnitz,1
bestofskate,1
magdalenatecht,1
x.s.julia,1
martinhalasi,1
habits.music,1
david_leibnitz,1
leonie.pcek,1
christian_volke,1
dave.1784,1
leonhard_rosner,1
this_is_tgas,1
2beta_2019,1
susefr,1
affiliate_marketing_triumph,1
_xbeatrice,1
lylianwakeboard,1
susi_exotic,1
emma_kainz,1
oaomarcel,1
mathihafner,1
jpeitler55,1
rosa_pacher,1
_chrisi_b,1
bodyphotoncube,1
_lm78_,1
black._berry,1
caroline_rachet,1
bin_net_dahaha,1
_schreinerlaura_,1
larachneider,1
josefloidolt,1
selina.stiegelbauer,1
emma_sgz,1
tatyana_mytrovska,1
carmelawhite,1
ninareinecker,1
lukas.palz,1
little_svea,1
plantsandbeauty22,1
cute_pandaxd,1
nataschamoerth,1
ina.time,1
someonecool268,1
martina815509,1
semihsagt,1
missrosywermut,1
grill6188,1
philipp.pxc,1
be_lla_g,1
martina_pugl,1
nordseeengel1979,1
sandrasteu,1
hallomeinlhf,1
behappycostarica,1
michaelapuhl,1
jassis.rezepte,1
tabeas.food.ideas,1
mel_935687,1
holding_graz,1
alina_rbw,1
test_esser,1
bianca_kunasek_haarstudio,1
offerbility,1
stonigram,1
heldengruen,1
foodqueenjulia,1
gingud,1
weinschmiedegamlitz,1
light.reflections,1
wpc_scheungraber,1
marita_haas,1
piccarsso,1
glasdesignkarinawendt,1
jackieelnahar,1
thedarlagency,1
real_happy_moments,1
ifz_graz,1
skillxchange,1
fotoundwort,1
travelgrand.de,1
katzbeck.fenster,1
guybehindtheletters,1
stadtgarten_steglitz,1
emma.doehler,1
kreuzfahrt.de,1
wandererde,1
sirinasrin,1
little_red_hiking_rucksack,1
lebediewildnis,1
celina_ilp,1
paulina14heller,1
schikoranicole,1
stellas_nature,1
braesh,1
karina.friluftsliv,1
simw_rs,1
yop_mona,1
theklasflowers,1
wanderlustallgaeu,1
shyju7896,1
_seelenfutter_,1
denisignatov_official,1
liborio_photography,1
auroxtech,1
helene_bellydance,1
ceedeux,1
prottheribert,1
felberschokolade,1
motsmeles,1
nfc_nina,1
langenachtderbewerbung,1
fabi_formuoli,1
averie.graz,1
kspositiv,1
cameliamackay,1
natuerlich_gemeinsamwachsen,1
stovesidesam,1
misscloudyjewelry,1
cenzo013,1
rackstars.de,1
shampoobars.de,1
pintalie,1
lisaannafuchs,1
constantin_led,1
lau.lau.sch,1
its_alekey,1
ameisebeimkaffeekraenzchen,1
kornwaage,1
aninka2889,1
geheimniskocherei,1
hawwah_eva,1
geschmackswerkstatt,1
die_bildermacherei,1
twoandahalfcoffees,1
africanfoodtour,1
peteroestevez,1
comingcleanpodcast,1
magdakern,1
dergeloschteaccount,1
nicoletta_r_1,1
katrinsebest,1
ginaherbslife,1
ams.sensors,1
addgreenofficial,1
kreativebude,1
cofi_loco_coffee,1
_chiaramina_,1
interspar,1
the.hartmanns,1
vulkanlandschwein,1
anna_vertraut,1
thearcadianway,1
anna_majcan,1
weckerll,1
jonesy2688,1
teresa.marie.w,1
hagemann_thomas_1989,1
antonia.k,1
juliax.hs,1
martina_petsche,1
natashysjka,1
oksana.svchk,1
timlord79,1
friedrichs_brausiges,1
privatefairp,1
vale__cejas,1
mission.geldverdienen,1
klimashopper.de,1
nadinekrenn,1
alexandraonken,1
dorei91,1
vroni.scheu,1
blumenpavillonburmester,1
vinylfactoryeyewear,1
lisaleeanna_,1
mywolfdesign,1
pauljspry,1
elnaz_sarraf,1
fattysorganicspirits,1
verzatiobusiness,1
stovells_chobham,1
herederogin,1
ben_.rhodes,1
theurbanflair,1
truelinked_artists,1
i_can_design_your_dreams,1
policendirekt,1
livingingredients,1
coquelicotvintage,1
schwesterherz_en,1
charlys_testwelt,1
nadinefriedrich_moderatorin,1
_treffler_,1
startuprungraz,1
tea.n.spiceria,1
0ldacc.6409,1
amrit_unkaputtbar,1
alepitosan,1
mandlmi,1
redberrywoman,1
theresa_mader,1
sandrina_fuchs_,1
janickaaak,1
miksen1,1
lissa.friisch,1
wellnesswerkstatt,1
sehenwutscher,1
redhabanero,1
alexandragorsche,1
spacelend_coworking,1
_patrick_mehsnarz_,1
lieblings_a_n_n_a,1
wearenovauk,1
meow_azuu,1
chantal_nhre,1
volando_por_el_espacio,1
mywaytoglory,1
mentaltraining_by_sandra,1
speisamlend,1
rossella_garro_1991,1
frauleinmoni,1
stephie.viviaan,1
dtssysteme,1
max_schmierdorfer,1
produktsofa,1
puzzleonly,1
windmills_puzzles_and_we,1
hygienefee.at,1
resamagich,1
stiefkind_fotografie,1
formwiese_,1
reingefuchst_gravur,1
jin_hendrick,1
michael_russ_,1
liisa.siie,1
dignisens,1
jennifee_r91,1
konrad_und_fink_graz_wien,1
theresastad,1
andrea3391,1
innouapp,1
chrisubidu,1
horbachova.anna,1
mrs.strobl_7,1
swissgirl274_backt,1
homemmultiplo,1
gschloesslmurtal,1
dariojakov.weddings,1
adam_hars,1
rene_gradwohl,1
manuelschmolzer,1
dieschlauebox,1
teawrks,1
omarhassan93ca,1
ch_kerschiii,1
lalenzis,1
_the_yvy_,1
xv_lenny_xv,1
vorstadtfarben.fotografie,1
bella_volen_art,1
missymisanthropy,1
openkitchen_growthdock,1
herzstueckwinkel_,1
dein_bre,1
c.o.ll.e,1
gretamariaz,1
priscilla.tautscher,1
tanjamnesia,1
leni.pauline,1
instax_l4rs,1
anastasiavolok,1
blldt_,1
carolina.hopen,1
s.a.m.m.y.2010,1
fellinshdesigns,1
tn.embroidery,1
noraistexting,1
kati_zeil,1
an.budyn,1
heidelbeeri.ch,1
lecarrouselhamburg,1
freilandeier_heidemann,1
angelika.winkler,1
lynxas_,1
violanina,1
_kseniyaart,1
evamaria.at,1
herwings_group,1
restaurantkupferdachl,1
meinbauernladen,1
socialmaverickofficial,1
lpantoja_fscience,1
viennagourmet,1
tob_lai,1
veggymeventure,1
segerwerk,1
jules.sirk,1
sbgmaus,1
biawai,1
maria.baumgrtl,1
sksowieso,1
maxsbestaustria,1
reinhardsenn,1
soeinfach_soschoen,1
alexandra_monika_hofer,1
cyros_66,1
chrissy.jamnik,1
belleviennatalie,1
lcs_luxury_car_service,1
simone_emmerling,1
mariaunterluggauer,1
abfuellbar,1
lillystolz,1
jagahuttn_top7,1
postcardsfromsarah,1
carmenkoraus,1
santy37000,1
alex.srmn,1
ti_na_tur,1
reder.laura,1
steffikothgasser,1
steuer_ela,1
_shinemedia_,1
tiertrainingdiamant,1
tom_stalzer,1
steffi_s13,1
lenastahl92,1
michi_42.195,1
bildcontent,1
streetii,1
wildwaxtuch,1
la_meli.lein,1
natha______,1
jonny.jhd,1
testandeat,1
daniel1moser,1
katrinbrunnhofer,1
bylouisg,1
thesoulfulme,1
rebecca.e99,1
s0phie.bacher,1
mia.soxphie,1
thalleranschi,1
lalas_weg,1
justus_hlz,1
erasmus.drone,1
justeasyliving15,1
gluecksverknallt,1
_jan_1111_m,1
poppy_be_happy,1
5komma5sinne,1
_huebl_,1
ku.ken.90,1
meine.lieblingsbucher,1
marion__ze,1
michael.gerster,1
victorialandgraf,1
a.flach_testwelt,1
cbdblog,1
wunderbare_anna,1
liamalibuu,1
michael.meyer.munich,1
goforalpha,1
photograzcom,1
lindsayheidi,1
miss.herzueberhamburg,1
projectnerve,1
florianorthphotography,1
marley_minh_plants,1
elke_sajovitz,1
lisetteskov,1
nilinagreen,1
purity_strohhalme,1
pinkponabiotampons,1
dersteira,1
the_liquid_blog_,1
premierspirits,1
gentlegin,1
theswissgintleman,1
moordestillerie,1
eccentrically_me,1
lobymay,1
the_mocktail_club,1
repmek8586,1
babybeau82,1
andrea.osswald,1
ninasflimmerkiste,1
philipp_kremser,1
ronjareusch,1
lockig2612,1
lebe_liebe_lache_1982,1
bofra110,1
glowtests,1
sim.sa.sum,1
jack.is.back.112,1
landgirl_sh,1
2vaurien,1
_.bella_vita_mia._,1
barbaraloertzer,1
i.ph__otos,1
dxrlxxn_,1
lenipunkt3,1
martin.schneider84,1
pandora__82,1
verenae1978,1
netti305,1
jahreszeiten__genuss,1
sinaheld,1
stadlhoferstefan,1
lanax_.64,1
bianca_lockenkopf,1
karglnicolas_,1
sarah_weeber,1
tammybackt,1
sarah__kays,1
hanneloreochs,1
sheilaxgorilla,1
daniparadox,1
isi.g1,1
maxihilpmann,1
zicketanja91,1
gosia.dama,1
stehlestefanie,1
toshi.the.tabby,1
christianelupprian,1
blume_1998,1
almgandi85,1
utaechl,1
lukadia.__,1
loebbiii,1
nadine.meins,1
schmuckperlchen,1
paulinelanapaulandme,1
lisainzko,1
ihrnameistraissa,1
moeffeline,1
liina_loves,1
ulrikebiene,1
basti_dama,1
anna_ifox,1
janinafichtner,1
ox.bande,1
laufliebe_stephie,1
lalelynn,1
alexanderbacher,1
glockenblume7,1
anotherhellena,1
extrem_org,1
mira_denise,1
juli.zehner,1
martina.hoelzl,1
trail.girl.pia,1
rubinrosa,1
saaraah.official,1
musikanelaria,1
housebracker,1
werner.haring.7,1
hejjo_,1
dianalabomba_nicolaimer,1
monis_wertvolles,1
chrissy.1855,1
batman_zettl,1
andrea_muellejans,1
spiritport.de,1
walking_talking_guiding,1
benedikt.haushofer.photography,1
andrea.eigel,1
leecoeurdrinks,1
wunschlos.gluecklich20,1
dogsofcourse,1
anjakarlbauer,1
zuckersuesse.sinne,1
verena__angerer,1
anmarac,1
ina.tendl,1
beti.is.happy,1
betty.jirka,1
sarah_sophie.3,1
dachfenstermusik,1
julia_sprung,1
imkereiobhof,1
tanjakoss_,1
rajatkumarbhartiya,1
skessa1994,1
my_.swan_,1
si.nalorenz,1
steirerhotdog_mobil,1
jesuschristina_,1
korentnina,1
dmeyerfotografie,1
villa7teules,1
don_lupulo,1
mampfis_life,1
tina.s_08,1
sepgmunden,1
bieronie,1
phil_vox,1
tesswanderer,1
vfg_setta,1
foodnewcomer,1
ricarda_daniela,1
bavarian_couture,1
atastyhike,1
_petritz,1
la.lausdeandl,1
helml.melanie,1
anita.lmr,1
_eila_happy_,1
_die_bergretter,1
amyenvoyage,1
schoenes.leben_schoene.welt,1
travelinder,1
j_mroczkowska,1
gpaynemedia,1
oncudanijel,1
flex32d,1
philipsofficial,1
moy_mrtinez,1
gruenella.life,1
jara._spt,1
awesome_michu,1
isaaaaa_,1
evergreenvagabonds,1
free_flo_w,1
joesteffl,1
janajud,1
sparta_elite_,1
clestil,1
ardianto5037,1
mutzenbacher_restaurant,1
beatrice.ebner,1
nicole.alexndra,1
co.r.inna,1
ralfmoedersheim,1
hoodeddreamers,1
80saerobicsworkout,1
a_tekautz,1
ulli.winkler,1
laisacilek,1
lovinglifeandbakery,1
twiggy_the.cat,1
christoph_kandler.sport.world,1
eugenmanwajler,1
mariinalugom,1
fruteg_tee,1
chris.lehm.und.holz,1
johannesvoeller,1
_alina_schladming,1
ronin_tayeb,1
sonnenhof.langenlonsheim,1
chamingteaberlin,1
susanne_gleich_ww,1
coach.amelie,1
cmschueller,1
maennertee,1
bembelliebe_frankfurt,1
unraveltec,1
lara_huml,1
benjaminpejkovic,1
torix.29,1
mc._.productions,1
lechleonie,1
ylvie.k,1
maxi.halper,1
verbluehmeinnicht,1
augenxblick,1
daysi.hey,1
sharedkitchen28,1
x_nicox,1
bitstudios_kg,1
spendehosen,1
monisskitchen,1
_pet_fei_,1
osmuzysuzy,1
nicolekrenz,1
silvi_pom,1
schema__b,1
eggldaniel,1
austrian_sheepfarmer,1
wild_photos90,1
katrinehren,1
einfachdenisee,1
anna.xd.491,1
steiner_vera,1
junovanderspek,1
turtn.nit.tutn,1
lateano.guayusa.tea,1
hejdesi,1
thedudeforfood,1
weloveginko,1
savior_facemasks,1
tiffychang,1
raffis_wonderland,1
olga_ghahreman,1
patty_meownaise,1
arnel092019_,1
hdvgdvh74564,1
ggerlinde,1
babinca78,1
traindlay,1
sun_tiago,1
_laura_wl,1
alexanderschuster,1
l.ganji1355,1
chrisssiiii_,1
sophielaber,1
julia.lnr,1
themenslife.de,1
optikgeisreiter,1
katharinaradauer,1
natalijaxz,1
coffee.and.beard,1
frauguess,1
rhabarberstreuseltorte,1
tobias_bcj,1
juliawue,1
mtina0102,1
horseboxco,1
korinnagoodliffe,1
happycalifornia,1
bavarian_dani,1
elfte.plage,1
foodswitzerland,1
philipp.schmitze,1
bambii_bambooproducts,1
liebherz.essenzen,1
mirkiev,1
bio_berries,1
herakles.pasta,1
rachaelracette,1
mariellaleitgeb,1
chrisis_core_,1
andrea_ginhart,1
issuschka,1
prismatgmbh,1
bewegungsdrang2020,1
pfk74,1
theveganharmony,1
flottandfesch,1
greenshare_official,1
gingerbun_foxie,1
fruithugger,1
beefreeplastikfrei,1
mikeithappen_austria,1
noam_hass,1
saa9i,1
ajs.food,1
sofuckindelicious,1
ola.the.foodie,1
hanseventures,1
kuchenshirts,1
project.ventecon,1
tomnology,1
hopserfunfood,1
diary.py,1
deeskueche,1
sabrina_berl,1
gia_giamas_germany,1
freedomrebels,1
gernekochen,1
hajosturm,1
paulewicz,1
holyislandgin,1
pintxos.nuernberg,1
teazzers,1
meinmate,1
vibhormehendiratta,1
soportas.do,1
buckley_kris,1
doblerstudio,1
pierre_bs,1
amirstories,1
crowdiscover,1
vagner_veronika,1
slacklightblog,1
linergistin,1
jumpliao,1
trashymuse_shop,1
franck_juery,1
frupinter,1
puertomate_de,1
_woerschi,1
markadoescano,1
jana_hln,1
nettefriesen,1
moniaheikkinen,1
thedoerz,1
erlebnispark_geiersthal,1
203designsllc,1
tripp.nl,1
thornebrandinganddesign,1
dobsi_18,1
_ka_thi,1
_vorce_,1
thinknoo_official,1
kole.sik,1
katia_i,1
saffwahijab.id,1
leisa.tee,1
anifasports,1
studiohungry,1
mashsha,1
danielemadonia_,1
designcantine,1
thewolf0ftravel,1
aidanjames.agency,1
crowdfunding4you.se,1
getto700,1
we_love_cocktails,1
catherine_stolarski_design,1
sephuoishii,1
liorozen,1
wh4.de,1
hefelbedandsleep,1
nick_benndorf,1
_davidtanner,1
madball.ch,1
sefrafarben,1
weingutleohillinger,1
kmr.david,1
_chs_7,1
carmenx.x.x,1
jspari5,1
aventuramona,1
kaddys_,1
theresaobermayer,1
carina.freude,1
tanjaaaha,1
butterflyballoonswien,1
robertaaparecidabrigida,1
soso_grill,1
_annababel,1
_resa_ro,1
aboutappreciation,1
augenweide.graz,1
paulando1,1
bernadettehoefler,1
melanie_gailberger,1
davidthezou,1
fuchsfabrik,1
irene_strauss,1
zinkfabian,1
oliviasaurusrex,1
annaausbavaria,1
agentur_strattonad,1
_great_world,1
lukasgleichweit,1
kathipucher,1
paulina.sophia,1
_julialeiner_,1
schwarz_worklife,1
anabichl_lampichl,1
i.bin.da.andi,1
rafael_auferbauer525,1
danielasinnreich,1
karolinameaski,1
helmut.gartner,1
nininiggo,1
phn8.4,1
sophiecgarz,1
_becky_5,1
credemic.official,1
style_and_scalpels,1
matchachin,1
frauultrafrisch,1
mattlu85,1
mariemeinname,1
drink.selo,1
haselherz_official,1
beeskin.wraps,1
aerobee_energy,1
yammbits,1
yumbau_dimsum,1
jackcoleman.agentur,1
sheratonfrankfurtairport,1
ma_tea_drink,1
faivelmunich,1
ogerl,1
sylvretter,1
kathi.suchodolska,1
andreasteinkellner,1
anja_ecker,1
kinky.abartig,1
planchoschips,1
paulinka.lifestyle,1
reisepsycho,1
ginniffler,1
guestroom.graz,1
polzwalter,1
hansisgin,1
iomarmi.blog,1
makava_delighted_ice_tea,1
foodievienna,1
sieliebtshindy,1
_kathi0630_,1
emi_schweighofer,1
renesorigin,1
sportreferat,1
hexenkunst_,1
kraeuterwanderungengraz,1
seb_hova,1
giovanni.stracquadaneo,1
powercode.co.uk,1
blakechella,1
afrodeutschadvertising,1
goneon.lu,1
timlholman,1
smartricity,1
maryflora_decorflowers,1
chrisu2019,1
leveluptainment,1
freelancewebdesignhongkong,1
abs.reisebuero,1
ajemedia,1
shareoriginalshop,1
whatchado,1
dare2belegendary,1
ungeheuerteuer,1
autumn_mum_m,1
gertrudefee,1
imkereiragnaroek,1
lilli_gatter,1
gerlindeberghold,1
berlinerlieblingsladen,1
yucelyelci,1
halblea,1
martinmader86,1
jenella.foodlove,1
bellizadesires_isabelle,1
cafeeisheisel,1
martin_assyria,1
jannick_hamburg,1
martin_mitteregger,1
javislifestyle,1
ju_lezzzz,1
romaindesbois_laboh,1
kathi.s_,1
franklinalvarado905,1
sask.i.a86,1
wetterauerfruechtchen,1
mosquera6576,1
knusperhalm,1
banplex3,1
daniela_kohl_1806,1
cocosatelierstudio,1
rubenspbf,1
theaterregisseur,1
jana.m.schmitz,1
mssc49,1
tamina_schuster,1
kathrini0802,1
veganistl_,1
octo.beary,1
linchen_987,1
michelle.greiner.lr,1
jaschaue,1
_sofiemariek_,1
selfmadesloth,1
anni_shmdt,1
_johannaaaw,1
autumnandamberknits,1
jennyzir,1
bk_hairstyle,1
healthy.please,1
simoneglor,1
kellydudley186,1
_anna.tscherne_,1
bbboeck,1
puya.ghasemi,1
barkoviz,1
theahelena,1
berendsohnag_official,1
shades_ofmt,1
noellehilty,1
saskiastieler,1
die_therapiekammer,1
sigii_we,1
mmagicmag,1
rebell.im.blauen.haus,1
hoffelnerfitness,1
freya.kf,1
saftgarten_salzkammergut,1
_mari.a_21,1
janescuppatea,1
_angilie_,1
aryablac.k,1
bussicat1972,1
svetlana18_s,1
fabelhafte.fabi,1
vrenali.kocht,1
drlipnik,1
under.fox,1
home_and_beauty_accessoires,1
christian_kuegele,1
revolutionfitnessgraz,1
milableibtfit,1
hannes_jnk,1
finanzplanet,1
nachhaltigerwohnen,1
michaelnoetzelmann,1
pharmacia.verde,1
cohrconsulting,1
huber.architekt.gestalter,1
hhroriginals,1
anthonyhaidl,1
alexsorinamoss,1
brebasidentity,1
m_a_n_u_b_d_k_t,1
elasmarketingservices,1
biancii___,1
bueroservice_jennifer_taucher,1
ledeas.10,1
ellena_daniela_,1
mohrklauspeter,1
szaba_miki,1
jd_0908,1
elgatocolocado,1
mick_ey_32,1
aharon_tomer,1
muhd.shafiq112,1
figurwerk.at,1
ewald.zweidick,1
assalledesigns,1
neverything,1
yurise_life,1
holmanlegal,1
wunschkeks,1
kaora.ffm,1
mugul.de,1
restaurant_brunnauer,1
the_untaylored,1
elliotrchapman,1
van.anas,1
barocka_official,1
ryan_sousa_12,1
janelledevries0315,1
sophiepaulewicz,1
kastingers,1
panaceodetox,1
federgedanken,1
organicherbalremedies,1
sushiyama,1
magurofactory,1
aub.crinn,1
rebeccajoyburton,1
xtumblrboy_1607,1
kateprendie,1
perfektzero,1
lukas.schneider.tattoo,1
architectyasemin,1
laurie.photography_,1
underdogsgraz,1
michi.beck.9484,1
gnd.weddings,1
kf_memes_,1
simon_angelucci,1
tess_is_gettingthere,1
beeamo.de,1
aidincarolinamedina,1
gruen_ist_das_neue_schwarz,1
successcartell,1
caranoc,1
eloop.carsharing,1
bimosogmbh,1
verenahalbedl_,1
_einfach.xenia_,1
realtalkaustria,1
katjagreiner,1
lisatorschitz,1
sarah3874,1
wicht_design,1
_lisa_puntigam_,1
balix11,1
elenawibmer,1
lisa_hoertl,1
ulli.steiner,1
danieljschwarz,1
diara_2909,1
lostnumber22,1
julian_friedl,1
erfolgsjager,1
elisapromitzer,1
corinches,1
manuela_bella_maier,1
sarih_et,1
haley_m_t,1
vermoegens.bildung,1
christinaniederl,1
jeannette.lisk,1
verena_kriegler,1
kate.tropper,1
xhanninannix,1
lisal_g_,1
alcopolfree,1
verena.kribernegg,1
laurahoellbacher,1
benediktdilena,1
elias_dillinger,1
hannahgartner,1
katharina.xmu,1
romana.kerngast,1
smyn.tokyo,1
inventacious,1
startupgrowthspecialist,1
limitlesslightsandsound,1
toyenstartupvillage,1
himmelhund83,1
gamerdurden,1
ovidiu.sustic,1
anoopsanthakumar,1
deskopolitan,1
doublejumpat,1
dragana_avokadovic,1
kaytran_12345,1
geraldgaksch,1
magdifi,1
offerwoman,1
_christina_angela_,1
juliaprockschauer,1
inkedbambina,1
exploreyourfavouritetaste,1
david.mittm,1
icouldntbevegan,1
jonas_kropf,1
juliascheiber_,1
meister.dominik26,1
myherbs.at,1
_birgitbon_,1
ralflendi_official,1
moa_retreats,1
theboxgraz,1
deinshirt.at,1
sausskid,1
trommeltommy,1
itscrystalrenae,1
diego.rjk,1
deine.gesundheits.mentorin,1
makeup_fromusa,1
scootertech_,1
gb_cest_moi,1
rauwerseurope,1
haiderer_christoph,1
magd.a.lena,1
_stubsi_10,1
pebbleshaekelmuetzen,1
hamburger_superdad,1
mountain_madly,1
asanderphotography,1
jochen3011,1
andreakoller85,1
trixx787,1
atomic_kitty_kettal,1
derarmin82,1
antkowiak_gmbh,1
annaxzechner,1
mazgold_premium_coffee,1
anna_wimmreuter,1
gastrodrinks,1
object_thief,1
frauleman,1
beatrizfarias537,1
_shally_,1
juliexjolene,1
traumfaenger.baby,1
annachrika,1
aiola_graz,1
steekjelos.alexandra,1
bettinagigacher,1
mxltid5,1
chrispriner,1
elena_px_,1
ankxm,1
georgia_sfiris,1
tajchy_photography,1
marabondy,1
_.yahe._,1
domii_3210,1
fabelhafte_welt_von_sophie,1
einfach.rese,1
annajelinek_,1
lentschi_9,1
jana.hartlieb,1
landwirtstochter_,1
karllangsp,1
faireillusions,1
_moritzer_,1
denttabs,1
ochaochatee,1
toxic_light_photography,1
b.pictures_photography,1
justjools_96,1
christinakemperle,1
antoniaegger,1
bea_014,1
daniela_pirker,1
irene_ott14,1
shantischo,1
cevins_bbq_von_der_nordsee,1
grace_c_gatlin,1
hanna.fux,1
nullzusatz,1
delfina_zebrahand,1
_s.andra__,1
puregnuss,1
hakuna98matata,1
holzweber_sandra,1
alexandra_w007,1
mary_grazia9,1
sabinehabisch,1
schmidpaul0310,1
eco.friendlyjourney,1
mariasummerpole,1
saltthesea,1
mikischnitten,1
_buchale_,1
katheycaterpillar,1
ayu.thelabel,1
myregio24,1
whythirtynine,1
lisi_weber,1
l_untermoser,1
kaffeeamstrand,1
felii1406,1
estheraddison,1
ve.ena._,1
magisterwultsch,1
laurarory_,1
juliaschwinger,1
orwhatever,1
mrtnaue,1
julypick,1
lenatschinder,1
chrissi_stll,1
aaarabrab,1
melanierappold,1
nicii_x_s_,1
li.samaier,1
bambuspanda_co2neutral,1
laura.auer,1
anja_koschier,1
christophkovacic,1
elinareppnig,1
antonifair,1
pat.kerstin,1
forkboy.tv,1
julia_bergs11,1
high_level_fitness_army,1
instaandnature,1
philipp_s_14_,1
m.elaniest,1
french.dachs,1
146julia,1
pirker.sabrina,1
vnnv_qu,1
christina_maria_,1
franzi.bayr,1
_chrissixva,1
avec_passion,1
kindlermary,1
me_and_my_little_love,1
_adri0306_,1
adcalico,1
meertazz,1
blattwerk.statt,1
nadinekogler1,1
31simone31,1
alina.lrb,1
lararellecke,1
kunterbuntberlin2.0,1
anna_oberlerchner,1
jmphotographygraz,1
glamourandfood,1
schlossberg_friseur_salon_,1
joana.koehler,1
xfraeuleinwunderlichx,1
mr.wolf02,1
sandrasmole,1
spengler_ag,1
speechless.drawing,1
antoeneli,1
a_ebner,1
vanessaladinik,1
conny_ortner,1
piaxtzl,1
bekoeconstance,1
soffie.soll,1
kramalama,1
at.vickys,1
laura.gamper,1
ryprexa,1
daniels_worldtour,1
pollner_cigars.spirits,1
xlena_theresa,1
eli.koessler,1
lilli_zaubert,1
pumpqin.co,1
daniela.pisak,1
sab.nature,1
democraticwines,1
sammellust,1
aula_x_space_kapfenberg,1
derigo.at,1
darwins_erben,1
juliahug,1
drassnardelikatessen,1
simiaroundtheworld,1
lacucina_peggau,1
agrarservice_brandner,1
homedyed.co,1
prokatja,1
julia01p,1
paulweiss18,1
bella.isa.leli,1
awildemotion,1
winston.goodboi,1
sommkon,1
_bibi_br,1
fabian.goodlife,1
arabaci.anil_,1
andra_gussonda,1
jessica.zoerner,1
tim.f1edler,1
olivchen1994,1
_vs_concept_,1
evadumpi,1
genusswien,1
katzimglueck.at,1
_fabiennesteiner,1
milena100____,1
klammerth,1
mexxonomy,1
ich.kauf.lokal,1
vedicyogaacademy,1
hippo_and_potamus,1
stefaniehoffmann.l,1
helena.hopes,1
chris.pigeon,1
stefan.sukic,1
jan_perne,1
alexanderridiculous_art,1
david1kroell,1
darlingdonut_,1
kernjuergi,1
roniprett,1
chrisander__,1
briners__,1
sa._kr,1
mehofer.neudeggerhof,1
saendl,1
motive_offiziell,1
madeleineraeth,1
next_incubator,1
sterndlspritza,1
eelena__marie,1
scarlettsheimat,1
brixi_1,1
freiheitdurcheinkommen,1
khskeinehalbensachen,1
anitsi202,1
markus.ili,1
happy_tina_1,1
dirtyvegazine,1
vegan_hannahs_diary,1
mademoiselle.outdoorlife,1
an.ja.mar.ia,1
lieblings.zuhause22,1
halmig.de,1
c.lovesaustria,1
augenblick.leben,1
lameskla,1
birgit_prott,1
nobody.is.here.123,1
laguiadelwhisky,1
aboutverena,1
theofficial_hubertus,1
kpower94,1
startnext,1
chris_zip,1
claudiawiederhofer,1
sira.am,1
florentinacep_,1
asiatische_kueche_mal_anders,1
fauland.julian,1
sinan_ozkurt55,1
greyart.pencil,1
cafelabkhand99,1
roestatlas,1
magda.standhartinger,1
in.go_in_action,1
babicka56_austria,1
halla_el1711,1
lina.supancic,1
martina_621,1
plausi,1
wendylicious_hannover,1
melis_tgn,1
luisa_stbln,1
fener1291960,1
nordseeurlaubaufamrum,1
jhonnybravobravo,1
g_v_my,1
juivitton,1
aurora.nussbaumer,1
marlenschgi,1
christophkurej,1
nici.s_welt,1
kristinaxtx,1
jenny.rubus,1
zasterundmoneten,1
sofi.toast,1
clarissahirse,1
lifeof_sunny,1
martina.kienleitner,1
anna_rpr,1
flomitti,1
mkncarina,1
coocakes_,1
myroaster,1
sultany.eu,1
steira_bua,1
vivienhaeckel,1
michi.hupf,1
aboutliahlin,1
vani_we,1
wal_heinrich,1
kristinfetz,1
psychologiefuchs,1
lukas_scheer,1
marlenskii,1
annvscoffee,1
jana.ajorgbor,1
malua_kopiluwak,1
katha.rina.huber,1
einfachlisa,1
astri_amel,1
_gutschi,1
evamariaschlick,1
salinas_exclusive_resort_host,1
andrucha._,1
lini35,1
lil.cousine,1
macktelaner,1
pure.cooking,1
paola.ziegler,1
_gastrozaragoza,1
pat_r_ick_,1
jeka_kerzen_austria,1
omarriachi,1
meerbar.duesseldorf,1
der_basti_an,1
fitnessmachtfun,1
spaccanapolibcn,1
rocca_duesseldorf,1
reichl.harald,1
michelangelo_spizzicoteca,1
fino_graz,1
bianca_lauterbach,1
stephmkry,1
krenn_andrea,1
thomas.schranz,1
vicky_puchmann,1
mgrassler,1
tcf.armenia,1
reda_reda_za,1
bernie.gif,1
globalarchitech,1
leanderwattigmedien,1
supsportclub,1
donny.fund,1
delikatessennussbaumer,1
wojtekbalsewicz,1
kulinarnyfreestyle,1
bensbier,1
kreinerroman,1
cleanbeautyconcept,1
nici_food_diy_photography,1
cosmedic.point,1
saravnvc,1
investmentguide.austria,1
drinkman_,1
risingrooms,1
resihirsch_,1
e.lena__in,1
latelierdisabel,1
lacknermarryann,1
dreizehn_by_gauster,1
sorgerbrot,1
bar_ambrosia,1
zitadellen.sport.graz,1
weiblich.genial.erfuellt,1
photographybystreet,1
zappa.music.bar,1
desireefelner,1
tomlohner,1
lady_lebkuchen,1
hofer_michelle,1
susanne_maureraldrian,1
hel9aenzi,1
benedikt.haushofer,1
raphaelaxmaria,1
elaa.elala,1
fifteenseconds.co,1
elmatedeleon,1
athenaroither,1
takimundo.ch,1
itzzme.michi,1
coffee_junkie_vienna,1
jungmin_barista,1
marie.vonmuto,1
rumacoffee,1
alberto_pico_,1
jaason.funderburker,1
belle._.melle,1
vienna.sky,1
goodbean.collective,1
feinebohne.de,1
iterublog,1
howtonachhaltig,1
freundderberge02,1
infenitycase,1
_sternfrucht_,1
lauras.planthanger,1
enorm_magazin,1
thatveganflightattendant,1
incapitalletters.de,1
genuss_ab_hof,1
lifestyle80.influencer,1
twobalconies,1
chiemseeschirme,1
wethecoolstudio,1
marketingoutsourced,1
obstbuddy,1
pinksterginaustralia,1
davidpillinger,1
cocktailpete,1
served_neat,1
gin_zeeland,1
singingtrader,1
its_entrepreneur,1
ayo_jimi,1
baressp,1
call_me__an__naidu__,1
lucamicheli,1
ginfektion,1
villadaerick,1
chemonxy,1
drinkfriday,1
lily_samoyed,1
oceanicagin,1
_nicholaspinto,1
herzblutmovement,1
generous.gin,1
tinkavaltl,1
thoughtspace.co,1
shao.dan.ru,1
iamempowering,1
wagner.katharina,1
benschi_lacki,1
canallaurbanfood,1
ksvathletics,1
jungewirtschaftsteiermark,1
thegoodtimevegan,1
seelenbandsoulshapes,1
maren.smdt,1
miss_rutas,1
ellianna_98,1
con_li137,1
nnin.stagram,1
gesunder.kern,1
14er_oele,1
tecnolaura,1
jay_blackintime,1
kuechenblick,1
stevexkeef,1
michi_ganser,1
sweetomio,1
euro.tree,1
pradalandtacos,1
norbertiberto,1
brianofit,1
wolfgangthomann,1
jenny_0x00,1
_txppi_,1
selina.memic,1
jojo_fashion_beauty,1
wientrinkt,1
anikariesner,1
leawasserfaller,1
clockworkjellyfish,1
happy_one_0000,1
_eva_ko,1
susannegrimm2,1
maria.lxe,1
gustl_goldador,1
_anni_90__,1
tschaesminda,1
lena032003,1
simonesahn,1
mimfluencer_,1
robschw,1
vami.testen,1
manaateresa,1
happyleisa,1
hannahscheiber,1
biancadddd10,1
laraaweber,1
jessideluxe_,1
alltagsprinzessin,1
annekathrinwald,1
annachiarahaas,1
se_linski_,1
anna28three,1
re_lutti22,1
kicomai,1
sch.ultzy,1
steepedapp,1
schreibtmandasso,1
danilos_91,1
linda_mittendrein,1
tilly_chilly,1
lucky_prince987,1
sandra_laffer,1
___puffs___,1
