username, is_a_company, is_a_deep_crawl
philippknefz,False,True
kathi.hfm,False,True
bluubleee,False,True
chrishell1984,False,True
cocoquadrat,False,True
elizzy000,False,True
likerosesinthestorm,False,True
philipp_jose,False,True
reindleva,False,True
vanessagoetze_,False,True
lapopsi_at,False,True
julia_schadinger,False,True
schlembo000,False,True
schmiedoli,False,True
_ntrphtgrphy_,False,True
sglauni,False,True
moritzpein_,False,True
lizztastic_,False,True
beerenkraefte_gin,False,True
ehrenwort.genussmomente,False,True
tigrib_u,False,True
schmolo37,False,True
regionalehelden.at,False,True
die_sonnentaenzerin,False,True
suligramm,False,True
gaedke.digital,False,True
toxeenfox,False,True
robert_berger_bergski,False,True
ellyswunderland,False,True
traeumerherz_fotografie,False,True
kevinchristphr,False,True
kasti_7.6,False,True
monschgiii,False,True
joinpoints,False,True
marissadorfer,False,True
tjara81,False,True
rubbygloom,False,True
rena_kaa,False,True
baki.yo,False,True
gepackt_und_los,False,True
marieuhl,False,True
viennese.vegan,False,True
juleslostinparadise,False,True
graz.city.photography,False,True
carina.hackl,False,True
lowartgie,False,True
2vegans1cup,False,True
gigi_who_,False,True
etivera_verpackungstechnik,False,True
about_katinka,False,True
betti_licious,False,True
x.adriii_1911.x,False,True
joerg_rath_art_photography,False,True
hempdrinks.gmbh,False,True
aglutenfreeaustrian,False,True
barbararatzenboeck,False,True
gedachtewisseling,False,True
jul.r7,False,True
elli.penz,False,True
sarah_scootie,False,True
doctorslifevibrations,False,True
tecc_graz,False,True
reha_buddy,False,True
runmylean,False,True
nd2der,False,True
xmrs.photographx,False,True
climbing.plus,False,True
chriprizz,False,True
maitzfenster,False,True
absolutelysugarfree,False,True
eins.zwo.drei,False,True
bernds1980,False,True
annxkli,False,True
ms.sandra.j,False,True
chris_thecurl_kent,False,True
hungry_austrians,False,True
_michaela_xr,False,True
stphips,False,True
koko.lorenz,False,True
apflbutzn,False,True
doneebayhan,False,True
willjofried.hackl,False,True
feierlaune_graz,False,True
lockstoffstore,False,True
zenzgudrun,False,True
f.iona.k,False,True
regionalshopping.at,False,True
montreet_,False,True
stefangaller.photo,False,True
grazer_phile,False,True
zmartup,False,True
pilz_christoph,False,True
ririanlai,False,True
matthias_k_r,False,True
domi.hue,False,True
my.beauty.daily,False,True
petra_valetitsch,False,True
ellieelisabeth,False,True
sebastian_sailor,False,True
aeijst_gin,False,True
elaschreibt,False,True
meloncholie_,False,True
verenamayer_,False,True
humuhumu_poke,False,True
peepsofgraz,False,True
punctum.media,False,True
jck.visuals,False,True
onaydrinks,False,True
_stalba_,False,True
lervic_music,False,True
jjw_youngnature,False,True
christinaxthaller,False,True
thisisdaniel_,False,True
lookaroundwhatifound,False,True
crowdstrudel,False,True
ma.eg,False,True
stadtundlandpartie,False,True
die_finanzmanagerin,False,True
the_classy_taste,False,True
alessiocarmen,False,True
chr1ssy__,False,True
kunsthauscafe_graz,False,True
gin_1404,False,True
patrick.habith,False,True
coconilla.vegan,False,True
conni_canelloni,False,True
iam_steff_,False,True
silvia.gangl,False,True
elkeefferl,False,True
kati_weiland,False,True
michaela_jolanda_lifecoach,False,True
sophie.httr,False,True
jayyy_se,False,True
_gh_stefanie,False,True
tenzi_official,False,True
,False,True
odinsonodin,False,True
hello_its_me_mary_,False,True
bee_lates.pilates,False,True
weristluisa,False,True
teresa_loves_delicious_food,False,True
matthias_medardt1982,False,True
southernxskies,False,True
randkunstgraz,False,True
letic_moment,False,True
zsolattart,False,True
trachteria,False,True
eleoh.nora,False,True
jaacqueline94,False,True
dave_krn,False,True
popupgschichtln,False,True
daves__dave,False,True
thesocialmediascientist,False,True
meine_vejnikkeit,False,True
mendigavric,False,True
gw_80,False,True
petersen_swe_,False,True
lakatyfox,False,True
daria_z_86,False,True
small_ly,False,True
nihannatak,False,True
caroline_mair_,False,True
eventfactorykg,False,True
dj.mike.fields,False,True
martiina_000,False,True
leitgebsarah,False,True
knusper.bruesli,False,True
stefaniekocher,False,True
keksn_kk,False,True
maex_insightmedia,False,True
bridge.personal.service.jobs,False,True
carinaharb,False,True
anja.herz_official,False,True
bestimmtkreativ,False,True
elisa_kneebite,False,True
christinaalbrecht_,False,True
hair.makeup.lena.rotbart,False,True
tropper_philip,False,True
nani_wien_,False,True
entbrannt,False,True
hackl_simone,False,True
increstment,False,True
lukasleitsberger,False,True
laura.harpf.26,False,True
juliakarlin,False,True
inviteddaily,False,True
usembvienna,False,True
aenniipennii,False,True
i.ziolkowskastadler,False,True
holy.pit,False,True
mw249,False,True
alissa_kovarik,False,True
tausendkraut,False,True
highmo_,False,True
alexas_photoart,False,True
jakabfoto,False,True
christinakriftneryounique,False,True
natticus_l,False,True
casarista.official,False,True
eva_gabriele93,False,True
lichtblick_official,False,True
anjaplatzer,False,True
xsaramariax,False,True
leni_wippel,False,True
ducks_coffee_shop,False,True
fachlgraz,False,True
kathi_weinhappel,False,True
the.schindler,False,True
_yxssix,False,True
spar_oesterreich,False,True
fhcampus02_inno,False,True
julia_christianaa,False,True
denisetwllk,False,True
jacky_ammer,False,True
tekkify,False,True
tina__silvia,False,True
bee_linda_,False,True
unacervezaporfavorgraz,False,True
martinistina,False,True
voifesch,False,True
annalisca_,False,True
antonia_missethan,False,True
giovanna_dolce,False,True
annasgee,False,True
florentina_r,False,True
astridanna3,False,True
philo_yanny,False,True
ferschingerhair,False,True
reformhaus_naturita,False,True
conversionclub.at,False,True
lglauni_19,False,True
annahelmreich.at,False,True
wardyapp,False,True
iamdearstella,False,True
reisinger_philipp,False,True
sandra_viennablog,False,True
ludovico_der_weltenbummler,False,True
thebluemerledudes,False,True
teamazing.events,False,True
annakatharinarosenkranz,False,True
simsala_sasa,False,True
biohof_kirchknopf,False,True
lina.h.vath,False,True
proudstyrian,False,True
juergenmatzer,False,True
mymirrorworld,False,True
momentsof.nature,False,True
mariosprodukttesterwelt,False,True
elenaue,False,True
masuki_0,False,True
se_bi___,False,True
christinejirka,False,True
smo_nja,False,True
mesotherapie_graz,False,True
katja05brandner,False,True
insightmedia.graz,False,True
sarahuvm,False,True
annalena.fsg,False,True
laurenzstaindl,False,True
h4enna,False,True
flustix.rethinkplastics,False,True
blondiebrownie.sis,False,True
evabalance,False,True
liam.choclit_king,False,True
cptsemlo,False,True
awomanlikeme8,False,True
_sandra.fr,False,True
anna.grischina,False,True
juliapanduric,False,True
lisana.official,False,True
little.humanbeing,False,True
shoepy.official,False,True
clauswunsch,False,True
mariell.isabell,False,True
shindokan_dojo,False,True
valentinkx,False,True
andrea.testet.und.bloggt,False,True
rhoenkobold,False,True
ildokay,False,True
angelagruber,False,True
dagmar_999,False,True
gruendercenter,False,True
pemiro04,False,True
paulvonstanzenberg,False,True
martinaheidelberg,False,True
marrrinarrr,False,True
schatzlsschatzkisterl,False,True
chefgabriel.ortet,False,True
bohs_beans,False,True
raandi88,False,True
raabauer_eisvogel,False,True
denisepl_,False,True
mehr.wert_dieonlinemarketer,False,True
extrazimmer_ag,False,True
lieblingsplatz_graz,False,True
iameugene0601,False,True
sarah.s_68,False,True
daniii484,False,True
prott_sisters,False,True
ingostefanspeaker,False,True
stevexc7_,False,True
eatingoutingraz,False,True
saschikraus,False,True
travel.away.mj,False,True
marinasteindl10,False,True
mangolds_wow,False,True
be_surprised_snackhouse,False,True
uhrturmbaeckerei,False,True
eigengrau.at,False,True
barb.ara.a,False,True
foodtrucks_united,False,True
damnplastic_official,False,True
putz_alexandra,False,True
doll_in_la,False,True
jenn_w_,False,True
alikis_kitchenstories,False,True
seitho,False,True
hannesmair1,False,True
zwanae93,False,True
dorfhotel_fasching,False,True
paintedbydaria,False,True
ozeankind_berlin,False,True
chri_stian_k,False,True
keepingupwiththeaustrian,False,True
denkenerlaubt,False,True
hanamurtezai,False,True
andreakutilin_photography,False,True
sylvias_kuechenzauber,False,True
gruendungsgarage,False,True
menzi.alex,False,True
andii_wer_sonst,False,True
moredrinksoe,False,True
jandizinner,False,True
kathrin_wolf_maier,False,True
sislivinglife,False,True
hcati,False,True
krimxm,False,True
lifelovesyou_music,False,True
galunas_selfiefarm,False,True
katastrophenfee,False,True
azra.karupovic,False,True
janine_weixler,False,True
therrealpapalu,False,True
city_of_graz,False,True
goodrems,False,True
lawif.fan19,False,True
lisa.reichkendler,False,True
isi_gruber,False,True
marty_no_12,False,True
nolimitevent,False,True
wolfal.mayer,False,True
greenrocket_crowdfunding,False,True
gabriel.gissing,False,True
yuli__latz,False,True
marisamller,False,True
veni.vidi.vici.dormivi,False,True
loquitajasmina,False,True
__na.dine___,False,True
tamiisu,False,True
daniela_ter_la,False,True
katharina.zoescher,False,True
raberhof,False,True
gewara.de,False,True
larissaraeth,False,True
thecrether,False,True
resonanz.leben,False,True
natasaka,False,True
lissa_ga_,False,True
yoga_mit_kathi,False,True
johannasch,False,True
kerstinfida,False,True
daniel_knows_graz,False,True
janinasei_20,False,True
suessibaby,False,True
verena.prasch,False,True
almuthschnehen,False,True
_marie.engel_,False,True
__marie__christin__,False,True
lisaschuhmacherrrr,False,True
supportourgraz,False,True
casa_ananda_graz,False,True
mangolds_futter,False,True
ludvigrage.club,False,True
ninazettl_,False,True
leas_foodworld,False,True
der_teepapst,False,True
airamregnis,False,True
femme_petite,False,True
came.saw.travelled,False,True
blackcoffeebreakfast,False,True
lisibepunkt,False,True
the.world.of.kat,False,True
bschodl,False,True
flicker_melanie,False,True
theaelix,False,True
simulias,False,True
cindysiebert78,False,True
aandrealauraa,False,True
iolandabd,False,True
fachlsalzburg,False,True
anja.greinig,False,True
j.remes,False,True
urbanistubn,False,True
cooking_anita,False,True
muetzenmafia,False,True
colour.cups,False,True
herzmomente.events,False,True
ewald_96,False,True
meinungsgefluester,False,True
rieder_alexandra,False,True
johannes.maximilian_,False,True
wolfgang_deutschmann,False,True
chrisulz,False,True
adilozancic,False,True
annakatha.rina,False,True
deka.ram94,False,True
sophie.franz,False,True
marcel.kilic,False,True
tomharrybeer,False,True
sinplastic.de,False,True
thesmartspirit,False,True
edvgraz,False,True
momentsof.graz,False,True
isabellagavaneli,False,True
wir.gewinnt,False,True
thomas.pratl,False,True
michael_burgenland,False,True
_lumberjack_83,False,True
ramonster13,False,True
elleenhs,False,True
mezziebox,False,True
maggieiscooking,False,True
snow.white.photography,False,True
fabienne_velikogne,False,True
bianca_m_m_g_p,False,True
foreignmommyblog,False,True
cschoeggler,False,True
anna_herzmomente,False,True
klara.payr,False,True
zwei.semmeln.im.glas,False,True
retschiiii,False,True
beautiful_placeezzz,False,True
expert24spirits,False,True
enerep_schoenertag,False,True
verena.fath,False,True
jessie.matata,False,True
jenny.home.life,False,True
moritz.katzbeck,False,True
porti_laeuft,False,True
_kerstin_f,False,True
tri_marleiny_k,False,True
schlagersbirkfeld,False,True
freiblickgraz,False,True
caro_hagspiel,False,True
mikis_sweet_kitchen,False,True
_axxika_,False,True
_zseni,False,True
lifestyleclub_graz,False,True
jakobdeimbacher,False,True
streetviews.graz_stmk,False,True
indjana_,False,True
travel_baby_,False,True
cia2ra,False,True
funkysaucesvienna,False,True
marianaal207,False,True
bytepoets,False,True
maunzimadame,False,True
weboundmarketing,False,True
kleemargot,False,True
zeit.ohne.raum,False,True
vereinskarussell,False,True
nati_7_29,False,True
ipers1,False,True
lisamarieulz,False,True
delicious.food.graz,False,True
hi_austria,False,True
bellalucia86,False,True
blondiebrowniefood,False,True
lifestyle_bianca,False,True
thisisnoenvy,False,True
rosalie_gortana,False,True
krasimir.21,False,True
wkerstin,False,True
annie__francesca,False,True
_na.la_,False,True
lieblingsmensch33,False,True
haur1010,False,True
move4sustainability,False,True
andrea.nagele,False,True
steinvondaheim,False,True
kathi.ll,False,True
andreas_resh,False,True
koberlmathias,False,True
martinabacherblog,False,True
markusp88,False,True
sa_rogue,False,True
moritz.dari,False,True
inesherz,False,True
nikfluencer,False,True
jnp_690,False,True
thomas_vorabe,False,True
heissenbergerteeundkaffee,False,True
kleinbauernmarkt.at,False,True
mariasandersofficial,False,True
markusliebeg,False,True
schlossbergkater,False,True
kerstin.bauer99,False,True
die_wohlfuehlmanufaktur,False,True
malwiederso,False,True
elfies_moments,False,True
laura_birnstingl,False,True
tom_jan_,False,True
studoapp,False,True
soclacarol,False,True
handwerk_kreativ,False,True
hanfwasser,False,True
franzi_weidner,False,True
paeonienrose,False,True
kathas_backliebe,False,True
mariemare__louis,False,True
chris.gruff,False,True
kobaldsandra,False,True
trixisshabbyhome,False,True
julijamiller,False,True
dapo__music,False,True
beni_klotz8,False,True
myproduct.at,False,True
a_soytuerk,False,True
logstalogistics,False,True
therenderers,False,True
christophtoesch,False,True
denisekovarik,False,True
boxi.markus,False,True
ceelian,False,True
lena_markus_,False,True
tinipulm,False,True
spirulix,False,True
_caro.knits_,False,True
wearemegusta,False,True
miss_jessay,False,True
ringe_reia,False,True
koller_elena,False,True
kari_whitedog,False,True
celine.vinotime,False,True
studioherzfeld,False,True
_jacky_f,False,True
anna__pi_,False,True
meranocitygraz,False,True
birnstingl_kernoel,False,True
tinchen825,False,True
lisa.lilli.ro,False,True
astknopf,False,True
verfressen_in_wien,False,True
_die_astrid_,False,True
nzmajko,False,True
kaufi_ninetyone,False,True
mahe.68,False,True
alex.knoll,False,True
katja_posch,False,True
updrones.at,False,True
chris_ammerer,False,True
evgenia_rieger_photography,False,True
markusbuchsbaum,False,True
ripix.at,False,True
elly.annax,False,True
erik.ograjensek,False,True
hellisfoodblog,False,True
ilg_group,False,True
meranobargraz,False,True
_greenmaya_,False,True
jay_the_exciter,False,True
missclassycom,False,True
frauhans_,False,True
selin__lakatha,False,True
f.schramm_,False,True
mitzimims,False,True
minacloverwine,False,True
annalenaherrera,False,True
anjagrohmann_illustration,False,True
verenakassar,False,True
timmycaparros,False,True
studio.erleben,False,True
myslrymmais,False,True
elenaa.ha,False,True
oberhauser_anna,False,True
phrauter,False,True
cristoforo_italia,False,True
thomasromankiewicz,False,True
discount_at,False,True
maniiimo,False,True
illuministina,False,True
phips_1994,False,True
mate_mood,False,True
fabeltisch_keramikstore,False,True
diana__teresa,False,True
fraeulein_kreativa,False,True
manuelaedler,False,True
tante_frida_oesterreich,False,True
juliaschoellauf,False,True
standl5,False,True
felix_barka,False,True
fjcandles,False,True
paradisashop,False,True
d_master96,False,True
junglesteffi,False,True
iamplasticfree.de,False,True
erfolgreich.wachsen,False,True
dorotheehettwer,False,True
leonie.010,False,True
runchefrun,False,True
weinstueberl,False,True
the_hive.fit,False,True
theycallmegona,False,True
ni.wa,False,True
app_radar,False,True
sannienie,False,True
biancadepon,False,True
sarah_jasmin_bergmann,False,True
electric_tones,False,True
reka.mn,False,True
sakdesignss,False,True
juicytine_,False,True
pensiontraude,False,True
alfredokrasser,False,True
ame.edi.azra,False,True
phips707,False,True
alexa_stav,False,True
fromaustria,False,True
salome.ortner,False,True
thatsjasi,False,True
cooking_with_mirela,False,True
matthias.hohl,False,True
haargott,False,True
nici.at,False,True
anke.pol,False,True
xkyuubi,False,True
norberthagenhofer,False,True
christina.e.k,False,True
stefaniekle,False,True
challengeyourmindofficial,False,True
kakaolimonade,False,True
_mau_mau_s,False,True
christine_deniz,False,True
sch.0k0,False,True
_rise_up_media_,False,True
claudia.schagerl,False,True
foodinsider_tips,False,True
bunakaffee,False,True
kiki_bourbon_,False,True
g10002019,False,True
_marvin.konrad_,False,True
vaneeey__,False,True
ka_ma43,False,True
_pmarketing_,False,True
klaus_rosenberger,False,True
angi_van_daihatsu,False,True
andrea.jorgler,False,True
dabub1185,False,True
baking_jazzmin,False,True
it_is_lisa0107,False,True
haikajmai,False,True
dailymindpower,False,True
juergen_kettner,False,True
markuslindnerml,False,True
vika_van_ankerliebe,False,True
matthiairs,False,True
adamseyes_adventure,False,True
prismetical,False,True
eventmgmtheinreichsberger,False,True
robertbodnarukrrr,False,True
ozeankind_wien,False,True
nahgenuss,False,True
eatandstyleoberwart,False,True
studio_graz,False,True
filflow,False,True
escapetheordinary_n,False,True
evablue3105,False,True
teresahaupt_,False,True
nicolelovesfashion,False,True
sopheey03,False,True
susannefeier,False,True
bridscheet,False,True
mtvowl,False,True
areisinga,False,True
doris.wil,False,True
stefanschmidude,False,True
tmayer_strengthcoach,False,True
ewakloss,False,True
amaier99,False,True
manuel_henggi,False,True
patricktheuermann,False,True
werther_zu_2d,False,True
marry_uuu,False,True
capturemoments__,False,True
alicexchristina,False,True
heusi_187,False,True
sabrina_in_a_nutshell,False,True
lauretta_xd,False,True
rreisi,False,True
lebbirgit,False,True
oachkatzl_hannes,False,True
auch_hier,False,True
pethah,False,True
sarah.h.a.m,False,True
patrickalexander17,False,True
kathl_hierzer,False,True
princess_prinjess,False,True
sphia_p,False,True
annather_story,False,True
jasminfrick22,False,True
jutestattplastik,False,True
_a_m_o_n_a,False,True
wolfgangschopper,False,True
sunnys_wohnzimmerkueche,False,True
liufan_inside,False,True
schobsn_jen,False,True
__eigenhaendig__,False,True
antonmaresch,False,True
sebastianzier,False,True
testeriinn,False,True
philipp.at,False,True
marioalbrecht,False,True
sarah_b1108,False,True
emily_mertlitz_12,False,True
raul.mjl,False,True
diegsibergerin,False,True
d.a.maria,False,True
lisa_friessnig,False,True
isi_smn,False,True
official._.mischi,False,True
philippdyczek,False,True
nicoleschoerkhuber,False,True
mur_li_,False,True
jordan_taylor_j,False,True
floriii.schm,False,True
beatrice_karner,False,True
nina_stockreiter,False,True
da_berni,False,True
cla__lin,False,True
ahanemaayer,False,True
tatjana_venus,False,True
remolicious3,False,True
fresh_campaigning,False,True
yummnik.barbara,False,True
clarafruehwirth,False,True
happy_mom_testet,False,True
_n.e.r.g.i.z_,False,True
annatura_,False,True
nachoxdiaries,False,True
rauerssproessling,False,True
juliuskitchen,False,True
emilys.even,False,True
basenbox,False,True
official.nefelibata,False,True
katastrophic_20,False,True
max_haidinger,False,True
lukaswatzinger,False,True
gandi_7717,False,True
lenafroih,False,True
moritzfrank95,False,True
aar_on901z,False,True
st.de88,False,True
pipapograz,False,True
sagneinzuplastik,False,True
_fika36,False,True
fraeuleinastrid,False,True
michael_pummer_friseure,False,True
philipp_shine,False,True
konstantinschmelz,False,True
claudiavanessaalice,False,True
naturecaro_,False,True
tai.11,False,True
march.care,False,True
glanzer_alpakas,False,True
tina.diels,False,True
studioninprantner,False,True
melli_lenzing,False,True
sophiesemlitsch,False,True
adamer_mat,False,True
muttertier668,False,True
time4milkshake,False,True
_amra_candic_,False,True
seaityourself,False,True
liv.kreativstudio,False,True
impactideas_,False,True
esskultur.zuerich,False,True
phil_von_stone,False,True
sbstnrauer,False,True
kloana_steirabua,False,True
julia.repp,False,True
hrvaticaaa__,False,True
lannalovesnature,False,True
heidrungirz,False,True
ordito_official,False,True
jen_white91,False,True
omegamaxfrio,False,True
schnellsteff,False,True
_._.sabriina._._,False,True
pattimsyd,False,True
chrisceletz,False,True
steinbauermagdalena,False,True
nutrys_de,False,True
lestissuscolbertgraz,False,True
msjulijulsen,False,True
lisa_stueckli,False,True
lissi_11,False,True
vj_dukgh,False,True
johanna_vom_feld,False,True
lavidaloca_randall,False,True
malaofgrace,False,True
nextspecialty_coffee,False,True
jumpls.de,False,True
christianpipal,False,True
andrea_kraihammer,False,True
margaretakocht,False,True
davidtru__,False,True
m.anuel.edl,False,True
carintschn_,False,True
lizakoelbl,False,True
else_mack,False,True
uptown_marge,False,True
sochri_,False,True
katy_jamnig,False,True
darlotfi,False,True
juergene0301,False,True
rebenskunst,False,True
leniii2000,False,True
_m.krasic,False,True
verakleinschuster,False,True
bilderfuergraz,False,True
laurasophiegerencser,False,True
dorischlager,False,True
s.unn.y.sun,False,True
fabio.cassitta,False,True
franziiruns,False,True
detaillovin,False,True
sh_kavoshgar,False,True
lisa_fassl,False,True
olga.nino_manualidades,False,True
pialinasunny,False,True
adamyyyadam,False,True
kathibling,False,True
laurhab,False,True
melanie_andrae,False,True
kristina.weitacher,False,True
eifelimbiss,False,True
caroline_hainfellner,False,True
mak.laus.ava,False,True
marenfeles,False,True
durstloescher_friends,False,True
alexandra.stefanie,False,True
kutilincreations,False,True
aula_space,False,True
chris.derstolz,False,True
weberbernhard,False,True
der_curly,False,True
talk4sustainability,False,True
saba_paintings,False,True
neuner_s,False,True
das_kaffeemaedchen,False,True
skinnovation.io,False,True
sabine.sjl,False,True
kucheninsel,False,True
kwirl8020,False,True
justmove.ocr,False,True
annsophieeg,False,True
durstloescher_von_moers,False,True
victoriafellner,False,True
caro2go,False,True
be_an_ie,False,True
dieparadeiser,False,True
ihavethisthingwithgraz,False,True
__isabellaviktoria,False,True
tourismschoolsbg,False,True
roestwerkhoerde,False,True
rigrx,False,True
niceicebaby_graz,False,True
thomasberghold,False,True
zerowaste_ninaallecramgoldkind,False,True
blondibella_,False,True
charliie_murphy,False,True
pureskinfood,False,True
sandrakleewein,False,True
thepigeonboysofficial,False,True
nik_taccrual,False,True
b.palimpalim,False,True
maramadita,False,True
st.effionig,False,True
little_miss_sundayy,False,True
centerwest.graz,False,True
kati_fei,False,True
lenapronova,False,True
emmy_emmly,False,True
wolfsbohne.nord,False,True
enterpriseleague,False,True
_zokito_,False,True
fraeulein_wald0210,False,True
swallowdrinks,False,True
sanfred_y_el_mundo,False,True
tornquisthome,False,True
danielmulec,False,True
_schroe_,False,True
_fragdoch_mal,False,True
frischphilipp,False,True
johannesmueller93,False,True
_annikaverena_,False,True
dreileut,False,True
diebeautyboutique,False,True
innotum,False,True
bodenoutlet,False,True
sei_wunderbar,False,True
zanfleisaker,False,True
catharinahofbauer,False,True
marks_teezeit,False,True
elli.the.swallow,False,True
sei_giorni_bar,False,True
cloodia1309,False,True
espressomobil,False,True
dagmars_wunderbar,False,True
gehtohne,False,True
sarahoberl,False,True
xkid_93,False,True
sandro.lu,False,True
alexis_ble,False,True
mensen.at,False,True
gumpelmaier,False,True
christieamarillis,False,True
mias_photoart,False,True
miriamusmaximus,False,True
markusschoggler,False,True
civilettogiulia18,False,True
datewiththegoodstuff,False,True
peacesupply.co,False,True
nika_bittner,False,True
keinelimo,False,True
landproduct,False,True
simply_vp,False,True
menofsteelblog,False,True
atha.ishak,False,True
dieeisperle,False,True
hungariangentlemen,False,True
andrea_stocker,False,True
super.zippy,False,True
robertrethink,False,True
kangaroo_poop12,False,True
sophiaan,False,True
valeria_bassetti,False,True
julia_gritschacher,False,True
johaensen_tho,False,True
andyschweighart,False,True
glaeserundflaschen,False,True
tina.autside,False,True
kumailnasser,False,True
elenaa.reindl,False,True
kuhnenfeld,False,True
yooweedoo.diezukunftsmacher,False,True
__signorenero,False,True
martinrsc,False,True
energieleben,False,True
lenuta_misca,False,True
melinda.xa,False,True
beveragesfreak,False,True
tobihaas,False,True
teekontor_nevo_ca,False,True
marklotusf1,False,True
frittiertschockiert,False,True
victoria_reiter_,False,True
bdat54,False,True
___vani____,False,True
iwieiris,False,True
_mel__so,False,True
willbeesley23,False,True
accushop,False,True
vespaboerni,False,True
__.franzi.___,False,True
piapi.a,False,True
stephaniepuntigam,False,True
toowooltobecool,False,True
hejnola,False,True
as_ecom_solutions,False,True
eoh.dna,False,True
siply_tealicious,False,True
natlixc,False,True
tschnitis,False,True
wukiuki,False,True
foodphilosoph.y,False,True
mind.without.limits,False,True
dapoandfriends,False,True
papagei_bild,False,True
mom_rsdrf,False,True
stefanieleitner_weddings,False,True
tstrohmeier,False,True
sarahasteiner,False,True
skofi_,False,True
monika_stmk,False,True
raphael.prinz,False,True
betterfood_blog,False,True
vereinsteirermitherz,False,True
milianmilesclothing,False,True
gre.ta837,False,True
lukasderbaer,False,True
fitfoodo,False,True
outdoorpinzgau,False,True
shyti.10,False,True
ines_woeckl,False,True
dominik.weiss_,False,True
what.the.lizz,False,True
larryvolleytv,False,True
greekoilcompany,False,True
berryme.austria,False,True
novapark_flugzeughotel,False,True
makeitsweet.de,False,True
peterpossart,False,True
official.paleoveda,False,True
aalmaaberg,False,True
cathy_zimmermann,False,True
positivepuglia,False,True
glassy.glashalm,False,True
alinasgreenworld,False,True
laxobu,False,True
wachau_photo,False,True
vvricardo,False,True
karo.m.karo,False,True
danigabriel,False,True
kimmi_testet,False,True
anjaerdbrink,False,True
habetlerhans,False,True
barbecuemaster_christian,False,True
yvessimon.de,False,True
viertel4,False,True
amzlifestylee,False,True
desublin_,False,True
christine_minimal,False,True
manfredpreininger,False,True
vanessa_falmbigl,False,True
haraldgesierich,False,True
gruberannaa,False,True
hamid.r.2623gmail.com1,False,True
makonta_official,False,True
happy_foodmaker,False,True
sneg.shot,False,True
theswimbikerunyogini,False,True
katii.jg,False,True
kathi_snowwhite,False,True
supi_sue,False,True
max.schmierdorfer_yangi.world,False,True
andrea_schwarzbauer,False,True
prasath_knockme,False,True
patandjor,False,True
kleidermacherei,False,True
ena.maria.b,False,True
anni_dorfer,False,True
rosesandcherries,False,True
tinacalmeras,False,True
mr_dd_machhi,False,True
sabine_siegl,False,True
chrisdeu,False,True
j_.karina,False,True
jamie_the_bordercolliemix,False,True
1234678010a,False,True
downinthepast,False,True
bridebookdecor,False,True
kanevry,False,True
mm_magic_moments,False,True
freelancerpodcast,False,True
niicolee.kr,False,True
drinkdaddies,False,True
berni_de_roja,False,True
patci_herzog,False,True
magda.mag.das,False,True
looply_software,False,True
kingarmin08,False,True
healthierwithme_lenna,False,True
_live.life.laught_,False,True
chris.sy.07,False,True
manuelanigg,False,True
pizzatuete_finito,False,True
lennoxandmay,False,True
mimimiandfriends,False,True
elsneggmarkenbaumschule,False,True
meowsanthropen,False,True
f.ourtyseven,False,True
linda.boe_,False,True
benko.knehtl,False,True
ezio_theaustrianhusky,False,True
oesterreichjobs,False,True
noahs_dream_,False,True
ewaldkrispel,False,True
instahelp.me,False,True
supersissi_marcucci,False,True
billardcafegraz,False,True
spacecoral,False,True
betty_s_88,False,True
udo_voithofer,False,True
interstellar_veterinarian,False,True
matsurihua18honey,False,True
ullis_multicoloredlittleworld,False,True
dia_milea,False,True
krinnerlaura,False,True
konsti_at,False,True
lau.racb,False,True
_the.mars,False,True
alexa_h,False,True
mini_is_me,False,True
hippiemetalmom,False,True
merlin_mechler_official,False,True
melinaruf,False,True
cheers_life_is_good,False,True
max.gaubatz,False,True
lustaufoesterreich,False,True
echttrinken,False,True
fame_forest,False,True
meli.ilas,False,True
gundisladen,False,True
markus.barta,False,True
jose271599,False,True
erstaunbar,False,True
lisalisaw,False,True
lenariecnik,False,True
sobini_net,False,True
paulborowan,False,True
christoph.hernach,False,True
dominiquewaddoup,False,True
kitcheria,False,True
matthiasauer,False,True
fabianmoeth,False,True
xchichixa,False,True
ben.sdorp,False,True
pandicorncarmen,False,True
tradingtravellife,False,True
lavabraeu,False,True
drinkking_de,False,True
die_lenii,False,True
sabrinamelcher_,False,True
zarflheike,False,True
vogrin.p,False,True
sarafoodislove,False,True
floo.raa_,False,True
testenundprobieren,False,True
judith.3623,False,True
allaboutnalah,False,True
lisa_lgmyr,False,True
samue0815,False,True
cena.amani,False,True
anastasiayourtchenko,False,True
denise1909,False,True
starfirewater,False,True
wingmanfood_official,False,True
ni_ki_ho,False,True
maaxl55,False,True
crosinci,False,True
xd.inna,False,True
lily.md,False,True
julsens_,False,True
nieselregenx,False,True
julia_sifrar,False,True
korneliainsight,False,True
theycallmevera,False,True
toth_maximilian,False,True
mautner.carina,False,True
n13who,False,True
vikipetritsch,False,True
regionbadgleichenberg,False,True
delizhde,False,True
beltsch_ro,False,True
duschoenesleben,False,True
austrian_view,False,True
solaga.de,False,True
selina0928492,False,True
outdoor_dawe,False,True
lisa_kriendlhofer,False,True
katjaschmiedi,False,True
zingerle_sandy,False,True
hicard_og,False,True
lieb_nathalie_,False,True
scherrrobert,False,True
haaar.alt,False,True
morre.sebastian,False,True
simplygarden_gartengestaltung,False,True
ninireisi,False,True
ti,False,True
diesteirerin,False,True
pfauen_feder,False,True
patzitpfkamcpat,False,True
barbelguttel,False,True
sweet.kaoni,False,True
gluecksgefuehl_kochen,False,True
minna_appesbacher,False,True
birkenhof_bad_radkersburg,False,True
majorfyde,False,True
frankhinkler,False,True
helene_th97,False,True
katharina.skreiner.design,False,True
nicole.nemeth.129,False,True
billey_demirtas,False,True
brittas_schreiberei,False,True
kathiwentseis18,False,True
___missamy___,False,True
spieglcodreaflore,False,True
__jennyr,False,True
shoutout.lx.ga,False,True
smdesignatelier,False,True
annagoesherway,False,True
elleenoou,False,True
schober_katja,False,True
xnadlxx,False,True
stmina.rtd,False,True
schwarzesaugephotography,False,True
xenia.db,False,True
i_love_marias,False,True
_kaydoubleu,False,True
_oliverhaas_,False,True
the.ginzo,False,True
mtotter2020,False,True
missfraence,False,True
earl_magenta,False,True
brasseriesixty6,False,True
andreaslehrfeld,False,True
florianvoit,False,True
viki_felsperger,False,True
melanieschrempf,False,True
jaanaa.c,False,True
berriesandwine_,False,True
mirli.me,False,True
david.ferk,False,True
herzenssache.podcast,False,True
daniela_wernitznigg_,False,True
vanessa_kralj,False,True
marjan.parvizi,False,True
sems.energy,False,True
sofie_strasser,False,True
oidadielisl,False,True
aldyk_minibottles,False,True
mmary.bbeth,False,True
hm_kommunikation,False,True
allielefevere,False,True
dominikbagari,False,True
schaeffners,False,True
nicolehrz,False,True
lieutenant_brand,False,True
grow__studio,False,True
_dean_i_,False,True
l3o.0.o,False,True
pi.marie_,False,True
zoracoldbrew,False,True
patrick_enhuber,False,True
jaqulinemonique,False,True
mango.bananen,False,True
cari_kal,False,True
talto_talents_of_tomorrow,False,True
livslevandemagazine,False,True
placebowilli,False,True
pil_art_es,False,True
katharina_lgl,False,True
cateinski,False,True
ursinamelchior,False,True
lenii__weber,False,True
julsn.haemmerle,False,True
laramaria.tripp,False,True
vicky_kathi_,False,True
steefan996,False,True
margherita_zucchini_,False,True
xnessa45,False,True
lilly_elizabetta,False,True
its.nina.idiot,False,True
timon.winter,False,True
georg.carlos,False,True
feschmarkt,False,True
annika.bay,False,True
jelicavasic_,False,True
wienerwaelzerin,False,True
biertee_com,False,True
upto_eleven,False,True
unser_land_in_bilder,False,True
vanessa.schlager,False,True
michi_w_23,False,True
just.happyyyy,False,True
natureinspiresme23,False,True
viktoria_lrb,False,True
marie_natur,False,True
allaboutthecookie,False,True
babsi_23,False,True
jenny_zettl,False,True
kirnbauer.l,False,True
thatsmeonline,False,True
wurzelsepp_graz,False,True
marokko_8020,False,True
vifitnesscoaching_,False,True
tapasitos,False,True
valentinagrabner,False,True
sejla.salic,False,True
regionalfux,False,True
smartsaysno,False,True
ricardapfingstl,False,True
marcel_markies,False,True
frauenmacht,False,True
bauerspirits,False,True
restaurant_artis,False,True
diefahrbar,False,True
clever7777m,False,True
carla.feinstein,False,True
linehilbert,False,True
ed0fficiall,False,True
fabian.eibinger,False,True
glasgravur_rosenstein,False,True
katharina_lagler,False,True
grazer.at,False,True
michellepongritz,False,True
fs19_impressions,False,True
matthiasmulzet,False,True
frend_foldable,False,True
nataliesophie_62,False,True
insta.wolf,False,True
e_onix_scooter,False,True
cristinaguitian,False,True
frannysie,False,True
mxrc_z,False,True
channelfoodie_,False,True
____thespace,False,True
_backerbse,False,True
naturehome.design,False,True
edischnur,False,True
janinechristin91,False,True
steuermario.online,False,True
conny.t,False,True
bodystreet_graz,False,True
minnawertigkeitskomplexe,False,True
j_u_l_s_e_n_,False,True
simongostentschnigg,False,True
motivation_goals_4_you,False,True
s88888999,False,True
_bine_rabe,False,True
dhimiterxh9,False,True
diewahreliebe.de,False,True
enrico.triebkorn,False,True
selinadoll_,False,True
helena_waldhof,False,True
dreaming.fm,False,True
simonegentner,False,True
deinsnack,False,True
ive.lilly,False,True
marcellamprecht,False,True
carina_mussbacher,False,True
ela_the_elafant,False,True
m.ogrodowczyk,False,True
isi_kolcu,False,True
netgalleyde,False,True
a__h.361,False,True
agashkovaalla,False,True
jim.copeland.1253,False,True
vibarosa,False,True
andrealackner,False,True
literaturpower,False,True
rossjoye,False,True
kathas95zeilen,False,True
finesbookland,False,True
kgembassyvienna,False,True
lisa.bockstein,False,True
annaksionova,False,True
bergerwo,False,True
url_leonie,False,True
fray_celis,False,True
daniakanlic,False,True
lendhotel,False,True
mariamarchl,False,True
grazgiants,False,True
jaredfellip,False,True
allesimglas,False,True
s4bsi,False,True
hofbaeckerei.at,False,True
davidgleisdorf,False,True
vegaliferocks.de,False,True
thehonestlygoodsmoothiecompany,False,True
bodyweight_workouts,False,True
apozvodice,False,True
meapi,False,True
thereal_timur,False,True
grafsgastronomy,False,True
moodyequines,False,True
thegoodgoodla,False,True
theannoyingmastermind,False,True
supperclub_ams,False,True
photographybackdrops_,False,True
nussyy,False,True
unbegabt_vegan,False,True
cara_bennet,False,True
antieatmeatclub,False,True
greenway_leuven,False,True
veggiesearch,False,True
shotsoflouis,False,True
fio.nella,False,True
apickapp,False,True
kati_hlle,False,True
anne.mir.doch.egal,False,True
tomriddleslife,False,True
hiiammalu,False,True
katjas.makramee,False,True
salesjak,False,True
n0pr0blem_,False,True
profilachsegermany,False,True
m_huti,False,True
olafwittelmann,False,True
_michael_high_,False,True
nini.ste,False,True
selinaschmedler,False,True
m.hay_99,False,True
li.ly2615,False,True
deinleuchtenderstern_poster,False,True
manuel.muhsbach,False,True
intersport_gerhardter,False,True
ben.attic,False,True
theblackcardorganisation,False,True
grazermadl.at,False,True
walcher.markus,False,True
maehnsl.steff,False,True
_ns842021,False,True
hotelrestaurantgollner_lebring,False,True
jhornigcoffee,False,True
theehandlung.schoenbichler,False,True
hiperformer,False,True
nadine_schwarz4,False,True
eat.meets.love,False,True
coundbo,False,True
premium_team.wien,False,True
vineal_spritzer,False,True
for4you.business,False,True
katzekatzegraz,False,True
regrowitself,False,True
chiara.pe_,False,True
fshotter.leibnitz,False,True
bestofskate,False,True
magdalenatecht,False,True
x.s.julia,False,True
martinhalasi,False,True
habits.music,False,True
david_leibnitz,False,True
leonie.pcek,False,True
christian_volke,False,True
dave.1784,False,True
leonhard_rosner,False,True
this_is_tgas,False,True
2beta_2019,False,True
susefr,False,True
affiliate_marketing_triumph,False,True
_xbeatrice,False,True
lylianwakeboard,False,True
susi_exotic,False,True
emma_kainz,False,True
oaomarcel,False,True
mathihafner,False,True
jpeitler55,False,True
rosa_pacher,False,True
_chrisi_b,False,True
bodyphotoncube,False,True
_lm78_,False,True
black._berry,False,True
caroline_rachet,False,True
bin_net_dahaha,False,True
_schreinerlaura_,False,True
larachneider,False,True
josefloidolt,False,True
selina.stiegelbauer,False,True
emma_sgz,False,True
tatyana_mytrovska,False,True
carmelawhite,False,True
ninareinecker,False,True
lukas.palz,False,True
little_svea,False,True
plantsandbeauty22,False,True
cute_pandaxd,False,True
nataschamoerth,False,True
ina.time,False,True
someonecool268,False,True
martina815509,False,True
semihsagt,False,True
missrosywermut,False,True
grill6188,False,True
philipp.pxc,False,True
be_lla_g,False,True
martina_pugl,False,True
nordseeengel1979,False,True
sandrasteu,False,True
hallomeinlhf,False,True
behappycostarica,False,True
michaelapuhl,False,True
jassis.rezepte,False,True
tabeas.food.ideas,False,True
mel_935687,False,True
holding_graz,False,True
alina_rbw,False,True
test_esser,False,True
bianca_kunasek_haarstudio,False,True
offerbility,False,True
stonigram,False,True
heldengruen,False,True
foodqueenjulia,False,True
gingud,False,True
weinschmiedegamlitz,False,True
light.reflections,False,True
wpc_scheungraber,False,True
marita_haas,False,True
piccarsso,False,True
glasdesignkarinawendt,False,True
jackieelnahar,False,True
thedarlagency,False,True
real_happy_moments,False,True
ifz_graz,False,True
skillxchange,False,True
fotoundwort,False,True
travelgrand.de,False,True
katzbeck.fenster,False,True
guybehindtheletters,False,True
stadtgarten_steglitz,False,True
emma.doehler,False,True
kreuzfahrt.de,False,True
wandererde,False,True
sirinasrin,False,True
little_red_hiking_rucksack,False,True
lebediewildnis,False,True
celina_ilp,False,True
paulina14heller,False,True
schikoranicole,False,True
stellas_nature,False,True
braesh,False,True
karina.friluftsliv,False,True
simw_rs,False,True
yop_mona,False,True
theklasflowers,False,True
wanderlustallgaeu,False,True
shyju7896,False,True
_seelenfutter_,False,True
denisignatov_official,False,True
liborio_photography,False,True
auroxtech,False,True
helene_bellydance,False,True
ceedeux,False,True
prottheribert,False,True
felberschokolade,False,True
motsmeles,False,True
nfc_nina,False,True
langenachtderbewerbung,False,True
fabi_formuoli,False,True
averie.graz,False,True
kspositiv,False,True
cameliamackay,False,True
natuerlich_gemeinsamwachsen,False,True
stovesidesam,False,True
misscloudyjewelry,False,True
cenzo013,False,True
rackstars.de,False,True
shampoobars.de,False,True
pintalie,False,True
lisaannafuchs,False,True
constantin_led,False,True
lau.lau.sch,False,True
its_alekey,False,True
ameisebeimkaffeekraenzchen,False,True
kornwaage,False,True
aninka2889,False,True
geheimniskocherei,False,True
hawwah_eva,False,True
geschmackswerkstatt,False,True
die_bildermacherei,False,True
twoandahalfcoffees,False,True
africanfoodtour,False,True
peteroestevez,False,True
comingcleanpodcast,False,True
magdakern,False,True
dergeloschteaccount,False,True
nicoletta_r_1,False,True
katrinsebest,False,True
ginaherbslife,False,True
ams.sensors,False,True
addgreenofficial,False,True
kreativebude,False,True
cofi_loco_coffee,False,True
_chiaramina_,False,True
interspar,False,True
the.hartmanns,False,True
vulkanlandschwein,False,True
anna_vertraut,False,True
thearcadianway,False,True
anna_majcan,False,True
weckerll,False,True
jonesy2688,False,True
teresa.marie.w,False,True
hagemann_thomas_1989,False,True
antonia.k,False,True
juliax.hs,False,True
martina_petsche,False,True
natashysjka,False,True
oksana.svchk,False,True
timlord79,False,True
friedrichs_brausiges,False,True
privatefairp,False,True
vale__cejas,False,True
mission.geldverdienen,False,True
klimashopper.de,False,True
nadinekrenn,False,True
alexandraonken,False,True
dorei91,False,True
vroni.scheu,False,True
blumenpavillonburmester,False,True
vinylfactoryeyewear,False,True
lisaleeanna_,False,True
mywolfdesign,False,True
pauljspry,False,True
elnaz_sarraf,False,True
fattysorganicspirits,False,True
verzatiobusiness,False,True
stovells_chobham,False,True
herederogin,False,True
ben_.rhodes,False,True
theurbanflair,False,True
truelinked_artists,False,True
i_can_design_your_dreams,False,True
policendirekt,False,True
livingingredients,False,True
coquelicotvintage,False,True
schwesterherz_en,False,True
charlys_testwelt,False,True
nadinefriedrich_moderatorin,False,True
_treffler_,False,True
startuprungraz,False,True
tea.n.spiceria,False,True
0ldacc.6409,False,True
amrit_unkaputtbar,False,True
alepitosan,False,True
mandlmi,False,True
redberrywoman,False,True
theresa_mader,False,True
sandrina_fuchs_,False,True
janickaaak,False,True
miksen1,False,True
lissa.friisch,False,True
wellnesswerkstatt,False,True
sehenwutscher,False,True
redhabanero,False,True
alexandragorsche,False,True
spacelend_coworking,False,True
_patrick_mehsnarz_,False,True
lieblings_a_n_n_a,False,True
wearenovauk,False,True
meow_azuu,False,True
chantal_nhre,False,True
volando_por_el_espacio,False,True
mywaytoglory,False,True
mentaltraining_by_sandra,False,True
speisamlend,False,True
rossella_garro_1991,False,True
frauleinmoni,False,True
stephie.viviaan,False,True
dtssysteme,False,True
max_schmierdorfer,False,True
produktsofa,False,True
puzzleonly,False,True
windmills_puzzles_and_we,False,True
hygienefee.at,False,True
resamagich,False,True
stiefkind_fotografie,False,True
formwiese_,False,True
reingefuchst_gravur,False,True
jin_hendrick,False,True
michael_russ_,False,True
liisa.siie,False,True
dignisens,False,True
jennifee_r91,False,True
konrad_und_fink_graz_wien,False,True
theresastad,False,True
andrea3391,False,True
innouapp,False,True
chrisubidu,False,True
horbachova.anna,False,True
mrs.strobl_7,False,True
swissgirl274_backt,False,True
homemmultiplo,False,True
gschloesslmurtal,False,True
dariojakov.weddings,False,True
adam_hars,False,True
rene_gradwohl,False,True
manuelschmolzer,False,True
dieschlauebox,False,True
teawrks,False,True
omarhassan93ca,False,True
ch_kerschiii,False,True
lalenzis,False,True
_the_yvy_,False,True
xv_lenny_xv,False,True
vorstadtfarben.fotografie,False,True
bella_volen_art,False,True
missymisanthropy,False,True
openkitchen_growthdock,False,True
herzstueckwinkel_,False,True
dein_bre,False,True
c.o.ll.e,False,True
gretamariaz,False,True
priscilla.tautscher,False,True
tanjamnesia,False,True
leni.pauline,False,True
instax_l4rs,False,True
anastasiavolok,False,True
blldt_,False,True
carolina.hopen,False,True
s.a.m.m.y.2010,False,True
fellinshdesigns,False,True
tn.embroidery,False,True
noraistexting,False,True
kati_zeil,False,True
an.budyn,False,True
heidelbeeri.ch,False,True
lecarrouselhamburg,False,True
freilandeier_heidemann,False,True
angelika.winkler,False,True
lynxas_,False,True
violanina,False,True
_kseniyaart,False,True
evamaria.at,False,True
herwings_group,False,True
restaurantkupferdachl,False,True
meinbauernladen,False,True
socialmaverickofficial,False,True
lpantoja_fscience,False,True
viennagourmet,False,True
tob_lai,False,True
veggymeventure,False,True
segerwerk,False,True
jules.sirk,False,True
sbgmaus,False,True
biawai,False,True
maria.baumgrtl,False,True
sksowieso,False,True
maxsbestaustria,False,True
reinhardsenn,False,True
soeinfach_soschoen,False,True
alexandra_monika_hofer,False,True
cyros_66,False,True
chrissy.jamnik,False,True
belleviennatalie,False,True
lcs_luxury_car_service,False,True
simone_emmerling,False,True
mariaunterluggauer,False,True
abfuellbar,False,True
lillystolz,False,True
jagahuttn_top7,False,True
postcardsfromsarah,False,True
carmenkoraus,False,True
santy37000,False,True
alex.srmn,False,True
ti_na_tur,False,True
reder.laura,False,True
steffikothgasser,False,True
steuer_ela,False,True
_shinemedia_,False,True
tiertrainingdiamant,False,True
tom_stalzer,False,True
steffi_s13,False,True
lenastahl92,False,True
michi_42.195,False,True
bildcontent,False,True
streetii,False,True
wildwaxtuch,False,True
la_meli.lein,False,True
natha______,False,True
jonny.jhd,False,True
testandeat,False,True
daniel1moser,False,True
katrinbrunnhofer,False,True
bylouisg,False,True
thesoulfulme,False,True
rebecca.e99,False,True
s0phie.bacher,False,True
mia.soxphie,False,True
thalleranschi,False,True
lalas_weg,False,True
justus_hlz,False,True
erasmus.drone,False,True
justeasyliving15,False,True
gluecksverknallt,False,True
_jan_1111_m,False,True
poppy_be_happy,False,True
5komma5sinne,False,True
_huebl_,False,True
ku.ken.90,False,True
meine.lieblingsbucher,False,True
marion__ze,False,True
michael.gerster,False,True
victorialandgraf,False,True
a.flach_testwelt,False,True
cbdblog,False,True
wunderbare_anna,False,True
liamalibuu,False,True
michael.meyer.munich,False,True
goforalpha,False,True
photograzcom,False,True
lindsayheidi,False,True
miss.herzueberhamburg,False,True
projectnerve,False,True
florianorthphotography,False,True
marley_minh_plants,False,True
elke_sajovitz,False,True
lisetteskov,False,True
nilinagreen,False,True
purity_strohhalme,False,True
pinkponabiotampons,False,True
dersteira,False,True
the_liquid_blog_,False,True
premierspirits,False,True
gentlegin,False,True
theswissgintleman,False,True
moordestillerie,False,True
eccentrically_me,False,True
lobymay,False,True
the_mocktail_club,False,True
repmek8586,False,True
babybeau82,False,True
andrea.osswald,False,True
ninasflimmerkiste,False,True
philipp_kremser,False,True
ronjareusch,False,True
lockig2612,False,True
lebe_liebe_lache_1982,False,True
bofra110,False,True
glowtests,False,True
sim.sa.sum,False,True
jack.is.back.112,False,True
landgirl_sh,False,True
2vaurien,False,True
_.bella_vita_mia._,False,True
barbaraloertzer,False,True
i.ph__otos,False,True
dxrlxxn_,False,True
lenipunkt3,False,True
martin.schneider84,False,True
pandora__82,False,True
verenae1978,False,True
netti305,False,True
jahreszeiten__genuss,False,True
sinaheld,False,True
stadlhoferstefan,False,True
lanax_.64,False,True
bianca_lockenkopf,False,True
karglnicolas_,False,True
sarah_weeber,False,True
tammybackt,False,True
sarah__kays,False,True
hanneloreochs,False,True
sheilaxgorilla,False,True
daniparadox,False,True
isi.g1,False,True
maxihilpmann,False,True
zicketanja91,False,True
gosia.dama,False,True
stehlestefanie,False,True
toshi.the.tabby,False,True
christianelupprian,False,True
blume_1998,False,True
almgandi85,False,True
utaechl,False,True
lukadia.__,False,True
loebbiii,False,True
nadine.meins,False,True
schmuckperlchen,False,True
paulinelanapaulandme,False,True
lisainzko,False,True
ihrnameistraissa,False,True
moeffeline,False,True
liina_loves,False,True
ulrikebiene,False,True
basti_dama,False,True
anna_ifox,False,True
janinafichtner,False,True
ox.bande,False,True
laufliebe_stephie,False,True
lalelynn,False,True
alexanderbacher,False,True
glockenblume7,False,True
anotherhellena,False,True
extrem_org,False,True
mira_denise,False,True
juli.zehner,False,True
martina.hoelzl,False,True
trail.girl.pia,False,True
rubinrosa,False,True
saaraah.official,False,True
musikanelaria,False,True
housebracker,False,True
werner.haring.7,False,True
hejjo_,False,True
dianalabomba_nicolaimer,False,True
monis_wertvolles,False,True
chrissy.1855,False,True
batman_zettl,False,True
andrea_muellejans,False,True
spiritport.de,False,True
walking_talking_guiding,False,True
benedikt.haushofer.photography,False,True
andrea.eigel,False,True
leecoeurdrinks,False,True
wunschlos.gluecklich20,False,True
dogsofcourse,False,True
anjakarlbauer,False,True
zuckersuesse.sinne,False,True
verena__angerer,False,True
anmarac,False,True
ina.tendl,False,True
beti.is.happy,False,True
betty.jirka,False,True
sarah_sophie.3,False,True
dachfenstermusik,False,True
julia_sprung,False,True
imkereiobhof,False,True
tanjakoss_,False,True
rajatkumarbhartiya,False,True
skessa1994,False,True
my_.swan_,False,True
si.nalorenz,False,True
steirerhotdog_mobil,False,True
jesuschristina_,False,True
korentnina,False,True
dmeyerfotografie,False,True
villa7teules,False,True
don_lupulo,False,True
mampfis_life,False,True
tina.s_08,False,True
sepgmunden,False,True
bieronie,False,True
phil_vox,False,True
tesswanderer,False,True
vfg_setta,False,True
foodnewcomer,False,True
ricarda_daniela,False,True
bavarian_couture,False,True
atastyhike,False,True
_petritz,False,True
la.lausdeandl,False,True
helml.melanie,False,True
anita.lmr,False,True
_eila_happy_,False,True
_die_bergretter,False,True
amyenvoyage,False,True
schoenes.leben_schoene.welt,False,True
travelinder,False,True
j_mroczkowska,False,True
gpaynemedia,False,True
oncudanijel,False,True
flex32d,False,True
philipsofficial,False,True
moy_mrtinez,False,True
gruenella.life,False,True
jara._spt,False,True
awesome_michu,False,True
isaaaaa_,False,True
evergreenvagabonds,False,True
free_flo_w,False,True
joesteffl,False,True
janajud,False,True
sparta_elite_,False,True
clestil,False,True
ardianto5037,False,True
mutzenbacher_restaurant,False,True
beatrice.ebner,False,True
nicole.alexndra,False,True
co.r.inna,False,True
ralfmoedersheim,False,True
hoodeddreamers,False,True
80saerobicsworkout,False,True
a_tekautz,False,True
ulli.winkler,False,True
laisacilek,False,True
lovinglifeandbakery,False,True
twiggy_the.cat,False,True
christoph_kandler.sport.world,False,True
eugenmanwajler,False,True
mariinalugom,False,True
fruteg_tee,False,True
chris.lehm.und.holz,False,True
johannesvoeller,False,True
_alina_schladming,False,True
ronin_tayeb,False,True
sonnenhof.langenlonsheim,False,True
chamingteaberlin,False,True
susanne_gleich_ww,False,True
coach.amelie,False,True
cmschueller,False,True
maennertee,False,True
bembelliebe_frankfurt,False,True
unraveltec,False,True
lara_huml,False,True
benjaminpejkovic,False,True
torix.29,False,True
mc._.productions,False,True
lechleonie,False,True
ylvie.k,False,True
maxi.halper,False,True
verbluehmeinnicht,False,True
augenxblick,False,True
daysi.hey,False,True
sharedkitchen28,False,True
x_nicox,False,True
bitstudios_kg,False,True
spendehosen,False,True
monisskitchen,False,True
_pet_fei_,False,True
osmuzysuzy,False,True
nicolekrenz,False,True
silvi_pom,False,True
schema__b,False,True
eggldaniel,False,True
austrian_sheepfarmer,False,True
wild_photos90,False,True
katrinehren,False,True
einfachdenisee,False,True
anna.xd.491,False,True
steiner_vera,False,True
junovanderspek,False,True
turtn.nit.tutn,False,True
lateano.guayusa.tea,False,True
hejdesi,False,True
thedudeforfood,False,True
weloveginko,False,True
savior_facemasks,False,True
tiffychang,False,True
raffis_wonderland,False,True
olga_ghahreman,False,True
patty_meownaise,False,True
arnel092019_,False,True
hdvgdvh74564,False,True
ggerlinde,False,True
babinca78,False,True
traindlay,False,True
sun_tiago,False,True
_laura_wl,False,True
alexanderschuster,False,True
l.ganji1355,False,True
chrisssiiii_,False,True
sophielaber,False,True
julia.lnr,False,True
themenslife.de,False,True
optikgeisreiter,False,True
katharinaradauer,False,True
natalijaxz,False,True
coffee.and.beard,False,True
frauguess,False,True
rhabarberstreuseltorte,False,True
tobias_bcj,False,True
juliawue,False,True
mtina0102,False,True
horseboxco,False,True
korinnagoodliffe,False,True
happycalifornia,False,True
bavarian_dani,False,True
elfte.plage,False,True
foodswitzerland,False,True
philipp.schmitze,False,True
bambii_bambooproducts,False,True
liebherz.essenzen,False,True
mirkiev,False,True
bio_berries,False,True
herakles.pasta,False,True
rachaelracette,False,True
mariellaleitgeb,False,True
chrisis_core_,False,True
andrea_ginhart,False,True
issuschka,False,True
prismatgmbh,False,True
bewegungsdrang2020,False,True
pfk74,False,True
theveganharmony,False,True
flottandfesch,False,True
greenshare_official,False,True
gingerbun_foxie,False,True
fruithugger,False,True
beefreeplastikfrei,False,True
mikeithappen_austria,False,True
noam_hass,False,True
saa9i,False,True
ajs.food,False,True
sofuckindelicious,False,True
ola.the.foodie,False,True
hanseventures,False,True
kuchenshirts,False,True
project.ventecon,False,True
tomnology,False,True
hopserfunfood,False,True
diary.py,False,True
deeskueche,False,True
sabrina_berl,False,True
gia_giamas_germany,False,True
freedomrebels,False,True
gernekochen,False,True
hajosturm,False,True
paulewicz,False,True
holyislandgin,False,True
pintxos.nuernberg,False,True
teazzers,False,True
meinmate,False,True
vibhormehendiratta,False,True
soportas.do,False,True
buckley_kris,False,True
doblerstudio,False,True
pierre_bs,False,True
amirstories,False,True
crowdiscover,False,True
vagner_veronika,False,True
slacklightblog,False,True
linergistin,False,True
jumpliao,False,True
trashymuse_shop,False,True
franck_juery,False,True
frupinter,False,True
puertomate_de,False,True
_woerschi,False,True
markadoescano,False,True
jana_hln,False,True
nettefriesen,False,True
moniaheikkinen,False,True
thedoerz,False,True
erlebnispark_geiersthal,False,True
203designsllc,False,True
tripp.nl,False,True
thornebrandinganddesign,False,True
dobsi_18,False,True
_ka_thi,False,True
_vorce_,False,True
thinknoo_official,False,True
kole.sik,False,True
katia_i,False,True
saffwahijab.id,False,True
leisa.tee,False,True
anifasports,False,True
studiohungry,False,True
mashsha,False,True
danielemadonia_,False,True
designcantine,False,True
thewolf0ftravel,False,True
aidanjames.agency,False,True
crowdfunding4you.se,False,True
getto700,False,True
we_love_cocktails,False,True
catherine_stolarski_design,False,True
sephuoishii,False,True
liorozen,False,True
wh4.de,False,True
hefelbedandsleep,False,True
nick_benndorf,False,True
_davidtanner,False,True
madball.ch,False,True
sefrafarben,False,True
weingutleohillinger,False,True
kmr.david,False,True
_chs_7,False,True
carmenx.x.x,False,True
jspari5,False,True
aventuramona,False,True
kaddys_,False,True
theresaobermayer,False,True
carina.freude,False,True
tanjaaaha,False,True
butterflyballoonswien,False,True
robertaaparecidabrigida,False,True
soso_grill,False,True
_annababel,False,True
_resa_ro,False,True
aboutappreciation,False,True
augenweide.graz,False,True
paulando1,False,True
bernadettehoefler,False,True
melanie_gailberger,False,True
davidthezou,False,True
fuchsfabrik,False,True
irene_strauss,False,True
zinkfabian,False,True
oliviasaurusrex,False,True
annaausbavaria,False,True
agentur_strattonad,False,True
_great_world,False,True
lukasgleichweit,False,True
kathipucher,False,True
paulina.sophia,False,True
_julialeiner_,False,True
schwarz_worklife,False,True
anabichl_lampichl,False,True
i.bin.da.andi,False,True
rafael_auferbauer525,False,True
danielasinnreich,False,True
karolinameaski,False,True
helmut.gartner,False,True
nininiggo,False,True
phn8.4,False,True
sophiecgarz,False,True
_becky_5,False,True
credemic.official,False,True
style_and_scalpels,False,True
matchachin,False,True
frauultrafrisch,False,True
mattlu85,False,True
mariemeinname,False,True
drink.selo,False,True
haselherz_official,False,True
beeskin.wraps,False,True
aerobee_energy,False,True
yammbits,False,True
yumbau_dimsum,False,True
jackcoleman.agentur,False,True
sheratonfrankfurtairport,False,True
ma_tea_drink,False,True
faivelmunich,False,True
ogerl,False,True
sylvretter,False,True
kathi.suchodolska,False,True
andreasteinkellner,False,True
anja_ecker,False,True
kinky.abartig,False,True
planchoschips,False,True
paulinka.lifestyle,False,True
reisepsycho,False,True
ginniffler,False,True
guestroom.graz,False,True
polzwalter,False,True
hansisgin,False,True
iomarmi.blog,False,True
makava_delighted_ice_tea,False,True
foodievienna,False,True
sieliebtshindy,False,True
_kathi0630_,False,True
emi_schweighofer,False,True
renesorigin,False,True
sportreferat,False,True
hexenkunst_,False,True
kraeuterwanderungengraz,False,True
seb_hova,False,True
giovanni.stracquadaneo,False,True
powercode.co.uk,False,True
blakechella,False,True
afrodeutschadvertising,False,True
goneon.lu,False,True
timlholman,False,True
smartricity,False,True
maryflora_decorflowers,False,True
chrisu2019,False,True
leveluptainment,False,True
freelancewebdesignhongkong,False,True
abs.reisebuero,False,True
ajemedia,False,True
shareoriginalshop,False,True
whatchado,False,True
dare2belegendary,False,True
ungeheuerteuer,False,True
autumn_mum_m,False,True
gertrudefee,False,True
imkereiragnaroek,False,True
lilli_gatter,False,True
gerlindeberghold,False,True
berlinerlieblingsladen,False,True
yucelyelci,False,True
halblea,False,True
martinmader86,False,True
jenella.foodlove,False,True
bellizadesires_isabelle,False,True
cafeeisheisel,False,True
martin_assyria,False,True
jannick_hamburg,False,True
martin_mitteregger,False,True
javislifestyle,False,True
ju_lezzzz,False,True
romaindesbois_laboh,False,True
kathi.s_,False,True
franklinalvarado905,False,True
sask.i.a86,False,True
wetterauerfruechtchen,False,True
mosquera6576,False,True
knusperhalm,False,True
banplex3,False,True
daniela_kohl_1806,False,True
cocosatelierstudio,False,True
rubenspbf,False,True
theaterregisseur,False,True
jana.m.schmitz,False,True
mssc49,False,True
tamina_schuster,False,True
kathrini0802,False,True
veganistl_,False,True
octo.beary,False,True
linchen_987,False,True
michelle.greiner.lr,False,True
jaschaue,False,True
_sofiemariek_,False,True
selfmadesloth,False,True
anni_shmdt,False,True
_johannaaaw,False,True
autumnandamberknits,False,True
jennyzir,False,True
bk_hairstyle,False,True
healthy.please,False,True
simoneglor,False,True
kellydudley186,False,True
_anna.tscherne_,False,True
bbboeck,False,True
puya.ghasemi,False,True
barkoviz,False,True
theahelena,False,True
berendsohnag_official,False,True
shades_ofmt,False,True
noellehilty,False,True
saskiastieler,False,True
die_therapiekammer,False,True
sigii_we,False,True
mmagicmag,False,True
rebell.im.blauen.haus,False,True
hoffelnerfitness,False,True
freya.kf,False,True
saftgarten_salzkammergut,False,True
_mari.a_21,False,True
janescuppatea,False,True
_angilie_,False,True
aryablac.k,False,True
bussicat1972,False,True
svetlana18_s,False,True
fabelhafte.fabi,False,True
vrenali.kocht,False,True
drlipnik,False,True
under.fox,False,True
home_and_beauty_accessoires,False,True
christian_kuegele,False,True
revolutionfitnessgraz,False,True
milableibtfit,False,True
hannes_jnk,False,True
finanzplanet,False,True
nachhaltigerwohnen,False,True
michaelnoetzelmann,False,True
pharmacia.verde,False,True
cohrconsulting,False,True
huber.architekt.gestalter,False,True
hhroriginals,False,True
anthonyhaidl,False,True
alexsorinamoss,False,True
brebasidentity,False,True
m_a_n_u_b_d_k_t,False,True
elasmarketingservices,False,True
biancii___,False,True
bueroservice_jennifer_taucher,False,True
ledeas.10,False,True
ellena_daniela_,False,True
mohrklauspeter,False,True
szaba_miki,False,True
jd_0908,False,True
elgatocolocado,False,True
mick_ey_32,False,True
aharon_tomer,False,True
muhd.shafiq112,False,True
figurwerk.at,False,True
ewald.zweidick,False,True
assalledesigns,False,True
neverything,False,True
yurise_life,False,True
holmanlegal,False,True
wunschkeks,False,True
kaora.ffm,False,True
mugul.de,False,True
restaurant_brunnauer,False,True
the_untaylored,False,True
elliotrchapman,False,True
van.anas,False,True
barocka_official,False,True
ryan_sousa_12,False,True
janelledevries0315,False,True
sophiepaulewicz,False,True
kastingers,False,True
panaceodetox,False,True
federgedanken,False,True
organicherbalremedies,False,True
sushiyama,False,True
magurofactory,False,True
aub.crinn,False,True
rebeccajoyburton,False,True
xtumblrboy_1607,False,True
kateprendie,False,True
perfektzero,False,True
lukas.schneider.tattoo,False,True
architectyasemin,False,True
laurie.photography_,False,True
underdogsgraz,False,True
michi.beck.9484,False,True
gnd.weddings,False,True
kf_memes_,False,True
simon_angelucci,False,True
tess_is_gettingthere,False,True
beeamo.de,False,True
aidincarolinamedina,False,True
gruen_ist_das_neue_schwarz,False,True
successcartell,False,True
caranoc,False,True
eloop.carsharing,False,True
bimosogmbh,False,True
verenahalbedl_,False,True
_einfach.xenia_,False,True
realtalkaustria,False,True
katjagreiner,False,True
lisatorschitz,False,True
sarah3874,False,True
wicht_design,False,True
_lisa_puntigam_,False,True
balix11,False,True
elenawibmer,False,True
lisa_hoertl,False,True
ulli.steiner,False,True
danieljschwarz,False,True
diara_2909,False,True
lostnumber22,False,True
julian_friedl,False,True
erfolgsjager,False,True
elisapromitzer,False,True
corinches,False,True
manuela_bella_maier,False,True
sarih_et,False,True
haley_m_t,False,True
vermoegens.bildung,False,True
christinaniederl,False,True
jeannette.lisk,False,True
verena_kriegler,False,True
kate.tropper,False,True
xhanninannix,False,True
lisal_g_,False,True
alcopolfree,False,True
verena.kribernegg,False,True
laurahoellbacher,False,True
benediktdilena,False,True
elias_dillinger,False,True
hannahgartner,False,True
katharina.xmu,False,True
romana.kerngast,False,True
smyn.tokyo,False,True
inventacious,False,True
startupgrowthspecialist,False,True
limitlesslightsandsound,False,True
toyenstartupvillage,False,True
himmelhund83,False,True
gamerdurden,False,True
ovidiu.sustic,False,True
anoopsanthakumar,False,True
deskopolitan,False,True
doublejumpat,False,True
dragana_avokadovic,False,True
kaytran_12345,False,True
geraldgaksch,False,True
magdifi,False,True
offerwoman,False,True
_christina_angela_,False,True
juliaprockschauer,False,True
inkedbambina,False,True
exploreyourfavouritetaste,False,True
david.mittm,False,True
icouldntbevegan,False,True
jonas_kropf,False,True
juliascheiber_,False,True
meister.dominik26,False,True
myherbs.at,False,True
_birgitbon_,False,True
ralflendi_official,False,True
moa_retreats,False,True
theboxgraz,False,True
deinshirt.at,False,True
sausskid,False,True
trommeltommy,False,True
itscrystalrenae,False,True
diego.rjk,False,True
deine.gesundheits.mentorin,False,True
makeup_fromusa,False,True
scootertech_,False,True
gb_cest_moi,False,True
rauwerseurope,False,True
haiderer_christoph,False,True
magd.a.lena,False,True
_stubsi_10,False,True
pebbleshaekelmuetzen,False,True
hamburger_superdad,False,True
mountain_madly,False,True
asanderphotography,False,True
jochen3011,False,True
andreakoller85,False,True
trixx787,False,True
atomic_kitty_kettal,False,True
derarmin82,False,True
antkowiak_gmbh,False,True
annaxzechner,False,True
mazgold_premium_coffee,False,True
anna_wimmreuter,False,True
gastrodrinks,False,True
object_thief,False,True
frauleman,False,True
beatrizfarias537,False,True
_shally_,False,True
juliexjolene,False,True
traumfaenger.baby,False,True
annachrika,False,True
aiola_graz,False,True
steekjelos.alexandra,False,True
bettinagigacher,False,True
mxltid5,False,True
chrispriner,False,True
elena_px_,False,True
ankxm,False,True
georgia_sfiris,False,True
tajchy_photography,False,True
marabondy,False,True
_.yahe._,False,True
domii_3210,False,True
fabelhafte_welt_von_sophie,False,True
einfach.rese,False,True
annajelinek_,False,True
lentschi_9,False,True
jana.hartlieb,False,True
landwirtstochter_,False,True
karllangsp,False,True
faireillusions,False,True
_moritzer_,False,True
denttabs,False,True
ochaochatee,False,True
toxic_light_photography,False,True
b.pictures_photography,False,True
justjools_96,False,True
christinakemperle,False,True
antoniaegger,False,True
bea_014,False,True
daniela_pirker,False,True
irene_ott14,False,True
shantischo,False,True
cevins_bbq_von_der_nordsee,False,True
grace_c_gatlin,False,True
hanna.fux,False,True
nullzusatz,False,True
delfina_zebrahand,False,True
_s.andra__,False,True
puregnuss,False,True
hakuna98matata,False,True
holzweber_sandra,False,True
alexandra_w007,False,True
mary_grazia9,False,True
sabinehabisch,False,True
schmidpaul0310,False,True
eco.friendlyjourney,False,True
mariasummerpole,False,True
saltthesea,False,True
mikischnitten,False,True
_buchale_,False,True
katheycaterpillar,False,True
ayu.thelabel,False,True
myregio24,False,True
whythirtynine,False,True
lisi_weber,False,True
l_untermoser,False,True
kaffeeamstrand,False,True
felii1406,False,True
estheraddison,False,True
ve.ena._,False,True
magisterwultsch,False,True
laurarory_,False,True
juliaschwinger,False,True
orwhatever,False,True
mrtnaue,False,True
julypick,False,True
lenatschinder,False,True
chrissi_stll,False,True
aaarabrab,False,True
melanierappold,False,True
nicii_x_s_,False,True
li.samaier,False,True
bambuspanda_co2neutral,False,True
laura.auer,False,True
anja_koschier,False,True
christophkovacic,False,True
elinareppnig,False,True
antonifair,False,True
pat.kerstin,False,True
forkboy.tv,False,True
julia_bergs11,False,True
high_level_fitness_army,False,True
instaandnature,False,True
philipp_s_14_,False,True
m.elaniest,False,True
french.dachs,False,True
146julia,False,True
pirker.sabrina,False,True
vnnv_qu,False,True
christina_maria_,False,True
franzi.bayr,False,True
_chrissixva,False,True
avec_passion,False,True
kindlermary,False,True
me_and_my_little_love,False,True
_adri0306_,False,True
adcalico,False,True
meertazz,False,True
blattwerk.statt,False,True
nadinekogler1,False,True
31simone31,False,True
alina.lrb,False,True
lararellecke,False,True
kunterbuntberlin2.0,False,True
anna_oberlerchner,False,True
jmphotographygraz,False,True
glamourandfood,False,True
schlossberg_friseur_salon_,False,True
joana.koehler,False,True
xfraeuleinwunderlichx,False,True
mr.wolf02,False,True
sandrasmole,False,True
spengler_ag,False,True
speechless.drawing,False,True
antoeneli,False,True
a_ebner,False,True
vanessaladinik,False,True
conny_ortner,False,True
piaxtzl,False,True
bekoeconstance,False,True
soffie.soll,False,True
kramalama,False,True
at.vickys,False,True
laura.gamper,False,True
ryprexa,False,True
daniels_worldtour,False,True
pollner_cigars.spirits,False,True
xlena_theresa,False,True
eli.koessler,False,True
lilli_zaubert,False,True
pumpqin.co,False,True
daniela.pisak,False,True
sab.nature,False,True
democraticwines,False,True
sammellust,False,True
aula_x_space_kapfenberg,False,True
derigo.at,False,True
darwins_erben,False,True
juliahug,False,True
drassnardelikatessen,False,True
simiaroundtheworld,False,True
lacucina_peggau,False,True
agrarservice_brandner,False,True
homedyed.co,False,True
prokatja,False,True
julia01p,False,True
paulweiss18,False,True
bella.isa.leli,False,True
awildemotion,False,True
winston.goodboi,False,True
sommkon,False,True
_bibi_br,False,True
fabian.goodlife,False,True
arabaci.anil_,False,True
andra_gussonda,False,True
jessica.zoerner,False,True
tim.f1edler,False,True
olivchen1994,False,True
_vs_concept_,False,True
evadumpi,False,True
genusswien,False,True
katzimglueck.at,False,True
_fabiennesteiner,False,True
milena100____,False,True
klammerth,False,True
mexxonomy,False,True
ich.kauf.lokal,False,True
vedicyogaacademy,False,True
hippo_and_potamus,False,True
stefaniehoffmann.l,False,True
helena.hopes,False,True
chris.pigeon,False,True
stefan.sukic,False,True
jan_perne,False,True
alexanderridiculous_art,False,True
david1kroell,False,True
darlingdonut_,False,True
kernjuergi,False,True
roniprett,False,True
chrisander__,False,True
briners__,False,True
sa._kr,False,True
mehofer.neudeggerhof,False,True
saendl,False,True
motive_offiziell,False,True
madeleineraeth,False,True
next_incubator,False,True
sterndlspritza,False,True
eelena__marie,False,True
scarlettsheimat,False,True
brixi_1,False,True
freiheitdurcheinkommen,False,True
khskeinehalbensachen,False,True
anitsi202,False,True
markus.ili,False,True
happy_tina_1,False,True
dirtyvegazine,False,True
vegan_hannahs_diary,False,True
mademoiselle.outdoorlife,False,True
an.ja.mar.ia,False,True
lieblings.zuhause22,False,True
halmig.de,False,True
c.lovesaustria,False,True
augenblick.leben,False,True
lameskla,False,True
birgit_prott,False,True
nobody.is.here.123,False,True
laguiadelwhisky,False,True
aboutverena,False,True
theofficial_hubertus,False,True
kpower94,False,True
startnext,False,True
chris_zip,False,True
claudiawiederhofer,False,True
sira.am,False,True
florentinacep_,False,True
asiatische_kueche_mal_anders,False,True
fauland.julian,False,True
sinan_ozkurt55,False,True
greyart.pencil,False,True
cafelabkhand99,False,True
roestatlas,False,True
magda.standhartinger,False,True
in.go_in_action,False,True
babicka56_austria,False,True
halla_el1711,False,True
lina.supancic,False,True
martina_621,False,True
plausi,False,True
wendylicious_hannover,False,True
melis_tgn,False,True
luisa_stbln,False,True
fener1291960,False,True
nordseeurlaubaufamrum,False,True
jhonnybravobravo,False,True
g_v_my,False,True
juivitton,False,True
aurora.nussbaumer,False,True
marlenschgi,False,True
christophkurej,False,True
nici.s_welt,False,True
kristinaxtx,False,True
jenny.rubus,False,True
zasterundmoneten,False,True
sofi.toast,False,True
clarissahirse,False,True
lifeof_sunny,False,True
martina.kienleitner,False,True
anna_rpr,False,True
flomitti,False,True
mkncarina,False,True
coocakes_,False,True
myroaster,False,True
sultany.eu,False,True
steira_bua,False,True
vivienhaeckel,False,True
michi.hupf,False,True
aboutliahlin,False,True
vani_we,False,True
wal_heinrich,False,True
kristinfetz,False,True
psychologiefuchs,False,True
lukas_scheer,False,True
marlenskii,False,True
annvscoffee,False,True
jana.ajorgbor,False,True
malua_kopiluwak,False,True
katha.rina.huber,False,True
einfachlisa,False,True
astri_amel,False,True
_gutschi,False,True
evamariaschlick,False,True
salinas_exclusive_resort_host,False,True
andrucha._,False,True
lini35,False,True
lil.cousine,False,True
macktelaner,False,True
pure.cooking,False,True
paola.ziegler,False,True
_gastrozaragoza,False,True
pat_r_ick_,False,True
jeka_kerzen_austria,False,True
omarriachi,False,True
meerbar.duesseldorf,False,True
der_basti_an,False,True
fitnessmachtfun,False,True
spaccanapolibcn,False,True
rocca_duesseldorf,False,True
reichl.harald,False,True
michelangelo_spizzicoteca,False,True
fino_graz,False,True
bianca_lauterbach,False,True
stephmkry,False,True
krenn_andrea,False,True
thomas.schranz,False,True
vicky_puchmann,False,True
mgrassler,False,True
tcf.armenia,False,True
reda_reda_za,False,True
bernie.gif,False,True
globalarchitech,False,True
leanderwattigmedien,False,True
supsportclub,False,True
donny.fund,False,True
delikatessennussbaumer,False,True
wojtekbalsewicz,False,True
kulinarnyfreestyle,False,True
bensbier,False,True
kreinerroman,False,True
cleanbeautyconcept,False,True
nici_food_diy_photography,False,True
cosmedic.point,False,True
saravnvc,False,True
investmentguide.austria,False,True
drinkman_,False,True
risingrooms,False,True
resihirsch_,False,True
e.lena__in,False,True
latelierdisabel,False,True
lacknermarryann,False,True
dreizehn_by_gauster,False,True
sorgerbrot,False,True
bar_ambrosia,False,True
zitadellen.sport.graz,False,True
weiblich.genial.erfuellt,False,True
photographybystreet,False,True
zappa.music.bar,False,True
desireefelner,False,True
tomlohner,False,True
lady_lebkuchen,False,True
hofer_michelle,False,True
susanne_maureraldrian,False,True
hel9aenzi,False,True
benedikt.haushofer,False,True
raphaelaxmaria,False,True
elaa.elala,False,True
fifteenseconds.co,False,True
elmatedeleon,False,True
athenaroither,False,True
takimundo.ch,False,True
itzzme.michi,False,True
coffee_junkie_vienna,False,True
jungmin_barista,False,True
marie.vonmuto,False,True
rumacoffee,False,True
alberto_pico_,False,True
jaason.funderburker,False,True
belle._.melle,False,True
vienna.sky,False,True
goodbean.collective,False,True
feinebohne.de,False,True
iterublog,False,True
howtonachhaltig,False,True
freundderberge02,False,True
infenitycase,False,True
_sternfrucht_,False,True
lauras.planthanger,False,True
enorm_magazin,False,True
thatveganflightattendant,False,True
incapitalletters.de,False,True
genuss_ab_hof,False,True
lifestyle80.influencer,False,True
twobalconies,False,True
chiemseeschirme,False,True
wethecoolstudio,False,True
marketingoutsourced,False,True
obstbuddy,False,True
pinksterginaustralia,False,True
davidpillinger,False,True
cocktailpete,False,True
served_neat,False,True
gin_zeeland,False,True
singingtrader,False,True
its_entrepreneur,False,True
ayo_jimi,False,True
baressp,False,True
call_me__an__naidu__,False,True
lucamicheli,False,True
ginfektion,False,True
villadaerick,False,True
chemonxy,False,True
drinkfriday,False,True
lily_samoyed,False,True
oceanicagin,False,True
_nicholaspinto,False,True
herzblutmovement,False,True
generous.gin,False,True
tinkavaltl,False,True
thoughtspace.co,False,True
shao.dan.ru,False,True
iamempowering,False,True
wagner.katharina,False,True
benschi_lacki,False,True
canallaurbanfood,False,True
ksvathletics,False,True
jungewirtschaftsteiermark,False,True
thegoodtimevegan,False,True
seelenbandsoulshapes,False,True
maren.smdt,False,True
miss_rutas,False,True
ellianna_98,False,True
con_li137,False,True
nnin.stagram,False,True
gesunder.kern,False,True
14er_oele,False,True
tecnolaura,False,True
jay_blackintime,False,True
kuechenblick,False,True
stevexkeef,False,True
michi_ganser,False,True
sweetomio,False,True
euro.tree,False,True
pradalandtacos,False,True
norbertiberto,False,True
brianofit,False,True
wolfgangthomann,False,True
jenny_0x00,False,True
_txppi_,False,True
selina.memic,False,True
jojo_fashion_beauty,False,True
wientrinkt,False,True
anikariesner,False,True
leawasserfaller,False,True
clockworkjellyfish,False,True
happy_one_0000,False,True
_eva_ko,False,True
susannegrimm2,False,True
maria.lxe,False,True
gustl_goldador,False,True
_anni_90__,False,True
tschaesminda,False,True
lena032003,False,True
simonesahn,False,True
mimfluencer_,False,True
robschw,False,True
vami.testen,False,True
manaateresa,False,True
happyleisa,False,True
hannahscheiber,False,True
biancadddd10,False,True
laraaweber,False,True
jessideluxe_,False,True
alltagsprinzessin,False,True
annekathrinwald,False,True
annachiarahaas,False,True
se_linski_,False,True
anna28three,False,True
re_lutti22,False,True
kicomai,False,True
sch.ultzy,False,True
steepedapp,False,True
schreibtmandasso,False,True
danilos_91,False,True
linda_mittendrein,False,True
tilly_chilly,False,True
lucky_prince987,False,True
sandra_laffer,False,True
___puffs___,False,True
