username,url
7CallmeGrndma,https://twitter.com/7CallmeGrndma
Crazy1227882792,https://twitter.com/Crazy1227882792
Wisamzakie,https://twitter.com/Wisamzakie
CherylStefanav2,https://twitter.com/CherylStefanav2
dian_dethe,https://twitter.com/dian_dethe
agyare_jephtha,https://twitter.com/agyare_jephtha
Nina90663444,https://twitter.com/Nina90663444
ChikiluisOvando,https://twitter.com/ChikiluisOvando
CharlesWBondJr1,https://twitter.com/CharlesWBondJr1
ThisWasABread,https://twitter.com/ThisWasABread
Anthony08367350,https://twitter.com/Anthony08367350
Mohamed06268573,https://twitter.com/Mohamed06268573
EmmanuelAwuley7,https://twitter.com/EmmanuelAwuley7
TheNilsay,https://twitter.com/TheNilsay
yellowbraces,https://twitter.com/yellowbraces
m6ar9v,https://twitter.com/m6ar9v
bhc7_,https://twitter.com/bhc7_
The_Matrix_404,https://twitter.com/The_Matrix_404
sotogiraud,https://twitter.com/sotogiraud
rashedpags,https://twitter.com/rashedpags
KaraboSegopo,https://twitter.com/KaraboSegopo
JaberHelmi,https://twitter.com/JaberHelmi
LmdLiam,https://twitter.com/LmdLiam
zhao89216630,https://twitter.com/zhao89216630
hscudder475,https://twitter.com/hscudder475
joinx13,https://twitter.com/joinx13
Thecryptoknigh5,https://twitter.com/Thecryptoknigh5
izeiks_,https://twitter.com/izeiks_
EternalWithGod,https://twitter.com/EternalWithGod
JoyceSaliba3,https://twitter.com/JoyceSaliba3
zhangshenchina,https://twitter.com/zhangshenchina
glibby261,https://twitter.com/glibby261
maceypotter2,https://twitter.com/maceypotter2
_Miss_Aba_,https://twitter.com/_Miss_Aba_
lwtwbu,https://twitter.com/lwtwbu
gilmarsouza741,https://twitter.com/gilmarsouza741
Jennife38953108,https://twitter.com/Jennife38953108
SandraVivine,https://twitter.com/SandraVivine
Vandana93575921,https://twitter.com/Vandana93575921
PortfolioSSF,https://twitter.com/PortfolioSSF
Isamelaninbabe,https://twitter.com/Isamelaninbabe
hellbats30,https://twitter.com/hellbats30
JayMavis4,https://twitter.com/JayMavis4
sarah98028369,https://twitter.com/sarah98028369
Ayana39753327,https://twitter.com/Ayana39753327
BudsABB,https://twitter.com/BudsABB
Brian18617427,https://twitter.com/Brian18617427
izan0605,https://twitter.com/izan0605
its_seemaa,https://twitter.com/its_seemaa
osiristuxro,https://twitter.com/osiristuxro
santhru67839867,https://twitter.com/santhru67839867
im_neobanda_,https://twitter.com/im_neobanda_
kingkeith27_,https://twitter.com/kingkeith27_
wax_lips,https://twitter.com/wax_lips
subtoskeppy1,https://twitter.com/subtoskeppy1
ChrisGlyne,https://twitter.com/ChrisGlyne
RAMANKOUSHAL5,https://twitter.com/RAMANKOUSHAL5
ojle3a,https://twitter.com/ojle3a
Amandaconda00,https://twitter.com/Amandaconda00
haankerr_,https://twitter.com/haankerr_
apphorny,https://twitter.com/apphorny
richiommy,https://twitter.com/richiommy
LinCepeda1,https://twitter.com/LinCepeda1
Drumiskl,https://twitter.com/Drumiskl
g2r7_,https://twitter.com/g2r7_
FabellaKristian,https://twitter.com/FabellaKristian
trpusaorg,https://twitter.com/trpusaorg
blackterry123,https://twitter.com/blackterry123
HASSANHUSSAINM7,https://twitter.com/HASSANHUSSAINM7
artcryptominer,https://twitter.com/artcryptominer
999_ghostWRLD,https://twitter.com/999_ghostWRLD
sidneydink,https://twitter.com/sidneydink
RipperFN,https://twitter.com/RipperFN
olicpfcgurks,https://twitter.com/olicpfcgurks
Jeffers87006963,https://twitter.com/Jeffers87006963
JooVict89114621,https://twitter.com/JooVict89114621
David48799253,https://twitter.com/David48799253
MylanLassagne,https://twitter.com/MylanLassagne
Alderwell14,https://twitter.com/Alderwell14
LAWATIZZ,https://twitter.com/LAWATIZZ
taylor_micca,https://twitter.com/taylor_micca
JoeJoe90889835,https://twitter.com/JoeJoe90889835
washingtongfong,https://twitter.com/washingtongfong
dingiling84,https://twitter.com/dingiling84
NIF1306,https://twitter.com/NIF1306
Dubem_Junior,https://twitter.com/Dubem_Junior
cvenits,https://twitter.com/cvenits
SadeKin33320883,https://twitter.com/SadeKin33320883
LouiseHannon7,https://twitter.com/LouiseHannon7
crose_sue,https://twitter.com/crose_sue
chefbake14,https://twitter.com/chefbake14
Nash96C,https://twitter.com/Nash96C
gman9027,https://twitter.com/gman9027
BonnieFlorenti8,https://twitter.com/BonnieFlorenti8
Mo_Solo78,https://twitter.com/Mo_Solo78
CrocDaddy5,https://twitter.com/CrocDaddy5
gold_killer13k,https://twitter.com/gold_killer13k
candiscarmello1,https://twitter.com/candiscarmello1
JanetWr21557072,https://twitter.com/JanetWr21557072
RajaFarooqAhme7,https://twitter.com/RajaFarooqAhme7
johncarrion515,https://twitter.com/johncarrion515
LFC9111,https://twitter.com/LFC9111
wifyn2,https://twitter.com/wifyn2
kscutiepie,https://twitter.com/kscutiepie
rpatlf00,https://twitter.com/rpatlf00
MarquisLJones1,https://twitter.com/MarquisLJones1
ops_zone,https://twitter.com/ops_zone
Braxton89649650,https://twitter.com/Braxton89649650
JoAnna46965078,https://twitter.com/JoAnna46965078
ValeryYatskevic,https://twitter.com/ValeryYatskevic
ellolovely31,https://twitter.com/ellolovely31
ModestoDelaros4,https://twitter.com/ModestoDelaros4
Navy475,https://twitter.com/Navy475
CrystalSchille5,https://twitter.com/CrystalSchille5
Aunggyi28725542,https://twitter.com/Aunggyi28725542
beezie_wacks,https://twitter.com/beezie_wacks
isbasarir,https://twitter.com/isbasarir
ID_KY_Music_OV5,https://twitter.com/ID_KY_Music_OV5
ayellowline,https://twitter.com/ayellowline
1MWk7NNZ1MZiGMY,https://twitter.com/1MWk7NNZ1MZiGMY
MamaMeelah,https://twitter.com/MamaMeelah
SteelCityBadBoy,https://twitter.com/SteelCityBadBoy
dianne_porre,https://twitter.com/dianne_porre
EvileTorch,https://twitter.com/EvileTorch
emiratescoop,https://twitter.com/emiratescoop
thomadplasterj2,https://twitter.com/thomadplasterj2
JoeHoll67009102,https://twitter.com/JoeHoll67009102
kmmson,https://twitter.com/kmmson
RachelBales14,https://twitter.com/RachelBales14
PamWils29624466,https://twitter.com/PamWils29624466
DadaAyomideMar1,https://twitter.com/DadaAyomideMar1
vevecollector,https://twitter.com/vevecollector
rory_john14,https://twitter.com/rory_john14
AhmedsFamilyKIT,https://twitter.com/AhmedsFamilyKIT
monko607,https://twitter.com/monko607
Jennife24287108,https://twitter.com/Jennife24287108
roostercrown,https://twitter.com/roostercrown
DreadedUpOtaku,https://twitter.com/DreadedUpOtaku
BouncyBabyWorld,https://twitter.com/BouncyBabyWorld
Hamzabenymina,https://twitter.com/Hamzabenymina
Goatpoburner,https://twitter.com/Goatpoburner
ipimarket,https://twitter.com/ipimarket
DfsSpence,https://twitter.com/DfsSpence
TjohnsonRHHS,https://twitter.com/TjohnsonRHHS
ReaReynolds12,https://twitter.com/ReaReynolds12
Azeemyasinazeem,https://twitter.com/Azeemyasinazeem
mertkoseO,https://twitter.com/mertkoseO
Gold_Jay114,https://twitter.com/Gold_Jay114
udaku_challa,https://twitter.com/udaku_challa
HoltIherdcats,https://twitter.com/HoltIherdcats
CherylKelleyRo1,https://twitter.com/CherylKelleyRo1
AbbaniIbrahim,https://twitter.com/AbbaniIbrahim
Diggerdedoo1,https://twitter.com/Diggerdedoo1
Matthew27521531,https://twitter.com/Matthew27521531
noah14943684,https://twitter.com/noah14943684
GuyTracyl,https://twitter.com/GuyTracyl
SHAUNTE_409,https://twitter.com/SHAUNTE_409
Dino_Tyner,https://twitter.com/Dino_Tyner
NaderAffara,https://twitter.com/NaderAffara
bazoogakitty,https://twitter.com/bazoogakitty
daria02gervi,https://twitter.com/daria02gervi
NoyabaThobeka,https://twitter.com/NoyabaThobeka
HD_CFC,https://twitter.com/HD_CFC
BuckyStarrs,https://twitter.com/BuckyStarrs
ElishaDivina,https://twitter.com/ElishaDivina
a_benekka,https://twitter.com/a_benekka
Talibhu58648296,https://twitter.com/Talibhu58648296
Muhamma00326728,https://twitter.com/Muhamma00326728
MarcusJ09299781,https://twitter.com/MarcusJ09299781
Kellythabad1,https://twitter.com/Kellythabad1
NondumisoNgwe19,https://twitter.com/NondumisoNgwe19
yiy11__,https://twitter.com/yiy11__
AkashSr92279683,https://twitter.com/AkashSr92279683
francis86843887,https://twitter.com/francis86843887
_Shriya_00,https://twitter.com/_Shriya_00
KropmanManuel,https://twitter.com/KropmanManuel
Antbb124,https://twitter.com/Antbb124
WrizuB,https://twitter.com/WrizuB
LexiFinnigan,https://twitter.com/LexiFinnigan
EtemYZGLL1,https://twitter.com/EtemYZGLL1
marketingdive__,https://twitter.com/marketingdive__
RafnerDustin,https://twitter.com/RafnerDustin
KANHAIY71497007,https://twitter.com/KANHAIY71497007
ElaineFouty,https://twitter.com/ElaineFouty
JoeCynic,https://twitter.com/JoeCynic
BustanRodai,https://twitter.com/BustanRodai
LouwAlrike,https://twitter.com/LouwAlrike
supermcquilkin7,https://twitter.com/supermcquilkin7
BrianAmback,https://twitter.com/BrianAmback
FaridMustafa16,https://twitter.com/FaridMustafa16
afobes00,https://twitter.com/afobes00
ChrisEDavis1,https://twitter.com/ChrisEDavis1
Ameerboss181,https://twitter.com/Ameerboss181
atewary1,https://twitter.com/atewary1
LampteyApril,https://twitter.com/LampteyApril
YASSiNE_DURAND,https://twitter.com/YASSiNE_DURAND
ellory2,https://twitter.com/ellory2
lett_teresa,https://twitter.com/lett_teresa
OdusIsa,https://twitter.com/OdusIsa
MissLily760,https://twitter.com/MissLily760
riya20807702,https://twitter.com/riya20807702
m_t_crissey11T,https://twitter.com/m_t_crissey11T
PrinceZ55536157,https://twitter.com/PrinceZ55536157
shadysigama,https://twitter.com/shadysigama
ercan_chelseafc,https://twitter.com/ercan_chelseafc
Spider51391668,https://twitter.com/Spider51391668
rosie_elgin,https://twitter.com/rosie_elgin
GHOSTKNIGHT2751,https://twitter.com/GHOSTKNIGHT2751
90s_veteran,https://twitter.com/90s_veteran
Blessing_chase,https://twitter.com/Blessing_chase
ElwasefyAfaf,https://twitter.com/ElwasefyAfaf
AsiaaMonaee12,https://twitter.com/AsiaaMonaee12
SibiryD04425002,https://twitter.com/SibiryD04425002
johnderekvarela,https://twitter.com/johnderekvarela
ccep_pa,https://twitter.com/ccep_pa
r2dalek2,https://twitter.com/r2dalek2
jeffagyeman,https://twitter.com/jeffagyeman
AthumaniMajung1,https://twitter.com/AthumaniMajung1
SatrajitBanerji,https://twitter.com/SatrajitBanerji
Fonz3000,https://twitter.com/Fonz3000
chazam1738,https://twitter.com/chazam1738
gh3_____,https://twitter.com/gh3_____
turtleponder,https://twitter.com/turtleponder
ShaneHassan6,https://twitter.com/ShaneHassan6
RosschelleM,https://twitter.com/RosschelleM
JJ_Madeira,https://twitter.com/JJ_Madeira
Billmcnabb6,https://twitter.com/Billmcnabb6
sms303030,https://twitter.com/sms303030
Fahadclipz,https://twitter.com/Fahadclipz
GroceryNomsa,https://twitter.com/GroceryNomsa
amichelec,https://twitter.com/amichelec
MichelleAnnMcF4,https://twitter.com/MichelleAnnMcF4
gretchenhilary,https://twitter.com/gretchenhilary
Andrewb83582169,https://twitter.com/Andrewb83582169
acxver11,https://twitter.com/acxver11
v__ko,https://twitter.com/v__ko
CryptoCastielx,https://twitter.com/CryptoCastielx
Tostitos,https://twitter.com/Tostitos
Prodman01,https://twitter.com/Prodman01
fangirl_shreka,https://twitter.com/fangirl_shreka
AmyHo26404100,https://twitter.com/AmyHo26404100
Duquinho2,https://twitter.com/Duquinho2
Pyromancer4568,https://twitter.com/Pyromancer4568
Ladytea34,https://twitter.com/Ladytea34
Mrs_Furr25,https://twitter.com/Mrs_Furr25
Richaliciousone,https://twitter.com/Richaliciousone
drafthorsemama,https://twitter.com/drafthorsemama
JoshuaA29651871,https://twitter.com/JoshuaA29651871
MotionJessica,https://twitter.com/MotionJessica
Underrated305,https://twitter.com/Underrated305
AuStanLee,https://twitter.com/AuStanLee
IsaiahOwolabi1,https://twitter.com/IsaiahOwolabi1
graef_sandie,https://twitter.com/graef_sandie
teastoy2021,https://twitter.com/teastoy2021
GeovaniFelipe14,https://twitter.com/GeovaniFelipe14
KurmaJus,https://twitter.com/KurmaJus
shoaibalibhati,https://twitter.com/shoaibalibhati
Ravenro38173039,https://twitter.com/Ravenro38173039
Yodalmao,https://twitter.com/Yodalmao
suzhen27608023,https://twitter.com/suzhen27608023
yee_tus,https://twitter.com/yee_tus
FFalkodin,https://twitter.com/FFalkodin
Amritroychoudh1,https://twitter.com/Amritroychoudh1
twill61,https://twitter.com/twill61
xanaxpills775,https://twitter.com/xanaxpills775
Chefjernard,https://twitter.com/Chefjernard
JaayNelly,https://twitter.com/JaayNelly
LondonBond3,https://twitter.com/LondonBond3
tlm28144,https://twitter.com/tlm28144
lasian1,https://twitter.com/lasian1
aliceagbor1,https://twitter.com/aliceagbor1
tfloyd1972,https://twitter.com/tfloyd1972
TrudyBacon2,https://twitter.com/TrudyBacon2
ro0,https://twitter.com/ro0
qpoore,https://twitter.com/qpoore
unbxdreviews,https://twitter.com/unbxdreviews
SusanMHolmes2,https://twitter.com/SusanMHolmes2
AnitaLininger,https://twitter.com/AnitaLininger
hirai___hirai,https://twitter.com/hirai___hirai
Riqqybee,https://twitter.com/Riqqybee
BestAdamDaGoat,https://twitter.com/BestAdamDaGoat
1PikaPein,https://twitter.com/1PikaPein
manders992,https://twitter.com/manders992
BurkeKedrick,https://twitter.com/BurkeKedrick
ProblemChlid46,https://twitter.com/ProblemChlid46
raj8288kumar,https://twitter.com/raj8288kumar
BrandiRN91,https://twitter.com/BrandiRN91
H7Xrt,https://twitter.com/H7Xrt
mym6t,https://twitter.com/mym6t
Lzx91829422,https://twitter.com/Lzx91829422
ColtonEpic,https://twitter.com/ColtonEpic
ChrisRo68738676,https://twitter.com/ChrisRo68738676
honngu522,https://twitter.com/honngu522
Rvin74629755,https://twitter.com/Rvin74629755
ziintuhin,https://twitter.com/ziintuhin
therealJeffWein,https://twitter.com/therealJeffWein
AngelaW41860869,https://twitter.com/AngelaW41860869
kevingreen20014,https://twitter.com/kevingreen20014
maria_13011,https://twitter.com/maria_13011
mouhame80258483,https://twitter.com/mouhame80258483
torahrunner,https://twitter.com/torahrunner
BscoreBcj,https://twitter.com/BscoreBcj
helenofsf2,https://twitter.com/helenofsf2
dpjgims,https://twitter.com/dpjgims
andreatcano,https://twitter.com/andreatcano
YMSFGtY2kRllaDB,https://twitter.com/YMSFGtY2kRllaDB
opti_mus2,https://twitter.com/opti_mus2
HumdingerDarlin,https://twitter.com/HumdingerDarlin
FarooqDarman,https://twitter.com/FarooqDarman
shorsedcolour,https://twitter.com/shorsedcolour
holdenisboreddd,https://twitter.com/holdenisboreddd
M7jxn,https://twitter.com/M7jxn
ScottWall23,https://twitter.com/ScottWall23
BandidoBanka,https://twitter.com/BandidoBanka
Speak4MC,https://twitter.com/Speak4MC
doberhoocom,https://twitter.com/doberhoocom
Gkinformworld,https://twitter.com/Gkinformworld
DipuVer57666860,https://twitter.com/DipuVer57666860
MOHAMED54445020,https://twitter.com/MOHAMED54445020
PhuLe7,https://twitter.com/PhuLe7
msabila_penuel,https://twitter.com/msabila_penuel
BsBsNao2,https://twitter.com/BsBsNao2
SkinSpotlights,https://twitter.com/SkinSpotlights
seJfXy6XWxli8SB,https://twitter.com/seJfXy6XWxli8SB
Fernand85951121,https://twitter.com/Fernand85951121
arpit1697,https://twitter.com/arpit1697
hunniimylkk,https://twitter.com/hunniimylkk
annie20977,https://twitter.com/annie20977
mattmackesson,https://twitter.com/mattmackesson
voguestory,https://twitter.com/voguestory
mannyfrsh101,https://twitter.com/mannyfrsh101
fifi_Naava,https://twitter.com/fifi_Naava
Sweetdeanna67,https://twitter.com/Sweetdeanna67
RupaliSays,https://twitter.com/RupaliSays
AboMohammed77,https://twitter.com/AboMohammed77
MaryPop39815602,https://twitter.com/MaryPop39815602
AlfangryAli,https://twitter.com/AlfangryAli
getmsell,https://twitter.com/getmsell
JesseLo18186278,https://twitter.com/JesseLo18186278
CookeYouTube,https://twitter.com/CookeYouTube
JameAscencioji1,https://twitter.com/JameAscencioji1
Courtne161,https://twitter.com/Courtne161
JackieO93449040,https://twitter.com/JackieO93449040
AppiahF40351771,https://twitter.com/AppiahF40351771
nodqfan144,https://twitter.com/nodqfan144
ugur_vuural,https://twitter.com/ugur_vuural
elise_and_esmae,https://twitter.com/elise_and_esmae
OfficialDetPage,https://twitter.com/OfficialDetPage
TBALift,https://twitter.com/TBALift
S___Dupont,https://twitter.com/S___Dupont
SaraNethken,https://twitter.com/SaraNethken
WeBurnWood,https://twitter.com/WeBurnWood
Pradeep__kuma_r,https://twitter.com/Pradeep__kuma_r
Daniela59467791,https://twitter.com/Daniela59467791
MrJamieCaupp,https://twitter.com/MrJamieCaupp
NafcanNaftaly,https://twitter.com/NafcanNaftaly
Benito03996616,https://twitter.com/Benito03996616
SfagoM,https://twitter.com/SfagoM
bethfrye29,https://twitter.com/bethfrye29
Jameswhitt31,https://twitter.com/Jameswhitt31
hishamsara676,https://twitter.com/hishamsara676
MohammedAlHutam,https://twitter.com/MohammedAlHutam
GhaffarShahzhob,https://twitter.com/GhaffarShahzhob
Veratanik2,https://twitter.com/Veratanik2
abtsa_7,https://twitter.com/abtsa_7
ClarifyXplosive,https://twitter.com/ClarifyXplosive
mom2onlygirls,https://twitter.com/mom2onlygirls
Luner_Lycan,https://twitter.com/Luner_Lycan
SylviaMcdade3,https://twitter.com/SylviaMcdade3
jana_walls,https://twitter.com/jana_walls
BenjaminB_02,https://twitter.com/BenjaminB_02
Talibah54162492,https://twitter.com/Talibah54162492
Parzival2118,https://twitter.com/Parzival2118
hlriendeau,https://twitter.com/hlriendeau
CRFanFc,https://twitter.com/CRFanFc
boutiquemouras,https://twitter.com/boutiquemouras
KristiSpringle,https://twitter.com/KristiSpringle
Lucky1seth,https://twitter.com/Lucky1seth
Dipanka28009808,https://twitter.com/Dipanka28009808
Reddhead77,https://twitter.com/Reddhead77
AmandaB28045432,https://twitter.com/AmandaB28045432
sameerlone0566,https://twitter.com/sameerlone0566
wesley_newth,https://twitter.com/wesley_newth
GhadaSamirSayed,https://twitter.com/GhadaSamirSayed
katmagick,https://twitter.com/katmagick
fasil4646,https://twitter.com/fasil4646
AbdoFar18040185,https://twitter.com/AbdoFar18040185
MalungaAmbrose,https://twitter.com/MalungaAmbrose
safa61229996,https://twitter.com/safa61229996
Bhanushukla119,https://twitter.com/Bhanushukla119
kailuabaygal,https://twitter.com/kailuabaygal
Messxrsmoony_,https://twitter.com/Messxrsmoony_
fasevolution85,https://twitter.com/fasevolution85
JohnCheadle7,https://twitter.com/JohnCheadle7
AnasAboulwafa50,https://twitter.com/AnasAboulwafa50
ScrewiesTattoo,https://twitter.com/ScrewiesTattoo
ROBERTM92524811,https://twitter.com/ROBERTM92524811
Strawberries242,https://twitter.com/Strawberries242
youngruthles41,https://twitter.com/youngruthles41
monetmiah,https://twitter.com/monetmiah
Giaz705,https://twitter.com/Giaz705
jessicaparker80,https://twitter.com/jessicaparker80
LookRefined,https://twitter.com/LookRefined
codypower16,https://twitter.com/codypower16
iakhonkstein,https://twitter.com/iakhonkstein
Ibrahimtal3t1,https://twitter.com/Ibrahimtal3t1
DudneyAmy,https://twitter.com/DudneyAmy
ramzy_25,https://twitter.com/ramzy_25
phkim34,https://twitter.com/phkim34
whatahfingajn9s,https://twitter.com/whatahfingajn9s
LeoAnde35066502,https://twitter.com/LeoAnde35066502
ramon_rodilla,https://twitter.com/ramon_rodilla
tealovers14,https://twitter.com/tealovers14
Erika44173103,https://twitter.com/Erika44173103
TyGrieve_27,https://twitter.com/TyGrieve_27
isaiahkraken,https://twitter.com/isaiahkraken
stephenmschmidt,https://twitter.com/stephenmschmidt
HannaMichoo,https://twitter.com/HannaMichoo
GaryCor79976763,https://twitter.com/GaryCor79976763
CarlballBreak,https://twitter.com/CarlballBreak
branson_tourist,https://twitter.com/branson_tourist
cJsfXGdeU3p7Alc,https://twitter.com/cJsfXGdeU3p7Alc
Azteccherokeeg1,https://twitter.com/Azteccherokeeg1
granville_mel,https://twitter.com/granville_mel
Yuones33684591,https://twitter.com/Yuones33684591
Ava_The_Neko,https://twitter.com/Ava_The_Neko
UchihaLipton,https://twitter.com/UchihaLipton
SergioG34197123,https://twitter.com/SergioG34197123
ridiculous_ali,https://twitter.com/ridiculous_ali
ii1__m,https://twitter.com/ii1__m
AdamIsNotFunny1,https://twitter.com/AdamIsNotFunny1
DiagnosisPod,https://twitter.com/DiagnosisPod
Amyllllll,https://twitter.com/Amyllllll
cherylpat1021,https://twitter.com/cherylpat1021
KolayShouvik,https://twitter.com/KolayShouvik
dennisaikins2,https://twitter.com/dennisaikins2
Kitt44Kt,https://twitter.com/Kitt44Kt
Fabsen4life,https://twitter.com/Fabsen4life
CaffeineCourier,https://twitter.com/CaffeineCourier
SNafikot,https://twitter.com/SNafikot
IvanMarquesDaS7,https://twitter.com/IvanMarquesDaS7
Globalcrypto5,https://twitter.com/Globalcrypto5
BarryCMassa,https://twitter.com/BarryCMassa
llzzqq_,https://twitter.com/llzzqq_
cavallo4art,https://twitter.com/cavallo4art
bkl1991,https://twitter.com/bkl1991
dianathompson81,https://twitter.com/dianathompson81
neicweb,https://twitter.com/neicweb
General44831997,https://twitter.com/General44831997
moN9BC2kyA63wRx,https://twitter.com/moN9BC2kyA63wRx
Leeshapiro5,https://twitter.com/Leeshapiro5
Tushar55934283,https://twitter.com/Tushar55934283
MuffinxMadness,https://twitter.com/MuffinxMadness
b_martial,https://twitter.com/b_martial
James365happy,https://twitter.com/James365happy
MdAtiku21667289,https://twitter.com/MdAtiku21667289
iqrakty,https://twitter.com/iqrakty
RainCity11,https://twitter.com/RainCity11
mcflysp1,https://twitter.com/mcflysp1
hnt666_7,https://twitter.com/hnt666_7
spruett123,https://twitter.com/spruett123
__NFTea,https://twitter.com/__NFTea
DareHardy09,https://twitter.com/DareHardy09
misslilithplays,https://twitter.com/misslilithplays
Gagermade,https://twitter.com/Gagermade
Marsya195412491,https://twitter.com/Marsya195412491
DameiunHopson,https://twitter.com/DameiunHopson
what_can_i_buy,https://twitter.com/what_can_i_buy
dancesherbear,https://twitter.com/dancesherbear
HardenTalithia,https://twitter.com/HardenTalithia
lonelyluna10,https://twitter.com/lonelyluna10
Lashawn29469737,https://twitter.com/Lashawn29469737
Teddy201107,https://twitter.com/Teddy201107
HisenseIntl,https://twitter.com/HisenseIntl
_kimcheese_,https://twitter.com/_kimcheese_
SGokul35800982,https://twitter.com/SGokul35800982
AcheampongBoy1,https://twitter.com/AcheampongBoy1
kayjii89,https://twitter.com/kayjii89
Vaibhav06276241,https://twitter.com/Vaibhav06276241
paulwm,https://twitter.com/paulwm
Smiling16463420,https://twitter.com/Smiling16463420
CPlayzzTL,https://twitter.com/CPlayzzTL
jennife07854520,https://twitter.com/jennife07854520
PLCTrailblazer,https://twitter.com/PLCTrailblazer
mark83558592,https://twitter.com/mark83558592
AbdulRa85011728,https://twitter.com/AbdulRa85011728
Jasvinder49S,https://twitter.com/Jasvinder49S
Livings59686098,https://twitter.com/Livings59686098
erica_pearsall2,https://twitter.com/erica_pearsall2
dawn_m32819,https://twitter.com/dawn_m32819
dimenoee,https://twitter.com/dimenoee
Splenda,https://twitter.com/Splenda
Jhoffre17,https://twitter.com/Jhoffre17
PauloSr80773490,https://twitter.com/PauloSr80773490
TammyAr12920756,https://twitter.com/TammyAr12920756
pstephenson1960,https://twitter.com/pstephenson1960
klokeo38,https://twitter.com/klokeo38
DaNickPizzaMan,https://twitter.com/DaNickPizzaMan
carefreekieran,https://twitter.com/carefreekieran
NancyPu54056786,https://twitter.com/NancyPu54056786
DogeCoDogs,https://twitter.com/DogeCoDogs
sunafuk14344931,https://twitter.com/sunafuk14344931
Sumitnigam007,https://twitter.com/Sumitnigam007
Sam92936620,https://twitter.com/Sam92936620
TaiwoMastermind,https://twitter.com/TaiwoMastermind
Shirley63342669,https://twitter.com/Shirley63342669
SIRADJEDDINNE,https://twitter.com/SIRADJEDDINNE
genggengyaya1,https://twitter.com/genggengyaya1
AndilabCharlyn,https://twitter.com/AndilabCharlyn
LadyBoss050519,https://twitter.com/LadyBoss050519
Parveen14456904,https://twitter.com/Parveen14456904
a_tine_a,https://twitter.com/a_tine_a
KPA1_,https://twitter.com/KPA1_
soapninjaNicky,https://twitter.com/soapninjaNicky
LoriMoreno,https://twitter.com/LoriMoreno
matthewp7777777,https://twitter.com/matthewp7777777
DoramiGr8,https://twitter.com/DoramiGr8
ali62513,https://twitter.com/ali62513
bcash0305,https://twitter.com/bcash0305
keem_hill,https://twitter.com/keem_hill
Umar_Shiisu,https://twitter.com/Umar_Shiisu
KingSissou,https://twitter.com/KingSissou
prek_polkadots,https://twitter.com/prek_polkadots
MrCodyHughes2,https://twitter.com/MrCodyHughes2
danileinado,https://twitter.com/danileinado
Alejand71722978,https://twitter.com/Alejand71722978
LungeloStyles,https://twitter.com/LungeloStyles
MonkeyPickedTea,https://twitter.com/MonkeyPickedTea
raphafg08,https://twitter.com/raphafg08
zashawnsnewborn,https://twitter.com/zashawnsnewborn
PookieLou6994,https://twitter.com/PookieLou6994
KateBeda,https://twitter.com/KateBeda
ELA420KingRckt,https://twitter.com/ELA420KingRckt
ThePROfessor856,https://twitter.com/ThePROfessor856
BoulfoulTmalous,https://twitter.com/BoulfoulTmalous
KeiserLaura1,https://twitter.com/KeiserLaura1
Metallikate,https://twitter.com/Metallikate
thatdarnDickie,https://twitter.com/thatdarnDickie
ataruyo__,https://twitter.com/ataruyo__
WillisC32087274,https://twitter.com/WillisC32087274
donatellissima1,https://twitter.com/donatellissima1
lphu9173,https://twitter.com/lphu9173
Anderso13346774,https://twitter.com/Anderso13346774
Accountbhim1,https://twitter.com/Accountbhim1
AnkurBhutaniIND,https://twitter.com/AnkurBhutaniIND
hizzyimani,https://twitter.com/hizzyimani
HYWong28478930,https://twitter.com/HYWong28478930
Jessicaturgeon6,https://twitter.com/Jessicaturgeon6
joseph_veigel,https://twitter.com/joseph_veigel
Lord_W97,https://twitter.com/Lord_W97
2015Yangyegao,https://twitter.com/2015Yangyegao
Junior32586636,https://twitter.com/Junior32586636
x_reem_2x,https://twitter.com/x_reem_2x
dadkhah_pedram,https://twitter.com/dadkhah_pedram
LunchtimeForAll,https://twitter.com/LunchtimeForAll
ZeeeeC334,https://twitter.com/ZeeeeC334
MahabirShenice,https://twitter.com/MahabirShenice
Deense13,https://twitter.com/Deense13
mortezai_mr,https://twitter.com/mortezai_mr
Jennife07243937,https://twitter.com/Jennife07243937
k_wellysane,https://twitter.com/k_wellysane
raimund91844682,https://twitter.com/raimund91844682
Toasted_Rav,https://twitter.com/Toasted_Rav
SeanCahill05,https://twitter.com/SeanCahill05
wmkf54YaY986UB3,https://twitter.com/wmkf54YaY986UB3
TheLunar_Store,https://twitter.com/TheLunar_Store
bitguns,https://twitter.com/bitguns
AtoyebiTimileh3,https://twitter.com/AtoyebiTimileh3
MillerBubolz,https://twitter.com/MillerBubolz
MischievousPapi,https://twitter.com/MischievousPapi
LaurenA19589034,https://twitter.com/LaurenA19589034
RussellMatter,https://twitter.com/RussellMatter
positivelysavvy,https://twitter.com/positivelysavvy
alona_smulska,https://twitter.com/alona_smulska
miofratell1,https://twitter.com/miofratell1
dschrieber,https://twitter.com/dschrieber
veronic16912774,https://twitter.com/veronic16912774
Deltawastaken57,https://twitter.com/Deltawastaken57
desmonddd0,https://twitter.com/desmonddd0
ROLFF70,https://twitter.com/ROLFF70
armeria_manuel,https://twitter.com/armeria_manuel
666Babydoge666,https://twitter.com/666Babydoge666
SG86E,https://twitter.com/SG86E
shima520198,https://twitter.com/shima520198
bethany32f,https://twitter.com/bethany32f
Pappu29436239,https://twitter.com/Pappu29436239
atvebm,https://twitter.com/atvebm
GrillTasty,https://twitter.com/GrillTasty
VinceMsn,https://twitter.com/VinceMsn
8SQbAobY4jETlst,https://twitter.com/8SQbAobY4jETlst
SugeriEdit,https://twitter.com/SugeriEdit
Lovely_Girl1616,https://twitter.com/Lovely_Girl1616
EhPq9ogccnKoDr1,https://twitter.com/EhPq9ogccnKoDr1
HobbyistGames,https://twitter.com/HobbyistGames
jake____rundle,https://twitter.com/jake____rundle
iDntStopXD1,https://twitter.com/iDntStopXD1
AhmedKa16077753,https://twitter.com/AhmedKa16077753
MB0WjYUNtrIaEzT,https://twitter.com/MB0WjYUNtrIaEzT
Big_Ren_Ten,https://twitter.com/Big_Ren_Ten
Shannon75482169,https://twitter.com/Shannon75482169
artovingram,https://twitter.com/artovingram
RedwoodKadian,https://twitter.com/RedwoodKadian
mythicalladybug,https://twitter.com/mythicalladybug
mrsanitysilz,https://twitter.com/mrsanitysilz
Canbura08199125,https://twitter.com/Canbura08199125
PiscesStarGazer,https://twitter.com/PiscesStarGazer
RedMeow24,https://twitter.com/RedMeow24
DowellSmith6,https://twitter.com/DowellSmith6
lafler_rikki,https://twitter.com/lafler_rikki
Moni_princess_1,https://twitter.com/Moni_princess_1
goaliemomjams,https://twitter.com/goaliemomjams
CeliaKHall,https://twitter.com/CeliaKHall
shad_westover,https://twitter.com/shad_westover
Cryptolius3,https://twitter.com/Cryptolius3
butchlovesbeach,https://twitter.com/butchlovesbeach
Brandon52085414,https://twitter.com/Brandon52085414
fitbrittbritt37,https://twitter.com/fitbrittbritt37
Bryan72494815,https://twitter.com/Bryan72494815
jeeta_master,https://twitter.com/jeeta_master
JoeyCannon_,https://twitter.com/JoeyCannon_
SiddigAbdelham2,https://twitter.com/SiddigAbdelham2
ccfreedeals777,https://twitter.com/ccfreedeals777
coolbreeze04,https://twitter.com/coolbreeze04
CoplandEllie,https://twitter.com/CoplandEllie
NaitikSinha19,https://twitter.com/NaitikSinha19
AbdulslamHemaid,https://twitter.com/AbdulslamHemaid
PristineFoodsGh,https://twitter.com/PristineFoodsGh
IvanMubabi,https://twitter.com/IvanMubabi
CrimsonMephis,https://twitter.com/CrimsonMephis
BlingMonky,https://twitter.com/BlingMonky
Provide17175252,https://twitter.com/Provide17175252
Sompicy3,https://twitter.com/Sompicy3
t33world,https://twitter.com/t33world
lurkymclurkers2,https://twitter.com/lurkymclurkers2
matrixonics,https://twitter.com/matrixonics
RickenbackerCG,https://twitter.com/RickenbackerCG
MvDyson_,https://twitter.com/MvDyson_
RonnickNachok,https://twitter.com/RonnickNachok
r3pt3rvfx,https://twitter.com/r3pt3rvfx
umunurtaj,https://twitter.com/umunurtaj
TessHyatt12,https://twitter.com/TessHyatt12
wellycart,https://twitter.com/wellycart
Daniel_James70,https://twitter.com/Daniel_James70
iamshaqur23,https://twitter.com/iamshaqur23
Flexcart1,https://twitter.com/Flexcart1
DRiteGuy4U65,https://twitter.com/DRiteGuy4U65
PurpleDragon123,https://twitter.com/PurpleDragon123
retailbum,https://twitter.com/retailbum
HMADKOUR3,https://twitter.com/HMADKOUR3
strek4504,https://twitter.com/strek4504
KezaKhiq,https://twitter.com/KezaKhiq
slina_new,https://twitter.com/slina_new
Alexx4444445,https://twitter.com/Alexx4444445
ASMRmoneystaxxx,https://twitter.com/ASMRmoneystaxxx
Sauri1861,https://twitter.com/Sauri1861
MargarethaMadi1,https://twitter.com/MargarethaMadi1
florencelaz,https://twitter.com/florencelaz
at8lbi,https://twitter.com/at8lbi
Soyasauce2006,https://twitter.com/Soyasauce2006
AyaHamd16272167,https://twitter.com/AyaHamd16272167
DuxmanLuv,https://twitter.com/DuxmanLuv
CrimeMuscleGod,https://twitter.com/CrimeMuscleGod
littlepoo65,https://twitter.com/littlepoo65
BlacksCaprice,https://twitter.com/BlacksCaprice
TREaglesfan,https://twitter.com/TREaglesfan
scgnft,https://twitter.com/scgnft
SourApp05487273,https://twitter.com/SourApp05487273
MayaNixon3,https://twitter.com/MayaNixon3
Pessi_Troen123,https://twitter.com/Pessi_Troen123
RamamoorthySab1,https://twitter.com/RamamoorthySab1
jnncrtr,https://twitter.com/jnncrtr
hopfendeli,https://twitter.com/hopfendeli
TheEmyGoesTo,https://twitter.com/TheEmyGoesTo
RPGAfrica,https://twitter.com/RPGAfrica
SunocoAll,https://twitter.com/SunocoAll
susanlopez8518,https://twitter.com/susanlopez8518
DaddyMontana3,https://twitter.com/DaddyMontana3
MrsLisaDDavis1,https://twitter.com/MrsLisaDDavis1
Zuki_Fu6,https://twitter.com/Zuki_Fu6
Daniell01149573,https://twitter.com/Daniell01149573
MsDemiTasse,https://twitter.com/MsDemiTasse
ProtocolDC,https://twitter.com/ProtocolDC
Adamorr22,https://twitter.com/Adamorr22
WFWrestlingIndy,https://twitter.com/WFWrestlingIndy
Deynaaa6,https://twitter.com/Deynaaa6
sldisnfkshf,https://twitter.com/sldisnfkshf
mcg_pk,https://twitter.com/mcg_pk
nobbycollection,https://twitter.com/nobbycollection
fahath_mansur,https://twitter.com/fahath_mansur
salama747,https://twitter.com/salama747
MrRogerLStewar2,https://twitter.com/MrRogerLStewar2
kreuzer_shannon,https://twitter.com/kreuzer_shannon
kristychaney43,https://twitter.com/kristychaney43
LeagueOfLegends,https://twitter.com/LeagueOfLegends
ToniBro87090546,https://twitter.com/ToniBro87090546
MarcelR76477069,https://twitter.com/MarcelR76477069
Samiliketoplay1,https://twitter.com/Samiliketoplay1
DENZELAFRICAAA,https://twitter.com/DENZELAFRICAAA
mdrahim4u,https://twitter.com/mdrahim4u
angiedepue,https://twitter.com/angiedepue
xCollat,https://twitter.com/xCollat
dogs_dt,https://twitter.com/dogs_dt
rockyrowland88,https://twitter.com/rockyrowland88
RodneyPierreJu1,https://twitter.com/RodneyPierreJu1
sarahanker25,https://twitter.com/sarahanker25
fuschiafinches,https://twitter.com/fuschiafinches
alemac96610244,https://twitter.com/alemac96610244
Jaysunabc123,https://twitter.com/Jaysunabc123
naanyametease,https://twitter.com/naanyametease
StevenOPrice,https://twitter.com/StevenOPrice
Mawane37578896,https://twitter.com/Mawane37578896
HorticulturalK,https://twitter.com/HorticulturalK
ASRai24991816,https://twitter.com/ASRai24991816
TheBilawal,https://twitter.com/TheBilawal
Yousef06288864,https://twitter.com/Yousef06288864
Sam33890621,https://twitter.com/Sam33890621
Alberto06674849,https://twitter.com/Alberto06674849
PANOSDELAD,https://twitter.com/PANOSDELAD
shifted_2_earth,https://twitter.com/shifted_2_earth
harding_gwen,https://twitter.com/harding_gwen
Cookiesarelifu5,https://twitter.com/Cookiesarelifu5
blancabb25,https://twitter.com/blancabb25
FrankWork8,https://twitter.com/FrankWork8
IamGh0xt,https://twitter.com/IamGh0xt
MiguelS55822191,https://twitter.com/MiguelS55822191
dogeboy35,https://twitter.com/dogeboy35
Loveknuckle1,https://twitter.com/Loveknuckle1
AaliyahWhitmo18,https://twitter.com/AaliyahWhitmo18
mia11122260,https://twitter.com/mia11122260
FozKnows,https://twitter.com/FozKnows
FelipeAraujoFS,https://twitter.com/FelipeAraujoFS
AmbonMichelle,https://twitter.com/AmbonMichelle
amelialord,https://twitter.com/amelialord
BreeKaley,https://twitter.com/BreeKaley
Deborah15292207,https://twitter.com/Deborah15292207
MOOnMondae,https://twitter.com/MOOnMondae
lokiccat,https://twitter.com/lokiccat
lazythefox,https://twitter.com/lazythefox
primecutBBQ2020,https://twitter.com/primecutBBQ2020
Iamahoosiertoo,https://twitter.com/Iamahoosiertoo
RdeSa9,https://twitter.com/RdeSa9
thamizhdravidam,https://twitter.com/thamizhdravidam
djembadje,https://twitter.com/djembadje
MuhammadIshaqu4,https://twitter.com/MuhammadIshaqu4
FTC17009,https://twitter.com/FTC17009
waz_nick,https://twitter.com/waz_nick
Macar3na_23,https://twitter.com/Macar3na_23
Stephan54456822,https://twitter.com/Stephan54456822
ClayLemonade,https://twitter.com/ClayLemonade
RobinChadwick8,https://twitter.com/RobinChadwick8
FireLizarde,https://twitter.com/FireLizarde
Texican2950,https://twitter.com/Texican2950
Moncefessid1,https://twitter.com/Moncefessid1
luis_villages,https://twitter.com/luis_villages
LN2X4,https://twitter.com/LN2X4
ShanteT11,https://twitter.com/ShanteT11
Chiefsauce5,https://twitter.com/Chiefsauce5
Milo90401892,https://twitter.com/Milo90401892
jonahwickham1,https://twitter.com/jonahwickham1
Creepersrock24G,https://twitter.com/Creepersrock24G
cars_zozo,https://twitter.com/cars_zozo
cecevatea,https://twitter.com/cecevatea
kJz9CJQvqpdqT3R,https://twitter.com/kJz9CJQvqpdqT3R
F3nrico,https://twitter.com/F3nrico
ChadWag66489155,https://twitter.com/ChadWag66489155
abdlerohman,https://twitter.com/abdlerohman
1957_buick,https://twitter.com/1957_buick
Carissas__Wierd,https://twitter.com/Carissas__Wierd
TERPENE_PIRATE,https://twitter.com/TERPENE_PIRATE
GoodLinus,https://twitter.com/GoodLinus
HentLord,https://twitter.com/HentLord
izoo0705514141,https://twitter.com/izoo0705514141
FedericoLavagn1,https://twitter.com/FedericoLavagn1
tpgimmegimme,https://twitter.com/tpgimmegimme
davidblog2,https://twitter.com/davidblog2
HoussamSaidani9,https://twitter.com/HoussamSaidani9
BigCheeseKIT,https://twitter.com/BigCheeseKIT
johnathangrigg4,https://twitter.com/johnathangrigg4
itskathym,https://twitter.com/itskathym
MarkBray68,https://twitter.com/MarkBray68
LabanKimeli1,https://twitter.com/LabanKimeli1
CecilySilver,https://twitter.com/CecilySilver
AlexandriaCoxT1,https://twitter.com/AlexandriaCoxT1
Stephma80,https://twitter.com/Stephma80
RefreshGuam,https://twitter.com/RefreshGuam
mimilan75,https://twitter.com/mimilan75
TongyaoGOAT,https://twitter.com/TongyaoGOAT
workmruss,https://twitter.com/workmruss
taimynelao,https://twitter.com/taimynelao
JosephGreenle10,https://twitter.com/JosephGreenle10
emilie_boulat,https://twitter.com/emilie_boulat
melihbasavci,https://twitter.com/melihbasavci
MzNisha11,https://twitter.com/MzNisha11
Andy97348314,https://twitter.com/Andy97348314
Bapsbocspooner1,https://twitter.com/Bapsbocspooner1
pxokiller,https://twitter.com/pxokiller
jp_lizzy,https://twitter.com/jp_lizzy
ikristiann_,https://twitter.com/ikristiann_
motion_dusty,https://twitter.com/motion_dusty
PrashantBafna,https://twitter.com/PrashantBafna
qurashi_shawaiz,https://twitter.com/qurashi_shawaiz
birdsnbunnies,https://twitter.com/birdsnbunnies
BlueCrossGirl1,https://twitter.com/BlueCrossGirl1
Clov3r11,https://twitter.com/Clov3r11
mppack42,https://twitter.com/mppack42
Shron446,https://twitter.com/Shron446
BHalo525,https://twitter.com/BHalo525
elisesmith1119,https://twitter.com/elisesmith1119
jamesmjay,https://twitter.com/jamesmjay
jr_vermander,https://twitter.com/jr_vermander
Michael81307718,https://twitter.com/Michael81307718
RAF3RAF3,https://twitter.com/RAF3RAF3
jinsang4u,https://twitter.com/jinsang4u
Icha1967,https://twitter.com/Icha1967
IWaterswan,https://twitter.com/IWaterswan
Adam73322260,https://twitter.com/Adam73322260
therooksfamily,https://twitter.com/therooksfamily
Aftaab94469820,https://twitter.com/Aftaab94469820
G33KGamerGirl,https://twitter.com/G33KGamerGirl
souravsahoo666,https://twitter.com/souravsahoo666
ryu3_happy_road,https://twitter.com/ryu3_happy_road
sneaxfnbrr,https://twitter.com/sneaxfnbrr
Zanrz1,https://twitter.com/Zanrz1
AidenMc47018731,https://twitter.com/AidenMc47018731
Yousef76252453,https://twitter.com/Yousef76252453
boomoperatormom,https://twitter.com/boomoperatormom
momto4laws,https://twitter.com/momto4laws
Alecas02017493,https://twitter.com/Alecas02017493
MagicallyKim,https://twitter.com/MagicallyKim
ChocoFactory23,https://twitter.com/ChocoFactory23
JasminALKhuras2,https://twitter.com/JasminALKhuras2
JWesalowski,https://twitter.com/JWesalowski
WilliamSmalleyW,https://twitter.com/WilliamSmalleyW
IshaniPerera15,https://twitter.com/IshaniPerera15
kalimulqueen,https://twitter.com/kalimulqueen
land2312,https://twitter.com/land2312
MaryLoc00035900,https://twitter.com/MaryLoc00035900
DanOgutu10,https://twitter.com/DanOgutu10
HolidaiPalmer,https://twitter.com/HolidaiPalmer
DrewsPrincess07,https://twitter.com/DrewsPrincess07
Palesa94725780,https://twitter.com/Palesa94725780
AmyMorgenstern2,https://twitter.com/AmyMorgenstern2
LoveEllo_,https://twitter.com/LoveEllo_
JesusKingofLove,https://twitter.com/JesusKingofLove
_thenun,https://twitter.com/_thenun
Neymy19,https://twitter.com/Neymy19
fiaeroYaktoooo8,https://twitter.com/fiaeroYaktoooo8
racontagedevie2,https://twitter.com/racontagedevie2
MBergyt,https://twitter.com/MBergyt
asuarius723,https://twitter.com/asuarius723
kariswigart,https://twitter.com/kariswigart
WinnJanaida1,https://twitter.com/WinnJanaida1
Vikingwhorre,https://twitter.com/Vikingwhorre
AElkhdawy,https://twitter.com/AElkhdawy
Shalu19211942,https://twitter.com/Shalu19211942
iano_boss,https://twitter.com/iano_boss
NerovrHD,https://twitter.com/NerovrHD
EdithPutnam2,https://twitter.com/EdithPutnam2
Daniel1963947,https://twitter.com/Daniel1963947
_Bliss_sssss,https://twitter.com/_Bliss_sssss
britneyjasghari,https://twitter.com/britneyjasghari
13chiahao,https://twitter.com/13chiahao
lisamarie_aw,https://twitter.com/lisamarie_aw
emam_dr,https://twitter.com/emam_dr
riveraabner9,https://twitter.com/riveraabner9
DinaKin23031747,https://twitter.com/DinaKin23031747
ZekeTheMonkey5,https://twitter.com/ZekeTheMonkey5
threeJacksSuper,https://twitter.com/threeJacksSuper
AZBrainFreeze,https://twitter.com/AZBrainFreeze
SNolen1989,https://twitter.com/SNolen1989
IsratJahanJuth8,https://twitter.com/IsratJahanJuth8
PeterMa42952828,https://twitter.com/PeterMa42952828
fenrir_1994,https://twitter.com/fenrir_1994
dhanushsurya21,https://twitter.com/dhanushsurya21
dino538,https://twitter.com/dino538
JackZha63277866,https://twitter.com/JackZha63277866
honeybaek048,https://twitter.com/honeybaek048
Fujiforker,https://twitter.com/Fujiforker
NW861117,https://twitter.com/NW861117
JennyKeefe5,https://twitter.com/JennyKeefe5
VistonTea,https://twitter.com/VistonTea
Guilher77001945,https://twitter.com/Guilher77001945
elnes_l,https://twitter.com/elnes_l
_blade_kitty_,https://twitter.com/_blade_kitty_
diymom6,https://twitter.com/diymom6
Jdoge13,https://twitter.com/Jdoge13
LeamonArthur,https://twitter.com/LeamonArthur
Aug2008618,https://twitter.com/Aug2008618
AMSgov,https://twitter.com/AMSgov
putchapula,https://twitter.com/putchapula
Nana72198764,https://twitter.com/Nana72198764
FABLE_AO,https://twitter.com/FABLE_AO
loganharrill_,https://twitter.com/loganharrill_
tinarmeyran,https://twitter.com/tinarmeyran
JaiCuster5,https://twitter.com/JaiCuster5
anggeee913,https://twitter.com/anggeee913
Olliver_1994,https://twitter.com/Olliver_1994
athensmcyt,https://twitter.com/athensmcyt
Skydanc127,https://twitter.com/Skydanc127
DustinW66302107,https://twitter.com/DustinW66302107
promiseO13,https://twitter.com/promiseO13
BBavithram,https://twitter.com/BBavithram
BesigwaL,https://twitter.com/BesigwaL
JackTWhitlock,https://twitter.com/JackTWhitlock
itsfisayomi5413,https://twitter.com/itsfisayomi5413
CherylGilmartin,https://twitter.com/CherylGilmartin
MShadow91,https://twitter.com/MShadow91
goofyassmffs,https://twitter.com/goofyassmffs
godhathperished,https://twitter.com/godhathperished
VIIC60,https://twitter.com/VIIC60
dvasgu,https://twitter.com/dvasgu
wenyjackson,https://twitter.com/wenyjackson
Michael00898778,https://twitter.com/Michael00898778
Penelopedawkin1,https://twitter.com/Penelopedawkin1
didehdals2022,https://twitter.com/didehdals2022
Bruce19662,https://twitter.com/Bruce19662
gamberge____,https://twitter.com/gamberge____
David807893651,https://twitter.com/David807893651
Pamela712980852,https://twitter.com/Pamela712980852
Power_Sao7,https://twitter.com/Power_Sao7
AimeeInMIA,https://twitter.com/AimeeInMIA
andres_muzzio,https://twitter.com/andres_muzzio
BrianCa16122178,https://twitter.com/BrianCa16122178
GraphicHome8,https://twitter.com/GraphicHome8
eminent_tea,https://twitter.com/eminent_tea
MdRubelRm,https://twitter.com/MdRubelRm
Deliberator101,https://twitter.com/Deliberator101
rj_simson,https://twitter.com/rj_simson
BlessedIcon2,https://twitter.com/BlessedIcon2
BalbinoJeovane,https://twitter.com/BalbinoJeovane
salahalsobehe_,https://twitter.com/salahalsobehe_
Lum_Invaderr,https://twitter.com/Lum_Invaderr
KHALIDSAMI0114,https://twitter.com/KHALIDSAMI0114
slut4howl,https://twitter.com/slut4howl
0CROWNEDZ,https://twitter.com/0CROWNEDZ
slhenry81,https://twitter.com/slhenry81
AdemAbrahim20,https://twitter.com/AdemAbrahim20
ethereum_cards,https://twitter.com/ethereum_cards
Pro_tyler_23,https://twitter.com/Pro_tyler_23
LautaroSandy,https://twitter.com/LautaroSandy
Sibel05144286,https://twitter.com/Sibel05144286
Farcry5AUYR,https://twitter.com/Farcry5AUYR
mad_squimpin,https://twitter.com/mad_squimpin
RogueSquadron65,https://twitter.com/RogueSquadron65
SandraPuff75,https://twitter.com/SandraPuff75
EmmaStailing,https://twitter.com/EmmaStailing
DestineeAngel2,https://twitter.com/DestineeAngel2
ahmedmo29200312,https://twitter.com/ahmedmo29200312
Laxziz602,https://twitter.com/Laxziz602
NgomsonFarm,https://twitter.com/NgomsonFarm
sorosokey2,https://twitter.com/sorosokey2
Jane95592135,https://twitter.com/Jane95592135
AlidaXxi,https://twitter.com/AlidaXxi
TheKiddAP,https://twitter.com/TheKiddAP
tron2589,https://twitter.com/tron2589
FMcmasterson,https://twitter.com/FMcmasterson
BeeBarnett18,https://twitter.com/BeeBarnett18
WalterL30927282,https://twitter.com/WalterL30927282
japankarlas1,https://twitter.com/japankarlas1
vietnam_tea,https://twitter.com/vietnam_tea
Arnoldvopolent1,https://twitter.com/Arnoldvopolent1
COROIGABRIELA,https://twitter.com/COROIGABRIELA
NardiaTrish,https://twitter.com/NardiaTrish
ShehinImran9,https://twitter.com/ShehinImran9
WildaMo36243784,https://twitter.com/WildaMo36243784
Deborah76074627,https://twitter.com/Deborah76074627
amolkamble2162,https://twitter.com/amolkamble2162
keiii63825611,https://twitter.com/keiii63825611
Peep97308926,https://twitter.com/Peep97308926
Kazaya88,https://twitter.com/Kazaya88
MrandrewA1,https://twitter.com/MrandrewA1
ddlvto9,https://twitter.com/ddlvto9
AlexRabehl2,https://twitter.com/AlexRabehl2
Shakeryoussefab,https://twitter.com/Shakeryoussefab
JameswarMahasu1,https://twitter.com/JameswarMahasu1
Ilovedo30100338,https://twitter.com/Ilovedo30100338
RakibHa16992141,https://twitter.com/RakibHa16992141
PalashC82792071,https://twitter.com/PalashC82792071
ManoneetKohli,https://twitter.com/ManoneetKohli
UI99493120,https://twitter.com/UI99493120
spring_lexy,https://twitter.com/spring_lexy
Teresa28466727,https://twitter.com/Teresa28466727
jiatlas,https://twitter.com/jiatlas
WW7563650742,https://twitter.com/WW7563650742
TheRussian716,https://twitter.com/TheRussian716
Jim41531416,https://twitter.com/Jim41531416
Fael__Martins,https://twitter.com/Fael__Martins
ZezoElngar5,https://twitter.com/ZezoElngar5
cpanda6,https://twitter.com/cpanda6
THEMAGPIE49,https://twitter.com/THEMAGPIE49
JuniorB85593556,https://twitter.com/JuniorB85593556
mix_skiez,https://twitter.com/mix_skiez
YGMyAlterEgo403,https://twitter.com/YGMyAlterEgo403
