description,hashtags,likes
,"['https://www.instagram.com/explore/tags/marryicetea/', 'https://www.instagram.com/explore/tags/carryicetea/', 'https://www.instagram.com/explore/tags/carry/', 'https://www.instagram.com/explore/tags/youngandurban/', 'https://www.instagram.com/explore/tags/youngandurbanbyspar/', 'https://www.instagram.com/explore/tags/spar/', 'https://www.instagram.com/explore/tags/spar%C3%B6sterreich/', 'https://www.instagram.com/explore/tags/sparmeetscarry/', 'https://www.instagram.com/explore/tags/zitrone/', 'https://www.instagram.com/explore/tags/holunder/', 'https://www.instagram.com/explore/tags/ceylon/', 'https://www.instagram.com/explore/tags/elderflower/', 'https://www.instagram.com/explore/tags/lemon/', 'https://www.instagram.com/explore/tags/newin/', 'https://www.instagram.com/explore/tags/fresh/', 'https://www.instagram.com/explore/tags/sommergetr%C3%A4nk/', 'https://www.instagram.com/explore/tags/grazereistee/', 'https://www.instagram.com/explore/tags/summer/', 'https://www.instagram.com/explore/tags/eistee/', 'https://www.instagram.com/explore/tags/startup/', 'https://www.instagram.com/explore/tags/zitronig/', 'https://www.instagram.com/explore/tags/frisch/', 'https://www.instagram.com/explore/tags/regional/', 'https://www.instagram.com/explore/tags/steirisch/', 'https://www.instagram.com/explore/tags/icetea/', 'https://www.instagram.com/explore/tags/iceteas/', 'https://www.instagram.com/explore/tags/icetealemon/', 'https://www.instagram.com/explore/tags/iceteatime/', 'https://www.instagram.com/explore/tags/drinks/', 'https://www.instagram.com/explore/tags/graz/']",66
,"['https://www.instagram.com/explore/tags/marryicetea/', 'https://www.instagram.com/explore/tags/carryicetea/', 'https://www.instagram.com/explore/tags/carry/', 'https://www.instagram.com/explore/tags/youngandurban/', 'https://www.instagram.com/explore/tags/youngandurbanbyspar/', 'https://www.instagram.com/explore/tags/spar/', 'https://www.instagram.com/explore/tags/spar%C3%B6sterreich/', 'https://www.instagram.com/explore/tags/sparmeetscarry/', 'https://www.instagram.com/explore/tags/zitrone/', 'https://www.instagram.com/explore/tags/holunder/', 'https://www.instagram.com/explore/tags/ceylon/', 'https://www.instagram.com/explore/tags/elderflower/', 'https://www.instagram.com/explore/tags/lemon/', 'https://www.instagram.com/explore/tags/newin/', 'https://www.instagram.com/explore/tags/fresh/', 'https://www.instagram.com/explore/tags/sommergetr%C3%A4nk/', 'https://www.instagram.com/explore/tags/grazereistee/', 'https://www.instagram.com/explore/tags/summer/', 'https://www.instagram.com/explore/tags/eistee/', 'https://www.instagram.com/explore/tags/startup/', 'https://www.instagram.com/explore/tags/zitronig/', 'https://www.instagram.com/explore/tags/frisch/', 'https://www.instagram.com/explore/tags/regional/', 'https://www.instagram.com/explore/tags/steirisch/', 'https://www.instagram.com/explore/tags/icetea/', 'https://www.instagram.com/explore/tags/iceteas/', 'https://www.instagram.com/explore/tags/icetealemon/', 'https://www.instagram.com/explore/tags/iceteatime/', 'https://www.instagram.com/explore/tags/drinks/', 'https://www.instagram.com/explore/tags/graz/']",66
,"['https://www.instagram.com/explore/tags/marryicetea/', 'https://www.instagram.com/explore/tags/carryicetea/', 'https://www.instagram.com/explore/tags/carry/', 'https://www.instagram.com/explore/tags/youngandurban/', 'https://www.instagram.com/explore/tags/youngandurbanbyspar/', 'https://www.instagram.com/explore/tags/spar/', 'https://www.instagram.com/explore/tags/spar%C3%B6sterreich/', 'https://www.instagram.com/explore/tags/sparmeetscarry/', 'https://www.instagram.com/explore/tags/zitrone/', 'https://www.instagram.com/explore/tags/holunder/', 'https://www.instagram.com/explore/tags/ceylon/', 'https://www.instagram.com/explore/tags/elderflower/', 'https://www.instagram.com/explore/tags/lemon/', 'https://www.instagram.com/explore/tags/newin/', 'https://www.instagram.com/explore/tags/fresh/', 'https://www.instagram.com/explore/tags/sommergetr%C3%A4nk/', 'https://www.instagram.com/explore/tags/grazereistee/', 'https://www.instagram.com/explore/tags/summer/', 'https://www.instagram.com/explore/tags/eistee/', 'https://www.instagram.com/explore/tags/startup/', 'https://www.instagram.com/explore/tags/zitronig/', 'https://www.instagram.com/explore/tags/frisch/', 'https://www.instagram.com/explore/tags/regional/', 'https://www.instagram.com/explore/tags/steirisch/', 'https://www.instagram.com/explore/tags/icetea/', 'https://www.instagram.com/explore/tags/iceteas/', 'https://www.instagram.com/explore/tags/icetealemon/', 'https://www.instagram.com/explore/tags/iceteatime/', 'https://www.instagram.com/explore/tags/drinks/', 'https://www.instagram.com/explore/tags/graz/']",66
,"['https://www.instagram.com/explore/tags/marryicetea/', 'https://www.instagram.com/explore/tags/carryicetea/', 'https://www.instagram.com/explore/tags/carry/', 'https://www.instagram.com/explore/tags/blacktea/', 'https://www.instagram.com/explore/tags/ceylon/', 'https://www.instagram.com/explore/tags/elder/', 'https://www.instagram.com/explore/tags/lemon/', 'https://www.instagram.com/explore/tags/zitrone/', 'https://www.instagram.com/explore/tags/kunsthaus/', 'https://www.instagram.com/explore/tags/kunsthauscaf%C3%A9/', 'https://www.instagram.com/explore/tags/kunsthauscafegraz/', 'https://www.instagram.com/explore/tags/kunsthauscaf%C3%A9meetscarry/', 'https://www.instagram.com/explore/tags/schwarztee/', 'https://www.instagram.com/explore/tags/zitrone/', 'https://www.instagram.com/explore/tags/zitronig/', 'https://www.instagram.com/explore/tags/holunder/', 'https://www.instagram.com/explore/tags/cheers/', 'https://www.instagram.com/explore/tags/erfrischung/', 'https://www.instagram.com/explore/tags/frisch/', 'https://www.instagram.com/explore/tags/lecker/', 'https://www.instagram.com/explore/tags/eistee/', 'https://www.instagram.com/explore/tags/icetea/', 'https://www.instagram.com/explore/tags/startup/', 'https://www.instagram.com/explore/tags/genussreich/', 'https://www.instagram.com/explore/tags/sommer/', 'https://www.instagram.com/explore/tags/sommergetr%C3%A4nk/', 'https://www.instagram.com/explore/tags/bestdrink/', 'https://www.instagram.com/explore/tags/genie%C3%9Fen/', 'https://www.instagram.com/explore/tags/graz/', 'https://www.instagram.com/explore/tags/partnerschaft/']",66
,"['https://www.instagram.com/explore/tags/marryicetea/', 'https://www.instagram.com/explore/tags/carryicetea/', 'https://www.instagram.com/explore/tags/carry/', 'https://www.instagram.com/explore/tags/blacktea/', 'https://www.instagram.com/explore/tags/ceylon/', 'https://www.instagram.com/explore/tags/elder/', 'https://www.instagram.com/explore/tags/lemon/', 'https://www.instagram.com/explore/tags/zitrone/', 'https://www.instagram.com/explore/tags/kunsthaus/', 'https://www.instagram.com/explore/tags/kunsthauscaf%C3%A9/', 'https://www.instagram.com/explore/tags/kunsthauscafegraz/', 'https://www.instagram.com/explore/tags/kunsthauscaf%C3%A9meetscarry/', 'https://www.instagram.com/explore/tags/schwarztee/', 'https://www.instagram.com/explore/tags/zitrone/', 'https://www.instagram.com/explore/tags/zitronig/', 'https://www.instagram.com/explore/tags/holunder/', 'https://www.instagram.com/explore/tags/cheers/', 'https://www.instagram.com/explore/tags/erfrischung/', 'https://www.instagram.com/explore/tags/frisch/', 'https://www.instagram.com/explore/tags/lecker/', 'https://www.instagram.com/explore/tags/eistee/', 'https://www.instagram.com/explore/tags/icetea/', 'https://www.instagram.com/explore/tags/startup/', 'https://www.instagram.com/explore/tags/genussreich/', 'https://www.instagram.com/explore/tags/sommer/', 'https://www.instagram.com/explore/tags/sommergetr%C3%A4nk/', 'https://www.instagram.com/explore/tags/bestdrink/', 'https://www.instagram.com/explore/tags/genie%C3%9Fen/', 'https://www.instagram.com/explore/tags/graz/', 'https://www.instagram.com/explore/tags/partnerschaft/']",66
,"['https://www.instagram.com/explore/tags/marryicetea/', 'https://www.instagram.com/explore/tags/carryicetea/', 'https://www.instagram.com/explore/tags/carry/', 'https://www.instagram.com/explore/tags/blacktea/', 'https://www.instagram.com/explore/tags/ceylon/', 'https://www.instagram.com/explore/tags/elder/', 'https://www.instagram.com/explore/tags/lemon/', 'https://www.instagram.com/explore/tags/zitrone/', 'https://www.instagram.com/explore/tags/kunsthaus/', 'https://www.instagram.com/explore/tags/kunsthauscaf%C3%A9/', 'https://www.instagram.com/explore/tags/kunsthauscafegraz/', 'https://www.instagram.com/explore/tags/kunsthauscaf%C3%A9meetscarry/', 'https://www.instagram.com/explore/tags/schwarztee/', 'https://www.instagram.com/explore/tags/zitrone/', 'https://www.instagram.com/explore/tags/zitronig/', 'https://www.instagram.com/explore/tags/holunder/', 'https://www.instagram.com/explore/tags/cheers/', 'https://www.instagram.com/explore/tags/erfrischung/', 'https://www.instagram.com/explore/tags/frisch/', 'https://www.instagram.com/explore/tags/lecker/', 'https://www.instagram.com/explore/tags/eistee/', 'https://www.instagram.com/explore/tags/icetea/', 'https://www.instagram.com/explore/tags/startup/', 'https://www.instagram.com/explore/tags/genussreich/', 'https://www.instagram.com/explore/tags/sommer/', 'https://www.instagram.com/explore/tags/sommergetr%C3%A4nk/', 'https://www.instagram.com/explore/tags/bestdrink/', 'https://www.instagram.com/explore/tags/genie%C3%9Fen/', 'https://www.instagram.com/explore/tags/graz/', 'https://www.instagram.com/explore/tags/partnerschaft/']",66
,['https://www.instagram.com/explore/tags/gewinnspiel/'],66
,['https://www.instagram.com/explore/tags/gewinnspiel/'],66
,['https://www.instagram.com/explore/tags/gewinnspiel/'],66
,"['https://www.instagram.com/explore/tags/staytuned/', 'https://www.instagram.com/explore/tags/marryicetea/', 'https://www.instagram.com/explore/tags/carryicetea/', 'https://www.instagram.com/explore/tags/carrymeetsspar/', 'https://www.instagram.com/explore/tags/carryimspar/', 'https://www.instagram.com/explore/tags/youngandurban/', 'https://www.instagram.com/explore/tags/spar/', 'https://www.instagram.com/explore/tags/spar%C3%B6sterreich/', 'https://www.instagram.com/explore/tags/news/', 'https://www.instagram.com/explore/tags/erfrischung/', 'https://www.instagram.com/explore/tags/zitronigs%C3%BC%C3%9F/', 'https://www.instagram.com/explore/tags/zitrone/', 'https://www.instagram.com/explore/tags/holunder/', 'https://www.instagram.com/explore/tags/zitroneneistee/', 'https://www.instagram.com/explore/tags/eiskalt/', 'https://www.instagram.com/explore/tags/sommergetr%C3%A4nk/', 'https://www.instagram.com/explore/tags/drink/', 'https://www.instagram.com/explore/tags/summerdrink/', 'https://www.instagram.com/explore/tags/summer/', 'https://www.instagram.com/explore/tags/summervibes/', 'https://www.instagram.com/explore/tags/erfischungsgetr%C3%A4nk/', 'https://www.instagram.com/explore/tags/regional/', 'https://www.instagram.com/explore/tags/genuss/', 'https://www.instagram.com/explore/tags/regionalergenuss/', 'https://www.instagram.com/explore/tags/ceylon/', 'https://www.instagram.com/explore/tags/elder/', 'https://www.instagram.com/explore/tags/graz/', 'https://www.instagram.com/explore/tags/grazerstartup/', 'https://www.instagram.com/explore/tags/igersgraz/', 'https://www.instagram.com/explore/tags/grazereistee/']",66
,"['https://www.instagram.com/explore/tags/staytuned/', 'https://www.instagram.com/explore/tags/marryicetea/', 'https://www.instagram.com/explore/tags/carryicetea/', 'https://www.instagram.com/explore/tags/carrymeetsspar/', 'https://www.instagram.com/explore/tags/carryimspar/', 'https://www.instagram.com/explore/tags/youngandurban/', 'https://www.instagram.com/explore/tags/spar/', 'https://www.instagram.com/explore/tags/spar%C3%B6sterreich/', 'https://www.instagram.com/explore/tags/news/', 'https://www.instagram.com/explore/tags/erfrischung/', 'https://www.instagram.com/explore/tags/zitronigs%C3%BC%C3%9F/', 'https://www.instagram.com/explore/tags/zitrone/', 'https://www.instagram.com/explore/tags/holunder/', 'https://www.instagram.com/explore/tags/zitroneneistee/', 'https://www.instagram.com/explore/tags/eiskalt/', 'https://www.instagram.com/explore/tags/sommergetr%C3%A4nk/', 'https://www.instagram.com/explore/tags/drink/', 'https://www.instagram.com/explore/tags/summerdrink/', 'https://www.instagram.com/explore/tags/summer/', 'https://www.instagram.com/explore/tags/summervibes/', 'https://www.instagram.com/explore/tags/erfischungsgetr%C3%A4nk/', 'https://www.instagram.com/explore/tags/regional/', 'https://www.instagram.com/explore/tags/genuss/', 'https://www.instagram.com/explore/tags/regionalergenuss/', 'https://www.instagram.com/explore/tags/ceylon/', 'https://www.instagram.com/explore/tags/elder/', 'https://www.instagram.com/explore/tags/graz/', 'https://www.instagram.com/explore/tags/grazerstartup/', 'https://www.instagram.com/explore/tags/igersgraz/', 'https://www.instagram.com/explore/tags/grazereistee/']",66
,"['https://www.instagram.com/explore/tags/staytuned/', 'https://www.instagram.com/explore/tags/marryicetea/', 'https://www.instagram.com/explore/tags/carryicetea/', 'https://www.instagram.com/explore/tags/carrymeetsspar/', 'https://www.instagram.com/explore/tags/carryimspar/', 'https://www.instagram.com/explore/tags/youngandurban/', 'https://www.instagram.com/explore/tags/spar/', 'https://www.instagram.com/explore/tags/spar%C3%B6sterreich/', 'https://www.instagram.com/explore/tags/news/', 'https://www.instagram.com/explore/tags/erfrischung/', 'https://www.instagram.com/explore/tags/zitronigs%C3%BC%C3%9F/', 'https://www.instagram.com/explore/tags/zitrone/', 'https://www.instagram.com/explore/tags/holunder/', 'https://www.instagram.com/explore/tags/zitroneneistee/', 'https://www.instagram.com/explore/tags/eiskalt/', 'https://www.instagram.com/explore/tags/sommergetr%C3%A4nk/', 'https://www.instagram.com/explore/tags/drink/', 'https://www.instagram.com/explore/tags/summerdrink/', 'https://www.instagram.com/explore/tags/summer/', 'https://www.instagram.com/explore/tags/summervibes/', 'https://www.instagram.com/explore/tags/erfischungsgetr%C3%A4nk/', 'https://www.instagram.com/explore/tags/regional/', 'https://www.instagram.com/explore/tags/genuss/', 'https://www.instagram.com/explore/tags/regionalergenuss/', 'https://www.instagram.com/explore/tags/ceylon/', 'https://www.instagram.com/explore/tags/elder/', 'https://www.instagram.com/explore/tags/graz/', 'https://www.instagram.com/explore/tags/grazerstartup/', 'https://www.instagram.com/explore/tags/igersgraz/', 'https://www.instagram.com/explore/tags/grazereistee/']",66
